[
{
  "model": "sessions.session",
  "pk": "0qii287p1yugbv47xgif3lofkzw6wyrg",
  "fields": {
    "session_data": ".eJxVjEEOwiAQAP_C2RC2hYIevfsGsuxupWogKe3J-HdD0oNeZybzVhH3Lce9yRoXVhcF6vTLEtJTShf8wHKvmmrZ1iXpnujDNn2rLK_r0f4NMrbctwED-tF4pgnEsDjnJYUzzwweiQ0PlgY3JpuCDYKzYesBJxECCQDq8wX22ziH:1vyr6L:Iyth9qgWnZwqMY5DIWdVZXKKNK5a8851p-zsGEYhiQY",
    "expire_date": "2026-03-21T12:49:49.950Z"
  }
},
{
  "model": "sessions.session",
  "pk": "1fdhkrbca6xahdo83fet1k16oogvhrlv",
  "fields": {
    "session_data": ".eJxVjEEOwiAQAP_C2RC2hYIevfsGsuxupWogKe3J-HdD0oNeZybzVhH3Lce9yRoXVhcF6vTLEtJTShf8wHKvmmrZ1iXpnujDNn2rLK_r0f4NMrbctwED-tF4pgnEsDjnJYUzzwweiQ0PlgY3JpuCDYKzYesBJxECCQDq8wX22ziH:1vyr6L:Iyth9qgWnZwqMY5DIWdVZXKKNK5a8851p-zsGEYhiQY",
    "expire_date": "2026-03-21T12:49:49.695Z"
  }
},
{
  "model": "sessions.session",
  "pk": "2evlzmp5v9143d6q0ubx4shiun3fzttg",
  "fields": {
    "session_data": ".eJxVjEEOwiAQAP_C2RC2hYIevfsGsuxupWogKe3J-HdD0oNeZybzVhH3Lce9yRoXVhcF6vTLEtJTShf8wHKvmmrZ1iXpnujDNn2rLK_r0f4NMrbctwED-tF4pgnEsDjnJYUzzwweiQ0PlgY3JpuCDYKzYesBJxECCQDq8wX22ziH:1w37Xo:Npa5hT84pMZsrPhaEP3vQTD2Bjfw9It3U6Wh2Yf5HaQ",
    "expire_date": "2026-04-02T07:11:48.603Z"
  }
},
{
  "model": "sessions.session",
  "pk": "lqifoaiajfhuxob7qoyacrdynnrngvt9",
  "fields": {
    "session_data": ".eJxVjEEOwiAQAP_C2RC2hYIevfsGsuxupWogKe3J-HdD0oNeZybzVhH3Lce9yRoXVhcF6vTLEtJTShf8wHKvmmrZ1iXpnujDNn2rLK_r0f4NMrbctwED-tF4pgnEsDjnJYUzzwweiQ0PlgY3JpuCDYKzYesBJxECCQDq8wX22ziH:1w1TVY:7LfOvYkNpgxN4osjW08u1UQ4mXLoFwAYWLi_lFdtKZg",
    "expire_date": "2026-03-28T18:14:40.800Z"
  }
},
{
  "model": "sessions.session",
  "pk": "qs4szujwchs7mzee44xifbchqp0pcrn9",
  "fields": {
    "session_data": ".eJxVjEEOwiAQAP_C2RC2hYIevfsGsuxupWogKe3J-HdD0oNeZybzVhH3Lce9yRoXVhcF6vTLEtJTShf8wHKvmmrZ1iXpnujDNn2rLK_r0f4NMrbctwED-tF4pgnEsDjnJYUzzwweiQ0PlgY3JpuCDYKzYesBJxECCQDq8wX22ziH:1w0sLe:RkIYohrThqnuBuIx7Pg9-56S7K8n_J-wKOeW-scalNQ",
    "expire_date": "2026-03-27T02:33:58.424Z"
  }
},
{
  "model": "accounts.user",
  "fields": {
    "password": "pbkdf2_sha256$1200000$uY04ntN5PwEutXP7I9TDj5$J/jU4jDnWrQqurp05o4PDJPfsKq7Qt+L3/AAYZ46ZbA=",
    "last_login": "2026-03-19T07:11:48.344Z",
    "is_superuser": true,
    "username": "sagar",
    "first_name": "",
    "last_name": "",
    "is_staff": true,
    "is_active": true,
    "date_joined": "2026-03-07T07:41:20.739Z",
    "email": "sagar@gmail.com",
    "auth_provider": "local",
    "google_sub": null,
    "is_artist": true,
    "is_producer": true,
    "active_role": "producer",
    "groups": [],
    "user_permissions": []
  }
},
{
  "model": "accounts.user",
  "fields": {
    "password": "pbkdf2_sha256$1200000$3BOF4QX2KT3JgVGRga0i1c$i4RJaFl15IO7Z0+6rxZhCwqUHpkgUtLVCC+kNUtfybc=",
    "last_login": null,
    "is_superuser": false,
    "username": "sagar977",
    "first_name": "",
    "last_name": "",
    "is_staff": false,
    "is_active": true,
    "date_joined": "2026-03-07T12:40:53.164Z",
    "email": "sagar977@gmail.com",
    "auth_provider": "local",
    "google_sub": null,
    "is_artist": true,
    "is_producer": true,
    "active_role": "artist",
    "groups": [],
    "user_permissions": []
  }
},
{
  "model": "accounts.user",
  "fields": {
    "password": "pbkdf2_sha256$1200000$ZueuectJ56YaIB5CfaGgIX$2AQn4KDBWJ9BviXbxfHyABZqu0plW4zO5iJ0ax3rMac=",
    "last_login": null,
    "is_superuser": false,
    "username": "debuguser17544",
    "first_name": "",
    "last_name": "",
    "is_staff": false,
    "is_active": true,
    "date_joined": "2026-03-14T16:25:41.730Z",
    "email": "debuguser17544@example.com",
    "auth_provider": "local",
    "google_sub": null,
    "is_artist": true,
    "is_producer": false,
    "active_role": "artist",
    "groups": [],
    "user_permissions": []
  }
},
{
  "model": "accounts.user",
  "fields": {
    "password": "pbkdf2_sha256$1200000$g1SClFZo1nn1sUUieNtSEC$n3SF+npa6INXw/WCnVrj8FTyKpaSp/2Wavkhcsq8sCk=",
    "last_login": null,
    "is_superuser": false,
    "username": "xxx",
    "first_name": "",
    "last_name": "",
    "is_staff": false,
    "is_active": true,
    "date_joined": "2026-03-14T17:58:02.731Z",
    "email": "xxx@xxx.com",
    "auth_provider": "local",
    "google_sub": null,
    "is_artist": true,
    "is_producer": false,
    "active_role": "artist",
    "groups": [],
    "user_permissions": []
  }
},
{
  "model": "accounts.user",
  "fields": {
    "password": "pbkdf2_sha256$1200000$VHfiZOSseurAJbLHV6lVWD$QfyOox+jRxzJZusY8D/G+TlAFIRRMlaq7l0aInbxNMY=",
    "last_login": null,
    "is_superuser": false,
    "username": "4093yoge",
    "first_name": "",
    "last_name": "",
    "is_staff": false,
    "is_active": true,
    "date_joined": "2026-03-17T17:58:45.836Z",
    "email": "4093yoge@gmail.com",
    "auth_provider": "local",
    "google_sub": null,
    "is_artist": true,
    "is_producer": true,
    "active_role": "producer",
    "groups": [],
    "user_permissions": []
  }
},
{
  "model": "accounts.user",
  "fields": {
    "password": "pbkdf2_sha256$1200000$F6rmXqBIDhJ6wqNJHqJ6Lm$h1JOcPfRypUNXEGA+kp233m/+T5+Y+fP3qDJ5VVuUbE=",
    "last_login": null,
    "is_superuser": false,
    "username": "lashang",
    "first_name": "",
    "last_name": "",
    "is_staff": false,
    "is_active": true,
    "date_joined": "2026-03-20T09:01:33.867Z",
    "email": "lashang@gmail.com",
    "auth_provider": "local",
    "google_sub": null,
    "is_artist": true,
    "is_producer": true,
    "active_role": "producer",
    "groups": [],
    "user_permissions": []
  }
},
{
  "model": "accounts.user",
  "fields": {
    "password": "!xNQuKX8y0egdHToy98FTomjQZeRvgd5eCrncpa8J",
    "last_login": null,
    "is_superuser": false,
    "username": "sagarthapamagar977",
    "first_name": "Sagar",
    "last_name": "Thapa",
    "is_staff": false,
    "is_active": true,
    "date_joined": "2026-03-22T23:44:11.022Z",
    "email": "sagarthapamagar977@gmail.com",
    "auth_provider": "google",
    "google_sub": "105488345761721453016",
    "is_artist": true,
    "is_producer": true,
    "active_role": "artist",
    "groups": [],
    "user_permissions": []
  }
},
{
  "model": "accounts.user",
  "fields": {
    "password": "!41314PtY9ZdWJEZ4vkCgUUJRJ8q0I6cVNlhhj8Zv",
    "last_login": null,
    "is_superuser": false,
    "username": "realog977",
    "first_name": "OG",
    "last_name": "Lafasworld",
    "is_staff": false,
    "is_active": true,
    "date_joined": "2026-03-22T23:45:33.052Z",
    "email": "realog977@gmail.com",
    "auth_provider": "google",
    "google_sub": "108683721693364767948",
    "is_artist": true,
    "is_producer": true,
    "active_role": "producer",
    "groups": [],
    "user_permissions": []
  }
},
{
  "model": "accounts.user",
  "fields": {
    "password": "!EiXvohw3Jq20icL76oXPGRQiQoc6oAuMys9K9s1W",
    "last_login": null,
    "is_superuser": false,
    "username": "kccmca2024",
    "first_name": "Kcc",
    "last_name": "Mca",
    "is_staff": false,
    "is_active": true,
    "date_joined": "2026-03-23T05:32:00.815Z",
    "email": "kccmca2024@gmail.com",
    "auth_provider": "google",
    "google_sub": "111330243345712644950",
    "is_artist": true,
    "is_producer": false,
    "active_role": "artist",
    "groups": [],
    "user_permissions": []
  }
},
{
  "model": "accounts.user",
  "fields": {
    "password": "!ejPuSI1DACdTVkvv8BpD2QFXRhptb4rirG3vYpH4",
    "last_login": null,
    "is_superuser": false,
    "username": "lafasworld",
    "first_name": "Sagar",
    "last_name": "Thapa",
    "is_staff": false,
    "is_active": true,
    "date_joined": "2026-03-23T07:20:30.878Z",
    "email": "lafasworld@gmail.com",
    "auth_provider": "google",
    "google_sub": "109180674216385953987",
    "is_artist": true,
    "is_producer": true,
    "active_role": "producer",
    "groups": [],
    "user_permissions": []
  }
},
{
  "model": "accounts.user",
  "fields": {
    "password": "!qC5zIEtbpbhVyGnre3v3erpewHbJ96aMJQmYrONQ",
    "last_login": null,
    "is_superuser": false,
    "username": "sagarthapagtasa",
    "first_name": "Sagar",
    "last_name": "Thapa",
    "is_staff": false,
    "is_active": true,
    "date_joined": "2026-03-23T17:52:18.911Z",
    "email": "sagarthapagtasa@gmail.com",
    "auth_provider": "google",
    "google_sub": "101777177632812180017",
    "is_artist": true,
    "is_producer": true,
    "active_role": "producer",
    "groups": [],
    "user_permissions": []
  }
},
{
  "model": "accounts.user",
  "fields": {
    "password": "!3nD9rRTifJpPL3ZF43soeNrz9DtVlJtwUorscsM7",
    "last_login": null,
    "is_superuser": false,
    "username": "sapsshiva",
    "first_name": "Shiva",
    "last_name": "saps",
    "is_staff": false,
    "is_active": true,
    "date_joined": "2026-03-24T08:03:07.563Z",
    "email": "sapsshiva@gmail.com",
    "auth_provider": "google",
    "google_sub": "109562557927283934000",
    "is_artist": true,
    "is_producer": true,
    "active_role": "producer",
    "groups": [],
    "user_permissions": []
  }
},
{
  "model": "accounts.user",
  "fields": {
    "password": "!Pg4akDV7S2Ufr8UEvsbWfG1gOSuEf9pXDWc2kcmf",
    "last_login": null,
    "is_superuser": false,
    "username": "freecodex100",
    "first_name": "Sagar",
    "last_name": "Thapa",
    "is_staff": false,
    "is_active": true,
    "date_joined": "2026-03-27T06:49:51.509Z",
    "email": "freecodex100@gmail.com",
    "auth_provider": "google",
    "google_sub": "109865330204601119065",
    "is_artist": true,
    "is_producer": true,
    "active_role": "producer",
    "groups": [],
    "user_permissions": []
  }
},
{
  "model": "accounts.artistprofile",
  "pk": 1,
  "fields": {
    "user": [
      "sagar977"
    ],
    "stage_name": "",
    "avatar_obj": "",
    "bio": "",
    "genres": "",
    "social_links": {},
    "verified": false,
    "created_at": "2026-03-07T12:40:55.328Z"
  }
},
{
  "model": "accounts.artistprofile",
  "pk": 2,
  "fields": {
    "user": [
      "sagar"
    ],
    "stage_name": "4093yoge",
    "avatar_obj": "",
    "bio": "",
    "genres": "",
    "social_links": {},
    "verified": false,
    "created_at": "2026-03-08T17:20:15.998Z"
  }
},
{
  "model": "accounts.artistprofile",
  "pk": 3,
  "fields": {
    "user": [
      "debuguser17544"
    ],
    "stage_name": "",
    "avatar_obj": "",
    "bio": "",
    "genres": "",
    "social_links": {},
    "verified": false,
    "created_at": "2026-03-14T16:25:44.803Z"
  }
},
{
  "model": "accounts.artistprofile",
  "pk": 4,
  "fields": {
    "user": [
      "xxx"
    ],
    "stage_name": "",
    "avatar_obj": "",
    "bio": "",
    "genres": "",
    "social_links": {},
    "verified": false,
    "created_at": "2026-03-14T17:58:05.031Z"
  }
},
{
  "model": "accounts.artistprofile",
  "pk": 5,
  "fields": {
    "user": [
      "4093yoge"
    ],
    "stage_name": "",
    "avatar_obj": "",
    "bio": "",
    "genres": "",
    "social_links": {},
    "verified": false,
    "created_at": "2026-03-17T17:58:47.755Z"
  }
},
{
  "model": "accounts.artistprofile",
  "pk": 6,
  "fields": {
    "user": [
      "lashang"
    ],
    "stage_name": "",
    "avatar_obj": "",
    "bio": "",
    "genres": "",
    "social_links": {},
    "verified": false,
    "created_at": "2026-03-20T09:01:36.105Z"
  }
},
{
  "model": "accounts.artistprofile",
  "pk": 7,
  "fields": {
    "user": [
      "sagarthapamagar977"
    ],
    "stage_name": "",
    "avatar_obj": "",
    "bio": "",
    "genres": "",
    "social_links": {},
    "verified": false,
    "created_at": "2026-03-22T23:44:11.291Z"
  }
},
{
  "model": "accounts.artistprofile",
  "pk": 8,
  "fields": {
    "user": [
      "realog977"
    ],
    "stage_name": "",
    "avatar_obj": "",
    "bio": "",
    "genres": "",
    "social_links": {},
    "verified": false,
    "created_at": "2026-03-22T23:45:33.231Z"
  }
},
{
  "model": "accounts.artistprofile",
  "pk": 9,
  "fields": {
    "user": [
      "kccmca2024"
    ],
    "stage_name": "",
    "avatar_obj": "",
    "bio": "",
    "genres": "",
    "social_links": {},
    "verified": false,
    "created_at": "2026-03-23T05:32:01.019Z"
  }
},
{
  "model": "accounts.artistprofile",
  "pk": 10,
  "fields": {
    "user": [
      "lafasworld"
    ],
    "stage_name": "",
    "avatar_obj": "",
    "bio": "",
    "genres": "",
    "social_links": {},
    "verified": false,
    "created_at": "2026-03-23T07:20:31.151Z"
  }
},
{
  "model": "accounts.artistprofile",
  "pk": 11,
  "fields": {
    "user": [
      "sagarthapagtasa"
    ],
    "stage_name": "Mad Villan",
    "avatar_obj": "profiles/artists/Dj_Bruce.jpg",
    "bio": "",
    "genres": "",
    "social_links": {},
    "verified": false,
    "created_at": "2026-03-23T17:52:19.327Z"
  }
},
{
  "model": "accounts.artistprofile",
  "pk": 12,
  "fields": {
    "user": [
      "sapsshiva"
    ],
    "stage_name": "",
    "avatar_obj": "",
    "bio": "",
    "genres": "",
    "social_links": {},
    "verified": false,
    "created_at": "2026-03-24T08:03:07.697Z"
  }
},
{
  "model": "accounts.artistprofile",
  "pk": 13,
  "fields": {
    "user": [
      "freecodex100"
    ],
    "stage_name": "VibyN",
    "avatar_obj": "profiles/artists/Coringa.jpg",
    "bio": "",
    "genres": "",
    "social_links": {},
    "verified": false,
    "created_at": "2026-03-27T06:49:51.653Z"
  }
},
{
  "model": "accounts.producerprofile",
  "pk": 1,
  "fields": {
    "user": [
      "sagar977"
    ],
    "producer_name": "",
    "avatar_obj": "",
    "headline": "",
    "bio": "",
    "genres": "",
    "experience_years": 0,
    "portfolio_links": {},
    "service_offerings": [],
    "featured_beat_ids": [],
    "accepts_custom_singles": true,
    "accepts_album_projects": false,
    "onboarding_notes": "",
    "verified": false,
    "rating": "0.00",
    "total_sales": 0,
    "created_at": "2026-03-07T12:40:55.412Z"
  }
},
{
  "model": "accounts.producerprofile",
  "pk": 2,
  "fields": {
    "user": [
      "sagar"
    ],
    "producer_name": "YOGE4093",
    "avatar_obj": "profiles/producers/download_40.jpg",
    "headline": "",
    "bio": "REST IN BEATS",
    "genres": "G-Funk, Emo Hip Hop, R&B, Hip Hop",
    "experience_years": 0,
    "portfolio_links": {},
    "service_offerings": [],
    "featured_beat_ids": [],
    "accepts_custom_singles": true,
    "accepts_album_projects": false,
    "onboarding_notes": "",
    "verified": false,
    "rating": "0.00",
    "total_sales": 0,
    "created_at": "2026-03-09T05:28:37.598Z"
  }
},
{
  "model": "accounts.producerprofile",
  "pk": 3,
  "fields": {
    "user": [
      "4093yoge"
    ],
    "producer_name": "4093",
    "avatar_obj": "profiles/producers/by_beanheadkid_on_instagram.jpg",
    "headline": "",
    "bio": "",
    "genres": "Afro Beat",
    "experience_years": 0,
    "portfolio_links": {},
    "service_offerings": [],
    "featured_beat_ids": [],
    "accepts_custom_singles": true,
    "accepts_album_projects": false,
    "onboarding_notes": "",
    "verified": false,
    "rating": "0.00",
    "total_sales": 0,
    "created_at": "2026-03-17T19:01:21.070Z"
  }
},
{
  "model": "accounts.producerprofile",
  "pk": 4,
  "fields": {
    "user": [
      "lashang"
    ],
    "producer_name": "Lashang",
    "avatar_obj": "profiles/producers/download_29.jpg",
    "headline": "",
    "bio": "babbal",
    "genres": "Afro Beat, Bossa Nova",
    "experience_years": 0,
    "portfolio_links": {},
    "service_offerings": [],
    "featured_beat_ids": [],
    "accepts_custom_singles": true,
    "accepts_album_projects": false,
    "onboarding_notes": "",
    "verified": false,
    "rating": "0.00",
    "total_sales": 0,
    "created_at": "2026-03-20T09:01:46.572Z"
  }
},
{
  "model": "accounts.producerprofile",
  "pk": 5,
  "fields": {
    "user": [
      "realog977"
    ],
    "producer_name": "Prod. By Wiz",
    "avatar_obj": "profiles/producers/download_4.jpg",
    "headline": "",
    "bio": "",
    "genres": "",
    "experience_years": 0,
    "portfolio_links": {},
    "service_offerings": [],
    "featured_beat_ids": [],
    "accepts_custom_singles": true,
    "accepts_album_projects": false,
    "onboarding_notes": "",
    "verified": false,
    "rating": "0.00",
    "total_sales": 0,
    "created_at": "2026-03-22T23:57:04.697Z"
  }
},
{
  "model": "accounts.producerprofile",
  "pk": 6,
  "fields": {
    "user": [
      "lafasworld"
    ],
    "producer_name": "Lafasworld",
    "avatar_obj": "profiles/producers/State_of_mind.jpg",
    "headline": "",
    "bio": "",
    "genres": "",
    "experience_years": 0,
    "portfolio_links": {},
    "service_offerings": [],
    "featured_beat_ids": [],
    "accepts_custom_singles": true,
    "accepts_album_projects": false,
    "onboarding_notes": "",
    "verified": false,
    "rating": "0.00",
    "total_sales": 0,
    "created_at": "2026-03-23T18:53:36.274Z"
  }
},
{
  "model": "accounts.producerprofile",
  "pk": 7,
  "fields": {
    "user": [
      "sapsshiva"
    ],
    "producer_name": "",
    "avatar_obj": "",
    "headline": "",
    "bio": "",
    "genres": "",
    "experience_years": 0,
    "portfolio_links": {},
    "service_offerings": [],
    "featured_beat_ids": [],
    "accepts_custom_singles": true,
    "accepts_album_projects": false,
    "onboarding_notes": "",
    "verified": false,
    "rating": "0.00",
    "total_sales": 0,
    "created_at": "2026-03-24T08:03:21.772Z"
  }
},
{
  "model": "accounts.producerprofile",
  "pk": 8,
  "fields": {
    "user": [
      "sagarthapagtasa"
    ],
    "producer_name": "GTA San -Andrias",
    "avatar_obj": "profiles/producers/download_24.jpg",
    "headline": "",
    "bio": "",
    "genres": "Drill, Experimental Hip Hop, Hip Hop Soul, Hip Hop",
    "experience_years": 0,
    "portfolio_links": {},
    "service_offerings": [],
    "featured_beat_ids": [],
    "accepts_custom_singles": true,
    "accepts_album_projects": false,
    "onboarding_notes": "",
    "verified": false,
    "rating": "0.00",
    "total_sales": 0,
    "created_at": "2026-03-24T13:49:41.207Z"
  }
},
{
  "model": "accounts.producerprofile",
  "pk": 9,
  "fields": {
    "user": [
      "freecodex100"
    ],
    "producer_name": "VibyN",
    "avatar_obj": "profiles/producers/Coringa.jpg",
    "headline": "",
    "bio": "Nepali Producer",
    "genres": "Hip Hop, Lo-Fi, R&B",
    "experience_years": 0,
    "portfolio_links": {},
    "service_offerings": [],
    "featured_beat_ids": [],
    "accepts_custom_singles": true,
    "accepts_album_projects": false,
    "onboarding_notes": "",
    "verified": false,
    "rating": "0.00",
    "total_sales": 0,
    "created_at": "2026-03-27T07:04:31.754Z"
  }
},
{
  "model": "accounts.producerprofile",
  "pk": 10,
  "fields": {
    "user": [
      "sagarthapamagar977"
    ],
    "producer_name": "Big-Hero",
    "avatar_obj": "profiles/producers/swirty.jpg",
    "headline": "",
    "bio": "",
    "genres": "",
    "experience_years": 0,
    "portfolio_links": {},
    "service_offerings": [],
    "featured_beat_ids": [],
    "accepts_custom_singles": true,
    "accepts_album_projects": false,
    "onboarding_notes": "",
    "verified": false,
    "rating": "0.00",
    "total_sales": 0,
    "created_at": "2026-03-27T14:34:31.278Z"
  }
},
{
  "model": "accounts.producerfollow",
  "pk": 1,
  "fields": {
    "artist": [
      "sagar"
    ],
    "producer": [
      "lashang"
    ],
    "created_at": "2026-03-23T08:11:06.541Z"
  }
},
{
  "model": "accounts.producerfollow",
  "pk": 2,
  "fields": {
    "artist": [
      "sagarthapagtasa"
    ],
    "producer": [
      "lashang"
    ],
    "created_at": "2026-03-23T18:14:20.320Z"
  }
},
{
  "model": "accounts.producerfollow",
  "pk": 3,
  "fields": {
    "artist": [
      "lafasworld"
    ],
    "producer": [
      "lashang"
    ],
    "created_at": "2026-03-23T19:28:00.305Z"
  }
},
{
  "model": "accounts.beatlike",
  "pk": 11,
  "fields": {
    "user": [
      "sagar"
    ],
    "beat": 6,
    "created_at": "2026-03-19T18:55:06.620Z"
  }
},
{
  "model": "accounts.beatlike",
  "pk": 12,
  "fields": {
    "user": [
      "sagar"
    ],
    "beat": 11,
    "created_at": "2026-03-19T21:41:57.946Z"
  }
},
{
  "model": "accounts.beatlike",
  "pk": 13,
  "fields": {
    "user": [
      "sagar"
    ],
    "beat": 10,
    "created_at": "2026-03-19T21:44:28.364Z"
  }
},
{
  "model": "accounts.beatlike",
  "pk": 14,
  "fields": {
    "user": [
      "lashang"
    ],
    "beat": 12,
    "created_at": "2026-03-20T12:49:53.759Z"
  }
},
{
  "model": "accounts.beatlike",
  "pk": 15,
  "fields": {
    "user": [
      "lashang"
    ],
    "beat": 17,
    "created_at": "2026-03-20T17:09:30.894Z"
  }
},
{
  "model": "accounts.beatlike",
  "pk": 16,
  "fields": {
    "user": [
      "lashang"
    ],
    "beat": 16,
    "created_at": "2026-03-20T17:09:43.751Z"
  }
},
{
  "model": "accounts.beatlike",
  "pk": 17,
  "fields": {
    "user": [
      "sagar"
    ],
    "beat": 17,
    "created_at": "2026-03-20T17:10:40.917Z"
  }
},
{
  "model": "accounts.beatlike",
  "pk": 18,
  "fields": {
    "user": [
      "sagar"
    ],
    "beat": 16,
    "created_at": "2026-03-20T17:10:46.024Z"
  }
},
{
  "model": "accounts.beatlike",
  "pk": 19,
  "fields": {
    "user": [
      "sagar"
    ],
    "beat": 14,
    "created_at": "2026-03-20T17:11:31.491Z"
  }
},
{
  "model": "accounts.beatlike",
  "pk": 20,
  "fields": {
    "user": [
      "sagar"
    ],
    "beat": 18,
    "created_at": "2026-03-20T17:12:34.269Z"
  }
},
{
  "model": "accounts.beatlike",
  "pk": 21,
  "fields": {
    "user": [
      "sagar"
    ],
    "beat": 19,
    "created_at": "2026-03-21T17:35:02.844Z"
  }
},
{
  "model": "accounts.beatlike",
  "pk": 22,
  "fields": {
    "user": [
      "realog977"
    ],
    "beat": 19,
    "created_at": "2026-03-23T00:25:29.842Z"
  }
},
{
  "model": "accounts.beatlike",
  "pk": 23,
  "fields": {
    "user": [
      "sagar"
    ],
    "beat": 9,
    "created_at": "2026-03-26T19:50:52.612Z"
  }
},
{
  "model": "accounts.beatlike",
  "pk": 24,
  "fields": {
    "user": [
      "4093yoge"
    ],
    "beat": 19,
    "created_at": "2026-03-27T05:28:41.364Z"
  }
},
{
  "model": "accounts.beatlike",
  "pk": 25,
  "fields": {
    "user": [
      "4093yoge"
    ],
    "beat": 10,
    "created_at": "2026-03-27T08:32:28.739Z"
  }
},
{
  "model": "accounts.beatlike",
  "pk": 27,
  "fields": {
    "user": [
      "sagarthapagtasa"
    ],
    "beat": 20,
    "created_at": "2026-03-27T20:55:39.422Z"
  }
},
{
  "model": "accounts.usernotification",
  "pk": 1,
  "fields": {
    "user": [
      "lashang"
    ],
    "actor": [
      "sagar"
    ],
    "beat": 17,
    "notification_type": "beat_liked",
    "message": "sagar liked your beat up in the sky.",
    "is_read": false,
    "created_at": "2026-03-20T17:10:41.105Z"
  }
},
{
  "model": "accounts.usernotification",
  "pk": 2,
  "fields": {
    "user": [
      "lashang"
    ],
    "actor": [
      "sagar"
    ],
    "beat": 16,
    "notification_type": "beat_liked",
    "message": "sagar liked your beat high times.",
    "is_read": false,
    "created_at": "2026-03-20T17:10:46.186Z"
  }
},
{
  "model": "accounts.usernotification",
  "pk": 3,
  "fields": {
    "user": [
      "lashang"
    ],
    "actor": [
      "sagar"
    ],
    "beat": 14,
    "notification_type": "beat_liked",
    "message": "sagar liked your beat ktm grime.",
    "is_read": false,
    "created_at": "2026-03-20T17:11:31.714Z"
  }
},
{
  "model": "accounts.usernotification",
  "pk": 4,
  "fields": {
    "user": [
      "lashang"
    ],
    "actor": [
      "sagar"
    ],
    "beat": 18,
    "notification_type": "beat_liked",
    "message": "sagar liked your beat cyclone.",
    "is_read": false,
    "created_at": "2026-03-20T17:12:34.440Z"
  }
},
{
  "model": "accounts.usernotification",
  "pk": 5,
  "fields": {
    "user": [
      "sagar"
    ],
    "actor": [
      "realog977"
    ],
    "beat": 19,
    "notification_type": "beat_liked",
    "message": "realog977 liked your beat 1974 AD.",
    "is_read": true,
    "created_at": "2026-03-23T00:25:30.065Z"
  }
},
{
  "model": "accounts.usernotification",
  "pk": 6,
  "fields": {
    "user": [
      "lashang"
    ],
    "actor": [
      "sagar"
    ],
    "beat": null,
    "notification_type": "producer_followed",
    "message": "sagar followed your producer profile.",
    "is_read": false,
    "created_at": "2026-03-23T08:11:06.726Z"
  }
},
{
  "model": "accounts.usernotification",
  "pk": 7,
  "fields": {
    "user": [
      "lashang"
    ],
    "actor": [
      "sagarthapagtasa"
    ],
    "beat": null,
    "notification_type": "producer_followed",
    "message": "sagarthapagtasa followed your producer profile.",
    "is_read": false,
    "created_at": "2026-03-23T18:14:20.486Z"
  }
},
{
  "model": "accounts.usernotification",
  "pk": 8,
  "fields": {
    "user": [
      "lashang"
    ],
    "actor": [
      "lafasworld"
    ],
    "beat": null,
    "notification_type": "producer_followed",
    "message": "lafasworld followed your producer profile.",
    "is_read": false,
    "created_at": "2026-03-23T19:28:00.566Z"
  }
},
{
  "model": "accounts.usernotification",
  "pk": 9,
  "fields": {
    "user": [
      "sagar"
    ],
    "actor": [
      "4093yoge"
    ],
    "beat": 19,
    "notification_type": "beat_liked",
    "message": "4093yoge liked your beat 1974 AD.",
    "is_read": true,
    "created_at": "2026-03-27T05:28:41.435Z"
  }
},
{
  "model": "accounts.usernotification",
  "pk": 10,
  "fields": {
    "user": [
      "sagar"
    ],
    "actor": [
      "4093yoge"
    ],
    "beat": 10,
    "notification_type": "beat_liked",
    "message": "4093yoge liked your beat uzi shots.",
    "is_read": true,
    "created_at": "2026-03-27T08:32:28.829Z"
  }
},
{
  "model": "accounts.usernotification",
  "pk": 11,
  "fields": {
    "user": [
      "freecodex100"
    ],
    "actor": [
      "sagar"
    ],
    "beat": null,
    "notification_type": "project_proposal_accepted",
    "message": "sagar accepted your offer for BOM BHOLE.",
    "is_read": false,
    "created_at": "2026-03-27T08:55:04.468Z"
  }
},
{
  "model": "accounts.usernotification",
  "pk": 12,
  "fields": {
    "user": [
      "freecodex100"
    ],
    "actor": [
      "sagarthapagtasa"
    ],
    "beat": 20,
    "notification_type": "beat_liked",
    "message": "sagarthapagtasa liked your beat yeti chokho neplai sampled beat.",
    "is_read": false,
    "created_at": "2026-03-27T20:55:37.841Z"
  }
},
{
  "model": "accounts.usernotification",
  "pk": 13,
  "fields": {
    "user": [
      "freecodex100"
    ],
    "actor": [
      "sagarthapagtasa"
    ],
    "beat": 20,
    "notification_type": "beat_liked",
    "message": "sagarthapagtasa liked your beat yeti chokho neplai sampled beat.",
    "is_read": false,
    "created_at": "2026-03-27T20:55:39.626Z"
  }
},
{
  "model": "accounts.librarylistenlater",
  "pk": 1,
  "fields": {
    "user": [
      "sagar"
    ],
    "beat": 9,
    "created_at": "2026-03-24T08:26:42.589Z"
  }
},
{
  "model": "accounts.librarylistenlater",
  "pk": 2,
  "fields": {
    "user": [
      "sagar"
    ],
    "beat": 11,
    "created_at": "2026-03-24T08:26:57.949Z"
  }
},
{
  "model": "accounts.libraryplaylist",
  "pk": 1,
  "fields": {
    "owner": [
      "sagar"
    ],
    "name": "baddie",
    "created_at": "2026-03-24T08:26:58.152Z",
    "updated_at": "2026-03-24T08:26:58.152Z"
  }
},
{
  "model": "accounts.libraryplaylistitem",
  "pk": 2,
  "fields": {
    "playlist": 1,
    "beat": 11,
    "created_at": "2026-03-24T08:26:58.885Z"
  }
},
{
  "model": "accounts.libraryplaylistitem",
  "pk": 3,
  "fields": {
    "playlist": 1,
    "beat": 18,
    "created_at": "2026-03-27T17:08:26.260Z"
  }
},
{
  "model": "accounts.libraryplaylistitem",
  "pk": 4,
  "fields": {
    "playlist": 1,
    "beat": 19,
    "created_at": "2026-03-27T17:09:11.599Z"
  }
},
{
  "model": "beats.licensetype",
  "pk": 1,
  "fields": {
    "name": "WAV",
    "description": "",
    "streams_limit": null,
    "includes_wav": true,
    "includes_stems": false,
    "is_exclusive": false,
    "beat_removed_on_purchase": false
  }
},
{
  "model": "beats.licensetype",
  "pk": 2,
  "fields": {
    "name": "WAV + STEMS",
    "description": "",
    "streams_limit": null,
    "includes_wav": true,
    "includes_stems": true,
    "is_exclusive": false,
    "beat_removed_on_purchase": false
  }
},
{
  "model": "beats.licensetype",
  "pk": 3,
  "fields": {
    "name": "EXCLUSIVE",
    "description": "",
    "streams_limit": null,
    "includes_wav": true,
    "includes_stems": true,
    "is_exclusive": true,
    "beat_removed_on_purchase": true
  }
},
{
  "model": "beats.beattag",
  "pk": 1,
  "fields": {
    "name": "drill"
  }
},
{
  "model": "beats.beattag",
  "pk": 2,
  "fields": {
    "name": "anger"
  }
},
{
  "model": "beats.beattag",
  "pk": 3,
  "fields": {
    "name": "lofi"
  }
},
{
  "model": "beats.beattag",
  "pk": 4,
  "fields": {
    "name": "study"
  }
},
{
  "model": "beats.beattag",
  "pk": 5,
  "fields": {
    "name": "love"
  }
},
{
  "model": "beats.beattag",
  "pk": 6,
  "fields": {
    "name": "plug"
  }
},
{
  "model": "beats.beattag",
  "pk": 7,
  "fields": {
    "name": "high'"
  }
},
{
  "model": "beats.beattag",
  "pk": 8,
  "fields": {
    "name": "shots"
  }
},
{
  "model": "beats.beattag",
  "pk": 9,
  "fields": {
    "name": "local nepali"
  }
},
{
  "model": "beats.beattag",
  "pk": 10,
  "fields": {
    "name": "madal"
  }
},
{
  "model": "beats.beattag",
  "pk": 11,
  "fields": {
    "name": "bansuri"
  }
},
{
  "model": "beats.beattag",
  "pk": 12,
  "fields": {
    "name": "afro"
  }
},
{
  "model": "beats.beattag",
  "pk": 13,
  "fields": {
    "name": "beat"
  }
},
{
  "model": "beats.beattag",
  "pk": 14,
  "fields": {
    "name": "hard"
  }
},
{
  "model": "beats.beattag",
  "pk": 15,
  "fields": {
    "name": "pop"
  }
},
{
  "model": "beats.beattag",
  "pk": 16,
  "fields": {
    "name": "nepali"
  }
},
{
  "model": "beats.beattag",
  "pk": 17,
  "fields": {
    "name": "ktm"
  }
},
{
  "model": "beats.beattag",
  "pk": 18,
  "fields": {
    "name": "afrp"
  }
},
{
  "model": "beats.beattag",
  "pk": 19,
  "fields": {
    "name": "upbeat"
  }
},
{
  "model": "beats.beattag",
  "pk": 20,
  "fields": {
    "name": "rnb"
  }
},
{
  "model": "beats.beattag",
  "pk": 21,
  "fields": {
    "name": "hello"
  }
},
{
  "model": "beats.beattag",
  "pk": 22,
  "fields": {
    "name": "high"
  }
},
{
  "model": "beats.beattag",
  "pk": 23,
  "fields": {
    "name": "acousitc"
  }
},
{
  "model": "beats.beattag",
  "pk": 24,
  "fields": {
    "name": "guitar"
  }
},
{
  "model": "beats.beattag",
  "pk": 25,
  "fields": {
    "name": "piano"
  }
},
{
  "model": "beats.beattag",
  "pk": 26,
  "fields": {
    "name": "babbal"
  }
},
{
  "model": "beats.beattag",
  "pk": 27,
  "fields": {
    "name": "band song"
  }
},
{
  "model": "beats.beattag",
  "pk": 28,
  "fields": {
    "name": "lo-fi"
  }
},
{
  "model": "beats.featuredcoverphoto",
  "pk": 1,
  "fields": {
    "title": "#hopecore #asilentvoice #aesthetic",
    "image": "beats/featured-covers/hopecore_asilentvoice_aesthetic.jpg",
    "checksum": "604ad8a344f35d58cbf6c78f453fc4e35376c4d0c76b66dc16ecaa741720c72b",
    "is_active": true,
    "created_at": "2026-03-19T17:52:32.797Z"
  }
},
{
  "model": "beats.featuredcoverphoto",
  "pk": 2,
  "fields": {
    "title": "#miau",
    "image": "beats/featured-covers/miau.jpg",
    "checksum": "0b823c9f29d7801370c9ef137e61a9de83bbdfe27389b6eb73c6037e82e41b58",
    "is_active": true,
    "created_at": "2026-03-19T17:52:33.247Z"
  }
},
{
  "model": "beats.featuredcoverphoto",
  "pk": 3,
  "fields": {
    "title": "7",
    "image": "beats/featured-covers/7.jpg",
    "checksum": "65a7f7579a1f2235aa231e075b8aad68c581d653dffce8981b6c9a94489c0527",
    "is_active": true,
    "created_at": "2026-03-19T17:52:33.373Z"
  }
},
{
  "model": "beats.featuredcoverphoto",
  "pk": 4,
  "fields": {
    "title": "Average radiohead listening expirience",
    "image": "beats/featured-covers/Average_radiohead_listening_expirience.jpg",
    "checksum": "e77cc34a0811bc56bc6a60a245b1ebdfa5141b63d5afe417d9f8976d0e2a2ea7",
    "is_active": true,
    "created_at": "2026-03-19T17:52:33.490Z"
  }
},
{
  "model": "beats.featuredcoverphoto",
  "pk": 5,
  "fields": {
    "title": "bruce wayne",
    "image": "beats/featured-covers/bruce_wayne.jpg",
    "checksum": "d76a27ed2debffc34d01f6c9c3bf03f06da20c6e9b52250ae7d40bb2bb0e3605",
    "is_active": true,
    "created_at": "2026-03-19T17:52:33.628Z"
  }
},
{
  "model": "beats.featuredcoverphoto",
  "pk": 6,
  "fields": {
    "title": "c9ol",
    "image": "beats/featured-covers/c9ol.jpg",
    "checksum": "797733bd7a55bbea2cb020883f425be8ab0c09a5df4922c21095cb02354dcd78",
    "is_active": true,
    "created_at": "2026-03-19T17:52:33.751Z"
  }
},
{
  "model": "beats.featuredcoverphoto",
  "pk": 7,
  "fields": {
    "title": "car vibes",
    "image": "beats/featured-covers/car_vibes.jpg",
    "checksum": "344bf36c75ade57f47bc2e686705d6d2cc4d624218a77a1b87406f79e3e86860",
    "is_active": true,
    "created_at": "2026-03-19T17:52:33.865Z"
  }
},
{
  "model": "beats.featuredcoverphoto",
  "pk": 8,
  "fields": {
    "title": "Clear Music",
    "image": "beats/featured-covers/Clear_Music.jpg",
    "checksum": "6798815f3b46e7854fd043b0a392c0dd8132d13ff5a98111002d89fe22fa52f8",
    "is_active": true,
    "created_at": "2026-03-19T17:52:33.982Z"
  }
},
{
  "model": "beats.featuredcoverphoto",
  "pk": 9,
  "fields": {
    "title": "Cute Snoppy Plush ❤️_🩹",
    "image": "beats/featured-covers/Cute_Snoppy_Plush__.jpg",
    "checksum": "9297daaf54fc25482f5977eec164411c75e23645bf8395876da11051a637690f",
    "is_active": true,
    "created_at": "2026-03-19T17:52:34.105Z"
  }
},
{
  "model": "beats.featuredcoverphoto",
  "pk": 10,
  "fields": {
    "title": "download (1)",
    "image": "beats/featured-covers/download_1.jpg",
    "checksum": "4b9ae97aa0221c3944106255f72aa5102cedb587951cc917358cf4c0e02f6fad",
    "is_active": true,
    "created_at": "2026-03-19T17:52:34.246Z"
  }
},
{
  "model": "beats.featuredcoverphoto",
  "pk": 11,
  "fields": {
    "title": "download (2)",
    "image": "beats/featured-covers/download_2.jpg",
    "checksum": "d6cb10304e388fe3773285785d907ea974ac6b694124e97b5c6691e2ecc319cd",
    "is_active": true,
    "created_at": "2026-03-19T17:52:34.345Z"
  }
},
{
  "model": "beats.featuredcoverphoto",
  "pk": 12,
  "fields": {
    "title": "download (3)",
    "image": "beats/featured-covers/download_3.jpg",
    "checksum": "4459e2e535b2bdcda0381b3f97b55caf0ccb966adc56c986114f94c434cfa9f6",
    "is_active": true,
    "created_at": "2026-03-19T17:52:34.455Z"
  }
},
{
  "model": "beats.featuredcoverphoto",
  "pk": 13,
  "fields": {
    "title": "download (4)",
    "image": "beats/featured-covers/download_4.jpg",
    "checksum": "5cf4ca92af50aa0d9074d2ffb6b5fb2e2ebb5806eacc01a464cac745ba85d49b",
    "is_active": true,
    "created_at": "2026-03-19T17:52:34.595Z"
  }
},
{
  "model": "beats.featuredcoverphoto",
  "pk": 14,
  "fields": {
    "title": "download (5)",
    "image": "beats/featured-covers/download_5.jpg",
    "checksum": "faaf94a0e1d5f37ee7a065d4685b6f85b0557f21daefa704e54e98965dc3ac2c",
    "is_active": true,
    "created_at": "2026-03-19T17:52:34.734Z"
  }
},
{
  "model": "beats.featuredcoverphoto",
  "pk": 15,
  "fields": {
    "title": "download (6)",
    "image": "beats/featured-covers/download_6.jpg",
    "checksum": "2915c1381475b4ba06822ecb3a71ca42e31c2d91c9aefef79e54bc09c224ae41",
    "is_active": true,
    "created_at": "2026-03-19T17:52:34.865Z"
  }
},
{
  "model": "beats.featuredcoverphoto",
  "pk": 16,
  "fields": {
    "title": "download (7)",
    "image": "beats/featured-covers/download_7.jpg",
    "checksum": "907c8ab50381c3bde45544cdb86e82287c0cec78095a06ca651e64fadb2c5d8a",
    "is_active": true,
    "created_at": "2026-03-19T17:52:34.983Z"
  }
},
{
  "model": "beats.featuredcoverphoto",
  "pk": 17,
  "fields": {
    "title": "download (8)",
    "image": "beats/featured-covers/download_8.jpg",
    "checksum": "8e1306d81b8bbcc96407660dc51437e9954b3835a4ec7754ef701e28548d7972",
    "is_active": true,
    "created_at": "2026-03-19T17:52:35.121Z"
  }
},
{
  "model": "beats.featuredcoverphoto",
  "pk": 18,
  "fields": {
    "title": "download (9)",
    "image": "beats/featured-covers/download_9.jpg",
    "checksum": "34af6384922ce086df8f250971f37f7030ec87aebb15fc0429664f6137ee05c4",
    "is_active": true,
    "created_at": "2026-03-19T17:52:35.247Z"
  }
},
{
  "model": "beats.featuredcoverphoto",
  "pk": 19,
  "fields": {
    "title": "download (10)",
    "image": "beats/featured-covers/download_10.jpg",
    "checksum": "7e400bad1ff5587bbf0fff643e57ddeb40608d8b4ec0864d3e281ee439e38007",
    "is_active": true,
    "created_at": "2026-03-19T17:52:35.440Z"
  }
},
{
  "model": "beats.featuredcoverphoto",
  "pk": 20,
  "fields": {
    "title": "download (11)",
    "image": "beats/featured-covers/download_11.jpg",
    "checksum": "1b9ff77910d53f892ac930e02738536591fe4ca8caf7131372b4abdea5d628cf",
    "is_active": true,
    "created_at": "2026-03-19T17:52:35.587Z"
  }
},
{
  "model": "beats.featuredcoverphoto",
  "pk": 21,
  "fields": {
    "title": "download (12)",
    "image": "beats/featured-covers/download_12.jpg",
    "checksum": "300364bcf29bccce1ab367508faea306e150714914c4edef93a3decd839d3902",
    "is_active": true,
    "created_at": "2026-03-19T17:52:35.718Z"
  }
},
{
  "model": "beats.featuredcoverphoto",
  "pk": 22,
  "fields": {
    "title": "download (13)",
    "image": "beats/featured-covers/download_13.jpg",
    "checksum": "985c36b9a01280f5b471ea94d046af536f7c7290a839b35e7fca95ee5a137fab",
    "is_active": true,
    "created_at": "2026-03-19T17:52:35.859Z"
  }
},
{
  "model": "beats.featuredcoverphoto",
  "pk": 23,
  "fields": {
    "title": "download (14)",
    "image": "beats/featured-covers/download_14.jpg",
    "checksum": "60a7fc6c319d6ff8fb70ea42f9fdd7832574f44cf62817330f9006741cb09366",
    "is_active": true,
    "created_at": "2026-03-19T17:52:35.990Z"
  }
},
{
  "model": "beats.featuredcoverphoto",
  "pk": 24,
  "fields": {
    "title": "download (15)",
    "image": "beats/featured-covers/download_15.jpg",
    "checksum": "4769dc2dad7d4039a2e6611b9f8f4d52e7e4306bf0025b2091867baadfca3651",
    "is_active": true,
    "created_at": "2026-03-19T17:52:36.136Z"
  }
},
{
  "model": "beats.featuredcoverphoto",
  "pk": 25,
  "fields": {
    "title": "download (16)",
    "image": "beats/featured-covers/download_16.jpg",
    "checksum": "1acaf481e148923d4c58be43178e8e3aa7876702356e695eb83a33e549ce0db8",
    "is_active": true,
    "created_at": "2026-03-19T17:52:36.276Z"
  }
},
{
  "model": "beats.featuredcoverphoto",
  "pk": 26,
  "fields": {
    "title": "download (17)",
    "image": "beats/featured-covers/download_17.jpg",
    "checksum": "09af582a29dc1d5ffc9c92e55046ca5a7a33073dc85355b55026ec02a2b209fc",
    "is_active": true,
    "created_at": "2026-03-19T17:52:36.404Z"
  }
},
{
  "model": "beats.featuredcoverphoto",
  "pk": 27,
  "fields": {
    "title": "download (18)",
    "image": "beats/featured-covers/download_18.jpg",
    "checksum": "ccf0ba9141cb064aa7782f8855c5a919e1a2062307370778f19d049d5ac95367",
    "is_active": true,
    "created_at": "2026-03-19T17:52:36.545Z"
  }
},
{
  "model": "beats.featuredcoverphoto",
  "pk": 28,
  "fields": {
    "title": "download (19)",
    "image": "beats/featured-covers/download_19.jpg",
    "checksum": "f5d002f5517a3a0fe0053d817d4bf8110e7d9346a2c670d81f2eb1f6ff71086a",
    "is_active": true,
    "created_at": "2026-03-19T17:52:36.724Z"
  }
},
{
  "model": "beats.featuredcoverphoto",
  "pk": 29,
  "fields": {
    "title": "download (20)",
    "image": "beats/featured-covers/download_20.jpg",
    "checksum": "5c0a6d9de7697f63444321b2d0a6546523238cf9cb9d0bb1aa80a3eac253a8d8",
    "is_active": true,
    "created_at": "2026-03-19T17:52:36.822Z"
  }
},
{
  "model": "beats.featuredcoverphoto",
  "pk": 30,
  "fields": {
    "title": "download (21)",
    "image": "beats/featured-covers/download_21.jpg",
    "checksum": "2a133cd75ea048406aa189a9f6342ab004a7730c73e2ce288392c43fbec85664",
    "is_active": true,
    "created_at": "2026-03-19T17:52:36.954Z"
  }
},
{
  "model": "beats.featuredcoverphoto",
  "pk": 31,
  "fields": {
    "title": "download (22)",
    "image": "beats/featured-covers/download_22.jpg",
    "checksum": "134c6186990d490953f3728186e95376716502b46d94e7c90eeb053f5866ab82",
    "is_active": true,
    "created_at": "2026-03-19T17:52:37.098Z"
  }
},
{
  "model": "beats.featuredcoverphoto",
  "pk": 32,
  "fields": {
    "title": "download (23)",
    "image": "beats/featured-covers/download_23.jpg",
    "checksum": "3f16c47140eba15980d2a4270da228dcc1a922c58cc7f8378d1110687164c76c",
    "is_active": true,
    "created_at": "2026-03-19T17:52:37.250Z"
  }
},
{
  "model": "beats.featuredcoverphoto",
  "pk": 33,
  "fields": {
    "title": "download (24)",
    "image": "beats/featured-covers/download_24.jpg",
    "checksum": "0c2904d75dc04e3502fe26f0f265c443640b7eb6594fa24b47d6f9b945ec47c2",
    "is_active": true,
    "created_at": "2026-03-19T17:52:37.381Z"
  }
},
{
  "model": "beats.featuredcoverphoto",
  "pk": 34,
  "fields": {
    "title": "download",
    "image": "beats/featured-covers/download.jpg",
    "checksum": "dabba2307677d9e20224305f2ff484de2cb1a0cc90c5a297245aa2b37d7dd88d",
    "is_active": true,
    "created_at": "2026-03-19T17:52:37.520Z"
  }
},
{
  "model": "beats.featuredcoverphoto",
  "pk": 35,
  "fields": {
    "title": "playlist cover",
    "image": "beats/featured-covers/playlist_cover.jpg",
    "checksum": "d62f75771ba5df1ea3375c1d7b187c73a090878b513abaf744aeef8388f429b6",
    "is_active": true,
    "created_at": "2026-03-19T17:52:37.680Z"
  }
},
{
  "model": "beats.featuredcoverphoto",
  "pk": 36,
  "fields": {
    "title": "SNOOPY ✨✨",
    "image": "beats/featured-covers/SNOOPY_.jpg",
    "checksum": "6ed8a13ffa1d9a5890639837f09ff99876491b9cd5a27e14d79a26809d8ecc7d",
    "is_active": true,
    "created_at": "2026-03-19T17:52:37.822Z"
  }
},
{
  "model": "beats.featuredcoverphoto",
  "pk": 37,
  "fields": {
    "title": "Vroom vroom",
    "image": "beats/featured-covers/Vroom_vroom.jpg",
    "checksum": "bb130f7295677c1e93d3db5029958f7eda0d5803fbbdb015faca24a0a5764795",
    "is_active": true,
    "created_at": "2026-03-19T17:52:37.975Z"
  }
},
{
  "model": "beats.featuredcoverphoto",
  "pk": 38,
  "fields": {
    "title": "Пин на доске _5bf",
    "image": "beats/featured-covers/Пин_на_доске__5bf.jpg",
    "checksum": "59928c5d539172cddac2ec97bd66eb29686127d0a5f648581613a7a2a4db6888",
    "is_active": true,
    "created_at": "2026-03-19T17:52:38.148Z"
  }
},
{
  "model": "beats.featuredcoverphoto",
  "pk": 39,
  "fields": {
    "title": "download (45)",
    "image": "beats/featured-covers/download_45.jpg",
    "checksum": "3ff359a2d5ef04176a79064c1daec1a03609ffd4e335d2c63362c482cd355846",
    "is_active": true,
    "created_at": "2026-03-19T20:46:11.021Z"
  }
},
{
  "model": "beats.featuredcoverphoto",
  "pk": 40,
  "fields": {
    "title": "download (44)",
    "image": "beats/featured-covers/download_44.jpg",
    "checksum": "d0c930fb90ee236f13a0661b5038f28181a9947e2e70839f57cf02c2a00bdad5",
    "is_active": true,
    "created_at": "2026-03-19T20:46:11.216Z"
  }
},
{
  "model": "beats.featuredcoverphoto",
  "pk": 41,
  "fields": {
    "title": "download (43)",
    "image": "beats/featured-covers/download_43.jpg",
    "checksum": "ed96cdd695b285edca944c834d9813cf5dc097dc3f67af0f096d143d5eca61a7",
    "is_active": true,
    "created_at": "2026-03-19T20:46:11.298Z"
  }
},
{
  "model": "beats.featuredcoverphoto",
  "pk": 42,
  "fields": {
    "title": "download (42)",
    "image": "beats/featured-covers/download_42.jpg",
    "checksum": "104ee173dd6c93b953ed33741fab1dbeac6ed2c4963de94489d270c126032f9e",
    "is_active": true,
    "created_at": "2026-03-19T20:46:11.386Z"
  }
},
{
  "model": "beats.featuredcoverphoto",
  "pk": 43,
  "fields": {
    "title": "download (41)",
    "image": "beats/featured-covers/download_41.jpg",
    "checksum": "f82b7c51c282ce35228cd3a0006b31b6e741c023962eea5a97ceddc3ad3fb8a6",
    "is_active": true,
    "created_at": "2026-03-19T20:46:11.471Z"
  }
},
{
  "model": "beats.featuredcoverphoto",
  "pk": 44,
  "fields": {
    "title": "download (40)",
    "image": "beats/featured-covers/download_40.jpg",
    "checksum": "04195a102d4afa6c1dcfd13953d87d347806c542e6c9454b48c67da02dc8677b",
    "is_active": true,
    "created_at": "2026-03-19T20:46:11.557Z"
  }
},
{
  "model": "beats.featuredcoverphoto",
  "pk": 45,
  "fields": {
    "title": "download (39)",
    "image": "beats/featured-covers/download_39.jpg",
    "checksum": "25ea0832902706a476aab78a5a1694044959346bba8db66055e4982bce8282c7",
    "is_active": true,
    "created_at": "2026-03-19T20:46:11.855Z"
  }
},
{
  "model": "beats.featuredcoverphoto",
  "pk": 46,
  "fields": {
    "title": "download (38)",
    "image": "beats/featured-covers/download_38.jpg",
    "checksum": "4a8ccdce4cc56ffe793af9ba244aac23e43fb220b1984a5b750f7377c68a9568",
    "is_active": true,
    "created_at": "2026-03-19T20:46:11.951Z"
  }
},
{
  "model": "beats.featuredcoverphoto",
  "pk": 47,
  "fields": {
    "title": "download (37)",
    "image": "beats/featured-covers/download_37.jpg",
    "checksum": "0e7fd3b558c8b788a8db9e0f376d49058ca524c89d1a8356d28f1e8580747376",
    "is_active": true,
    "created_at": "2026-03-19T20:46:12.046Z"
  }
},
{
  "model": "beats.featuredcoverphoto",
  "pk": 48,
  "fields": {
    "title": "download (36)",
    "image": "beats/featured-covers/download_36.jpg",
    "checksum": "29db65ac3b602e94fc98e0619343ebe2db470976ffcd1abd83997c1ff943f7aa",
    "is_active": true,
    "created_at": "2026-03-19T20:46:12.135Z"
  }
},
{
  "model": "beats.featuredcoverphoto",
  "pk": 49,
  "fields": {
    "title": "(",
    "image": "beats/featured-covers/.jpg",
    "checksum": "daf4841d56931627dc9e205d3ab62cabfa9dc01035c4e930b796e82cfa8eb6e4",
    "is_active": true,
    "created_at": "2026-03-19T20:46:12.232Z"
  }
},
{
  "model": "beats.featuredcoverphoto",
  "pk": 50,
  "fields": {
    "title": "download (35)",
    "image": "beats/featured-covers/download_35.jpg",
    "checksum": "8c3ce1d8fdbe27ecf51706a55a89a87aaa23a42c0ae85ba1a1f56f0c3f661336",
    "is_active": true,
    "created_at": "2026-03-19T20:46:12.324Z"
  }
},
{
  "model": "beats.featuredcoverphoto",
  "pk": 51,
  "fields": {
    "title": "download (34)",
    "image": "beats/featured-covers/download_34.jpg",
    "checksum": "1a822b69cbfed4095730e08c1bc3a91ca292562e0c41d02b5d51258aa87a3a89",
    "is_active": true,
    "created_at": "2026-03-19T20:46:12.411Z"
  }
},
{
  "model": "beats.featuredcoverphoto",
  "pk": 52,
  "fields": {
    "title": "download (33)",
    "image": "beats/featured-covers/download_33.jpg",
    "checksum": "d42306c480e4202de4ce31d580715898d733fca6318a8620a9fb5a7aa0079abf",
    "is_active": true,
    "created_at": "2026-03-19T20:46:12.493Z"
  }
},
{
  "model": "beats.featuredcoverphoto",
  "pk": 53,
  "fields": {
    "title": "download (32)",
    "image": "beats/featured-covers/download_32.jpg",
    "checksum": "8f271bb2152e509014c334e2460bdff417c73550ce2dd38a1f6f5e444734c677",
    "is_active": true,
    "created_at": "2026-03-19T20:46:12.584Z"
  }
},
{
  "model": "beats.featuredcoverphoto",
  "pk": 54,
  "fields": {
    "title": "download (31)",
    "image": "beats/featured-covers/download_31.jpg",
    "checksum": "5079c63deed23e0fc6676dd5cc0efee7489184566da7004a4862a46412135f14",
    "is_active": true,
    "created_at": "2026-03-19T20:46:12.675Z"
  }
},
{
  "model": "beats.featuredcoverphoto",
  "pk": 55,
  "fields": {
    "title": "download (30)",
    "image": "beats/featured-covers/download_30.jpg",
    "checksum": "141be0f0ed0e168cb85b7970e3682befe0ab0c3fd784fa6d4f3df65b08882b74",
    "is_active": true,
    "created_at": "2026-03-19T20:46:12.764Z"
  }
},
{
  "model": "beats.featuredcoverphoto",
  "pk": 56,
  "fields": {
    "title": "download (29)",
    "image": "beats/featured-covers/download_29.jpg",
    "checksum": "49bdb04c6e1fbcb9e9c19099b3d6243449dc7fcdab7c97cbfeaa35f33d9bd6d6",
    "is_active": true,
    "created_at": "2026-03-19T20:46:12.861Z"
  }
},
{
  "model": "beats.featuredcoverphoto",
  "pk": 57,
  "fields": {
    "title": "download (28)",
    "image": "beats/featured-covers/download_28.jpg",
    "checksum": "b6c4ce896119c821d6174cdc917bef834987b04651ec596449fa82d2959650c5",
    "is_active": true,
    "created_at": "2026-03-19T20:46:12.955Z"
  }
},
{
  "model": "beats.featuredcoverphoto",
  "pk": 58,
  "fields": {
    "title": "download (27)",
    "image": "beats/featured-covers/download_27.jpg",
    "checksum": "062b0da2f82f060402e7da93b04fae9c8eb5d2e948a118ffb56805cf7397cad0",
    "is_active": true,
    "created_at": "2026-03-19T20:46:13.048Z"
  }
},
{
  "model": "beats.featuredcoverphoto",
  "pk": 59,
  "fields": {
    "title": "download (26)",
    "image": "beats/featured-covers/download_26.jpg",
    "checksum": "789eba819bc497d6619bf84f4700fb93c39752dbfabc5c9049dbdd626d5981ce",
    "is_active": true,
    "created_at": "2026-03-19T20:46:13.138Z"
  }
},
{
  "model": "beats.featuredcoverphoto",
  "pk": 60,
  "fields": {
    "title": "download (25)",
    "image": "beats/featured-covers/download_25.jpg",
    "checksum": "ef219b572a2490ed3a9cf5a24ca8a2424f6d9c5fad829cac1e5032564af48322",
    "is_active": true,
    "created_at": "2026-03-19T20:46:13.234Z"
  }
},
{
  "model": "beats.featuredcoverphoto",
  "pk": 61,
  "fields": {
    "title": "download (24)",
    "image": "beats/featured-covers/download_24_GlnVwu8.jpg",
    "checksum": "fae27f0a6e853f143515e56683f0fb2cf678981163b7ee3324566ef4329d128f",
    "is_active": true,
    "created_at": "2026-03-19T20:46:13.329Z"
  }
},
{
  "model": "beats.featuredcoverphoto",
  "pk": 62,
  "fields": {
    "title": "download (23)",
    "image": "beats/featured-covers/download_23_fUomwnx.jpg",
    "checksum": "dcd34efa617c3487c1e06574771c75a93e31900738561e4d19f712d6a30ef9d6",
    "is_active": true,
    "created_at": "2026-03-19T20:46:13.423Z"
  }
},
{
  "model": "beats.featuredcoverphoto",
  "pk": 63,
  "fields": {
    "title": "download (22)",
    "image": "beats/featured-covers/download_22_Tqumjlw.jpg",
    "checksum": "739cf609e292f8b3917737685dce1149b7f097b7a996b123244009312a6dd5c5",
    "is_active": true,
    "created_at": "2026-03-19T20:46:13.511Z"
  }
},
{
  "model": "beats.featuredcoverphoto",
  "pk": 64,
  "fields": {
    "title": "✿𝆬MILES_",
    "image": "beats/featured-covers/MILES_.jpg",
    "checksum": "be0ee438cddf71363679fc0fabcab73296b18970ef55dc4119099a65a974830b",
    "is_active": true,
    "created_at": "2026-03-19T20:46:13.604Z"
  }
},
{
  "model": "beats.featuredcoverphoto",
  "pk": 65,
  "fields": {
    "title": "download (21)",
    "image": "beats/featured-covers/download_21_AWSXgnP.jpg",
    "checksum": "159a68bab5a162231b07e8f727c923f3122228ec07c9bf32cffdbd7f6de1d3c5",
    "is_active": true,
    "created_at": "2026-03-19T20:46:13.690Z"
  }
},
{
  "model": "beats.featuredcoverphoto",
  "pk": 66,
  "fields": {
    "title": "download (20)",
    "image": "beats/featured-covers/download_20_STZFZgn.jpg",
    "checksum": "2dd5701ddfaa522bcc25cab9f5139f19d37a7699e755e65fef8496eeb6e5497a",
    "is_active": true,
    "created_at": "2026-03-19T20:46:13.785Z"
  }
},
{
  "model": "beats.featuredcoverphoto",
  "pk": 67,
  "fields": {
    "title": "download (19)",
    "image": "beats/featured-covers/download_19_GvrB8Wx.jpg",
    "checksum": "ee19a8a6aec17fdaedd20f69d68a8e34ec446100006a011135cf9c525aeeb9d4",
    "is_active": true,
    "created_at": "2026-03-19T20:46:13.869Z"
  }
},
{
  "model": "beats.featuredcoverphoto",
  "pk": 68,
  "fields": {
    "title": "download (18)",
    "image": "beats/featured-covers/download_18_C6ZEB39.jpg",
    "checksum": "46deb98d22a9b0fb076a753e6419badb4f7c493203e9cc265226d6b807f1385f",
    "is_active": true,
    "created_at": "2026-03-19T20:46:13.962Z"
  }
},
{
  "model": "beats.featuredcoverphoto",
  "pk": 69,
  "fields": {
    "title": "download (17)",
    "image": "beats/featured-covers/download_17_EgYjnIe.jpg",
    "checksum": "817215da14a96e71099d759f7b813be8b25e807acb3c42a4dec7e0094523a292",
    "is_active": true,
    "created_at": "2026-03-19T20:46:14.051Z"
  }
},
{
  "model": "beats.featuredcoverphoto",
  "pk": 70,
  "fields": {
    "title": "download (16)",
    "image": "beats/featured-covers/download_16_KWur53G.jpg",
    "checksum": "5bff1c30034d19ff2e947ff0bba044d9cc222b9c3e46a34ab64fa8ae6616154b",
    "is_active": true,
    "created_at": "2026-03-19T20:46:14.143Z"
  }
},
{
  "model": "beats.featuredcoverphoto",
  "pk": 71,
  "fields": {
    "title": "vivisu&toglasu",
    "image": "beats/featured-covers/vivisutoglasu.jpg",
    "checksum": "4bdcad18224c361ebcdfd423c60bed4a28dcb91104dbb76456f971c483c83b6d",
    "is_active": true,
    "created_at": "2026-03-19T20:46:14.235Z"
  }
},
{
  "model": "beats.featuredcoverphoto",
  "pk": 72,
  "fields": {
    "title": "download (15)",
    "image": "beats/featured-covers/download_15_9pBgAVw.jpg",
    "checksum": "d4f9d4e893c28e319c4c34ad8309e03add29304a9b9b0ee50060f35b468b5c90",
    "is_active": true,
    "created_at": "2026-03-19T20:46:14.330Z"
  }
},
{
  "model": "beats.featuredcoverphoto",
  "pk": 73,
  "fields": {
    "title": "download (14)",
    "image": "beats/featured-covers/download_14_AXU4nIY.jpg",
    "checksum": "350d9a9ae839d6e462e69555696e064b45602de1c1c56579f3fdca3bcae5fd9c",
    "is_active": true,
    "created_at": "2026-03-19T20:46:14.432Z"
  }
},
{
  "model": "beats.featuredcoverphoto",
  "pk": 74,
  "fields": {
    "title": "download (13)",
    "image": "beats/featured-covers/download_13_Lc92O3j.jpg",
    "checksum": "acb81406499c920b961fa3871e9b5a86cf1bac664d40a34b1ba4f31e2e5c0b85",
    "is_active": true,
    "created_at": "2026-03-19T20:46:14.524Z"
  }
},
{
  "model": "beats.featuredcoverphoto",
  "pk": 75,
  "fields": {
    "title": "download (12)",
    "image": "beats/featured-covers/download_12_I4CUTHD.jpg",
    "checksum": "021eb22816dc99fbeaff369c0e31a861b79710738eed3840f4d5f9ec1d13e266",
    "is_active": true,
    "created_at": "2026-03-19T20:46:14.621Z"
  }
},
{
  "model": "beats.featuredcoverphoto",
  "pk": 76,
  "fields": {
    "title": "download (11)",
    "image": "beats/featured-covers/download_11_ImAi93W.jpg",
    "checksum": "c557c15cc9ff3ad1a0e9bd73a397b422eaf594ec795066e89a962e55c49a4d90",
    "is_active": true,
    "created_at": "2026-03-19T20:46:14.729Z"
  }
},
{
  "model": "beats.featuredcoverphoto",
  "pk": 77,
  "fields": {
    "title": "download (10)",
    "image": "beats/featured-covers/download_10_2g1ltfR.jpg",
    "checksum": "b612f5809365b0f81254d88df82f505af1c3c953b0cbe3c859f473e3c8c0b935",
    "is_active": true,
    "created_at": "2026-03-19T20:46:14.821Z"
  }
},
{
  "model": "beats.featuredcoverphoto",
  "pk": 78,
  "fields": {
    "title": "Dream big and drive for goal setting",
    "image": "beats/featured-covers/Dream_big_and_drive_for_goal_setting.jpg",
    "checksum": "afc177c1a9083a49c84769ce570439ebf3e40c5d9dcb6e5e9763f48969905786",
    "is_active": true,
    "created_at": "2026-03-19T20:46:14.905Z"
  }
},
{
  "model": "beats.featuredcoverphoto",
  "pk": 79,
  "fields": {
    "title": "true",
    "image": "beats/featured-covers/true.jpg",
    "checksum": "cc16552ddb59894c2995b55a1883b8cfc549bbdc4c2c8fc1c8cd078c2779098c",
    "is_active": true,
    "created_at": "2026-03-19T20:46:14.992Z"
  }
},
{
  "model": "beats.featuredcoverphoto",
  "pk": 80,
  "fields": {
    "title": "download (9)",
    "image": "beats/featured-covers/download_9_lB6L9Tl.jpg",
    "checksum": "d94ff5bdf82ec3162aa2176f31162fe21aaa3b110d394e20af4ca60b8374e301",
    "is_active": true,
    "created_at": "2026-03-19T20:46:15.145Z"
  }
},
{
  "model": "beats.featuredcoverphoto",
  "pk": 81,
  "fields": {
    "title": "download (8)",
    "image": "beats/featured-covers/download_8_qbZ3Qhs.jpg",
    "checksum": "3b14edd31f57be1474e3879a7ab68ef0bf6c9c31b6f5a3b734cfe5f8ad0df126",
    "is_active": true,
    "created_at": "2026-03-19T20:46:15.241Z"
  }
},
{
  "model": "beats.featuredcoverphoto",
  "pk": 82,
  "fields": {
    "title": "Lo-fi glass and cigarette",
    "image": "beats/featured-covers/Lo-fi_glass_and_cigarette.jpg",
    "checksum": "c56f4edfad8a61e814d3e6af583d8959f9d406e917109f6c5080d4d29947c974",
    "is_active": true,
    "created_at": "2026-03-19T20:46:15.341Z"
  }
},
{
  "model": "beats.featuredcoverphoto",
  "pk": 83,
  "fields": {
    "title": "download (7)",
    "image": "beats/featured-covers/download_7_xVJQEGJ.jpg",
    "checksum": "73ef293e7e0fa16ade5b6983e1bf509a5f095b8d65ce20a537927076fd14110b",
    "is_active": true,
    "created_at": "2026-03-19T20:46:15.453Z"
  }
},
{
  "model": "beats.featuredcoverphoto",
  "pk": 84,
  "fields": {
    "title": "download (6)",
    "image": "beats/featured-covers/download_6_osjuky1.jpg",
    "checksum": "89729a555322f0aa0aaed364fd23cac492aff03cb287e7044aaddac8d3f2fdeb",
    "is_active": true,
    "created_at": "2026-03-19T20:46:15.558Z"
  }
},
{
  "model": "beats.featuredcoverphoto",
  "pk": 85,
  "fields": {
    "title": "download (5)",
    "image": "beats/featured-covers/download_5_t1hKPCq.jpg",
    "checksum": "6412d7dfd6d7ad350308c6666b3204cc1e75799123de548b33710d29b8d52bec",
    "is_active": true,
    "created_at": "2026-03-19T20:46:15.648Z"
  }
},
{
  "model": "beats.featuredcoverphoto",
  "pk": 86,
  "fields": {
    "title": "download (4)",
    "image": "beats/featured-covers/download_4_XR2x3sz.jpg",
    "checksum": "c71a5599834cf1a9884b847e9f926fe7cafa9698a323a6d05a25555c9e3500cd",
    "is_active": true,
    "created_at": "2026-03-19T20:46:15.743Z"
  }
},
{
  "model": "beats.featuredcoverphoto",
  "pk": 87,
  "fields": {
    "title": "🖤",
    "image": "beats/featured-covers/.jpg_FFbQEZo",
    "checksum": "761e8782056b08056797da3921badc116f1068d4a8c81ba914726183660c4017",
    "is_active": true,
    "created_at": "2026-03-19T20:46:15.843Z"
  }
},
{
  "model": "beats.featuredcoverphoto",
  "pk": 88,
  "fields": {
    "title": "𝕀𝕔𝕠𝕟 𝕫𝕠𝕣𝕠",
    "image": "beats/featured-covers/𝕀𝕔𝕠𝕟_𝕫𝕠𝕣𝕠.jpg",
    "checksum": "88ff27ac3bda54229ea27f68d6a09c6b2f04bf8349b8da7a45c56d049f53945c",
    "is_active": true,
    "created_at": "2026-03-19T20:46:15.940Z"
  }
},
{
  "model": "beats.featuredcoverphoto",
  "pk": 89,
  "fields": {
    "title": "download (3)",
    "image": "beats/featured-covers/download_3_pVK2pMa.jpg",
    "checksum": "f13a1c0c32a60dd720069282487423e595bc2fa944bf44ace77b49818105d69a",
    "is_active": true,
    "created_at": "2026-03-19T20:46:16.033Z"
  }
},
{
  "model": "beats.featuredcoverphoto",
  "pk": 90,
  "fields": {
    "title": "Big Hero Six",
    "image": "beats/featured-covers/Big_Hero_Six.jpg",
    "checksum": "ad463c93255e1aa7a57cde692293c1ba6f2e2c4a2e56e5c2f6c010a4e378f0cd",
    "is_active": true,
    "created_at": "2026-03-19T20:46:16.137Z"
  }
},
{
  "model": "beats.featuredcoverphoto",
  "pk": 91,
  "fields": {
    "title": "download (2)",
    "image": "beats/featured-covers/download_2_8pkc3Py.jpg",
    "checksum": "e0ebcaf1c05656a217ee9d37488d282a5b17400ab019437adcc4c626152f84a5",
    "is_active": true,
    "created_at": "2026-03-19T20:46:16.245Z"
  }
},
{
  "model": "beats.featuredcoverphoto",
  "pk": 92,
  "fields": {
    "title": "download (1)",
    "image": "beats/featured-covers/download_1_0JIhKRv.jpg",
    "checksum": "7b5f883b8c67433dab1838a7db9efb37473ef63b28ce1a01ee9ee8e86b98c84d",
    "is_active": true,
    "created_at": "2026-03-19T20:46:16.342Z"
  }
},
{
  "model": "beats.featuredcoverphoto",
  "pk": 93,
  "fields": {
    "title": "download",
    "image": "beats/featured-covers/download_c3dFvNi.jpg",
    "checksum": "7e882cbc17594c1acb6cd7a8a5abf6d9320b7f912c7f8a7e414bdf1302a0e585",
    "is_active": true,
    "created_at": "2026-03-19T20:46:16.442Z"
  }
},
{
  "model": "beats.featuredcoverphoto",
  "pk": 94,
  "fields": {
    "title": "#grunge #red #aesthetic #dark #grungeaesthetic",
    "image": "beats/featured-covers/grunge_red_aesthetic_dark_grungeaesthetic.jpg",
    "checksum": "03eb970f9cc3517f2cbb892ee73b127f609518cbd08e3eb8353449d4bc55f0e3",
    "is_active": true,
    "created_at": "2026-03-23T00:40:38.628Z"
  }
},
{
  "model": "beats.featuredcoverphoto",
  "pk": 95,
  "fields": {
    "title": "#kanye #kanyewest",
    "image": "beats/featured-covers/kanye_kanyewest.jpg",
    "checksum": "042e3d3813570f2c9e88ef44c379e313cecd4bb9bb496e1b944221ad8e00b1ad",
    "is_active": true,
    "created_at": "2026-03-23T00:40:39.020Z"
  }
},
{
  "model": "beats.featuredcoverphoto",
  "pk": 96,
  "fields": {
    "title": "☆♧☆",
    "image": "beats/featured-covers/.jpg_bEqnXjr",
    "checksum": "e33e2d86f6e5c24eea1eb1adb616a1ce0e8e474757c0f7972c7881a293597243",
    "is_active": true,
    "created_at": "2026-03-23T00:40:39.216Z"
  }
},
{
  "model": "beats.featuredcoverphoto",
  "pk": 97,
  "fields": {
    "title": "Brook ( cover album)",
    "image": "beats/featured-covers/Brook__cover_album.jpg",
    "checksum": "ccb90a0b8d6c789e76cb6652a1b1e5e2c2f380121782e208f6ebfdea7f7f54f4",
    "is_active": true,
    "created_at": "2026-03-23T00:40:39.343Z"
  }
},
{
  "model": "beats.featuredcoverphoto",
  "pk": 98,
  "fields": {
    "title": "by @beanheadkid on instagram",
    "image": "beats/featured-covers/by_beanheadkid_on_instagram.jpg",
    "checksum": "fab368ae57d03eadd27ee3d9959295c5e9a1745290419094196835a932d619ee",
    "is_active": true,
    "created_at": "2026-03-23T00:40:39.484Z"
  }
},
{
  "model": "beats.featuredcoverphoto",
  "pk": 99,
  "fields": {
    "title": "Coringa",
    "image": "beats/featured-covers/Coringa.jpg",
    "checksum": "955262b450d50c29515bc4803b9f6f7b18bd0f0eeabe591b749d0468c6265585",
    "is_active": true,
    "created_at": "2026-03-23T00:40:39.601Z"
  }
},
{
  "model": "beats.featuredcoverphoto",
  "pk": 100,
  "fields": {
    "title": "Dj Bruce",
    "image": "beats/featured-covers/Dj_Bruce.jpg",
    "checksum": "4223d6eed205f40191b15b6fc9911145f0aea7c056a8262ec314de58e56b2469",
    "is_active": true,
    "created_at": "2026-03-23T00:40:39.767Z"
  }
},
{
  "model": "beats.featuredcoverphoto",
  "pk": 101,
  "fields": {
    "title": "download (1)",
    "image": "beats/featured-covers/download_1_FtHUhym.jpg",
    "checksum": "0dc6849ebc5474225bc814fe0e98d6fe92f3b65a8a22cce77038f45deb97e69e",
    "is_active": true,
    "created_at": "2026-03-23T00:40:40.015Z"
  }
},
{
  "model": "beats.featuredcoverphoto",
  "pk": 102,
  "fields": {
    "title": "download (2)",
    "image": "beats/featured-covers/download_2_jQkNTX6.jpg",
    "checksum": "d21c600b5e97f8685ed87a3c898fc3d3a593d0c58e3cb0e1f84e82f8f4817fb4",
    "is_active": true,
    "created_at": "2026-03-23T00:40:40.175Z"
  }
},
{
  "model": "beats.featuredcoverphoto",
  "pk": 103,
  "fields": {
    "title": "download (3)",
    "image": "beats/featured-covers/download_3_gua1GDf.jpg",
    "checksum": "28162331a73486f328c2b13df88ba362b04e88617e4e1dc7546abe2f607595ef",
    "is_active": true,
    "created_at": "2026-03-23T00:40:40.424Z"
  }
},
{
  "model": "beats.featuredcoverphoto",
  "pk": 104,
  "fields": {
    "title": "download (4)",
    "image": "beats/featured-covers/download_4_NzGCm2s.jpg",
    "checksum": "15613bb9987a14d96cd49b54920371bdad25298adafc6f0752ae04b984608499",
    "is_active": true,
    "created_at": "2026-03-23T00:40:40.594Z"
  }
},
{
  "model": "beats.featuredcoverphoto",
  "pk": 105,
  "fields": {
    "title": "download (5)",
    "image": "beats/featured-covers/download_5_LlhUk5l.jpg",
    "checksum": "39041317d471d25ed8d52000aca48b9332d870e70e607400437c4ac41042bfd4",
    "is_active": true,
    "created_at": "2026-03-23T00:40:40.734Z"
  }
},
{
  "model": "beats.featuredcoverphoto",
  "pk": 106,
  "fields": {
    "title": "download (6)",
    "image": "beats/featured-covers/download_6_bkSOQWe.jpg",
    "checksum": "da626303689971357d8bffd083fd8d28777255d50c43ff303a48bceb719ce2c2",
    "is_active": true,
    "created_at": "2026-03-23T00:40:40.853Z"
  }
},
{
  "model": "beats.featuredcoverphoto",
  "pk": 107,
  "fields": {
    "title": "download (7)",
    "image": "beats/featured-covers/download_7_FbRDZ0C.jpg",
    "checksum": "48f80cfcb4f7bfb81156b57a4e553cce55fa4d67eda1336a653ac19c4ac0bacb",
    "is_active": true,
    "created_at": "2026-03-23T00:40:40.984Z"
  }
},
{
  "model": "beats.featuredcoverphoto",
  "pk": 108,
  "fields": {
    "title": "download (8)",
    "image": "beats/featured-covers/download_8_n5BrDSm.jpg",
    "checksum": "cd3ffabcdaebe07aa627d2ebfc106edf85d0bbd7260bfb96a3892e803a074d7b",
    "is_active": true,
    "created_at": "2026-03-23T00:40:41.106Z"
  }
},
{
  "model": "beats.featuredcoverphoto",
  "pk": 109,
  "fields": {
    "title": "download (9)",
    "image": "beats/featured-covers/download_9_g7mtbbk.jpg",
    "checksum": "7d4fc0e30d62ca298675eb14c5e113402418c06b9ca66e8c94d7488aed9bb829",
    "is_active": true,
    "created_at": "2026-03-23T00:40:41.213Z"
  }
},
{
  "model": "beats.featuredcoverphoto",
  "pk": 110,
  "fields": {
    "title": "download (10)",
    "image": "beats/featured-covers/download_10_EIXgz34.jpg",
    "checksum": "3b72ac411af59f4b596042de0f2702853f2ebccfebd32b1b435709affb09c7b7",
    "is_active": true,
    "created_at": "2026-03-23T00:40:41.320Z"
  }
},
{
  "model": "beats.featuredcoverphoto",
  "pk": 111,
  "fields": {
    "title": "download (11)",
    "image": "beats/featured-covers/download_11_nOTmwbz.jpg",
    "checksum": "1b3c3fa5a34f18842152aa205bcd70493a7cc3c3e70f1588027e80902766bd6a",
    "is_active": true,
    "created_at": "2026-03-23T00:40:41.436Z"
  }
},
{
  "model": "beats.featuredcoverphoto",
  "pk": 112,
  "fields": {
    "title": "download (12)",
    "image": "beats/featured-covers/download_12_9Tdgbhb.jpg",
    "checksum": "4adfa7250d726fe5277f5daa38b084b2438e54d7545f3d1e755c461fa112e38e",
    "is_active": true,
    "created_at": "2026-03-23T00:40:41.544Z"
  }
},
{
  "model": "beats.featuredcoverphoto",
  "pk": 113,
  "fields": {
    "title": "download (13)",
    "image": "beats/featured-covers/download_13_tTRddog.jpg",
    "checksum": "2a93e9d2f7a95f02e8c4bf337826fe93f85c8a2ba49cd36b11a1a269e9ebb558",
    "is_active": true,
    "created_at": "2026-03-23T00:40:41.819Z"
  }
},
{
  "model": "beats.featuredcoverphoto",
  "pk": 114,
  "fields": {
    "title": "download (14)",
    "image": "beats/featured-covers/download_14_bv8s7KZ.jpg",
    "checksum": "eb03f6ba344d0652f9f19f69ff37374c5efc5099013116a71966b95870fa217b",
    "is_active": true,
    "created_at": "2026-03-23T00:40:41.949Z"
  }
},
{
  "model": "beats.featuredcoverphoto",
  "pk": 115,
  "fields": {
    "title": "download (15)",
    "image": "beats/featured-covers/download_15_fHm3Xn6.jpg",
    "checksum": "e8b3a6298054a5b524e8ad5ca10ac3e75d2bd117056626e5f772d1fa9245dc9d",
    "is_active": true,
    "created_at": "2026-03-23T00:40:42.070Z"
  }
},
{
  "model": "beats.featuredcoverphoto",
  "pk": 116,
  "fields": {
    "title": "download (16)",
    "image": "beats/featured-covers/download_16_DqFmBb5.jpg",
    "checksum": "ab2e82b9aae34d684b7693805e5d2c9cf99127b09e558072f0f3dfe93572c713",
    "is_active": true,
    "created_at": "2026-03-23T00:40:42.200Z"
  }
},
{
  "model": "beats.featuredcoverphoto",
  "pk": 117,
  "fields": {
    "title": "download (17)",
    "image": "beats/featured-covers/download_17_7qXX7KE.jpg",
    "checksum": "a13336a4e81add5661b65d59b9da8272cec65ddd2ab91a87013b0867a7b2863c",
    "is_active": true,
    "created_at": "2026-03-23T00:40:42.323Z"
  }
},
{
  "model": "beats.featuredcoverphoto",
  "pk": 118,
  "fields": {
    "title": "download (18)",
    "image": "beats/featured-covers/download_18_bMW0Sym.jpg",
    "checksum": "79f865f8fb7404bd8c634514f816713c0e8744835270a5c0b24813bd5b3d0ed4",
    "is_active": true,
    "created_at": "2026-03-23T00:40:42.450Z"
  }
},
{
  "model": "beats.featuredcoverphoto",
  "pk": 119,
  "fields": {
    "title": "download (19)",
    "image": "beats/featured-covers/download_19_cBXVm6C.jpg",
    "checksum": "5513a50d3b68724e8e347d2f136481fe0e296a95a4cd1dfb0da30e7d44c82e55",
    "is_active": true,
    "created_at": "2026-03-23T00:40:42.572Z"
  }
},
{
  "model": "beats.featuredcoverphoto",
  "pk": 120,
  "fields": {
    "title": "download (20)",
    "image": "beats/featured-covers/download_20_0a2nwyT.jpg",
    "checksum": "1d558e61afdcdb2dec733bf0c1cf7d9f00ea1083aaa067e40408e059001bc798",
    "is_active": true,
    "created_at": "2026-03-23T00:40:42.690Z"
  }
},
{
  "model": "beats.featuredcoverphoto",
  "pk": 121,
  "fields": {
    "title": "download (21)",
    "image": "beats/featured-covers/download_21_6lhp1Xs.jpg",
    "checksum": "80ab209c9fbf1e29c711d475f9dfb13e7e0704c66473041224e3828c16402c2a",
    "is_active": true,
    "created_at": "2026-03-23T00:40:42.809Z"
  }
},
{
  "model": "beats.featuredcoverphoto",
  "pk": 122,
  "fields": {
    "title": "download (22)",
    "image": "beats/featured-covers/download_22_OqbpZXZ.jpg",
    "checksum": "d5531842403c255e01040de5a39705b978ac7e6e34c4c3339e2d2c168f84eae3",
    "is_active": true,
    "created_at": "2026-03-23T00:40:43.043Z"
  }
},
{
  "model": "beats.featuredcoverphoto",
  "pk": 123,
  "fields": {
    "title": "download (23)",
    "image": "beats/featured-covers/download_23_1Z6CO03.jpg",
    "checksum": "7c1488aea9faadd1d353f205990283087f7c49b8a46566fad28b100f3d41982a",
    "is_active": true,
    "created_at": "2026-03-23T00:40:43.157Z"
  }
},
{
  "model": "beats.featuredcoverphoto",
  "pk": 124,
  "fields": {
    "title": "download (24)",
    "image": "beats/featured-covers/download_24_UP6XRTO.jpg",
    "checksum": "8ae7eab2bba84549575293369f5f26fa2d5614e84cb08442ffb8ba17457ff073",
    "is_active": true,
    "created_at": "2026-03-23T00:40:43.312Z"
  }
},
{
  "model": "beats.featuredcoverphoto",
  "pk": 125,
  "fields": {
    "title": "download (25)",
    "image": "beats/featured-covers/download_25_IDk5APu.jpg",
    "checksum": "c380502c6aa9432f15c282561911289c92b9eb6f88b0eec6be6aa5ff6d325e1c",
    "is_active": true,
    "created_at": "2026-03-23T00:40:43.514Z"
  }
},
{
  "model": "beats.featuredcoverphoto",
  "pk": 126,
  "fields": {
    "title": "download (26)",
    "image": "beats/featured-covers/download_26_aLCpygJ.jpg",
    "checksum": "3a61cee31d89bf5973d3531681cc2e6dc41b630f7c4d7134d69e1694c3985922",
    "is_active": true,
    "created_at": "2026-03-23T00:40:43.633Z"
  }
},
{
  "model": "beats.featuredcoverphoto",
  "pk": 127,
  "fields": {
    "title": "download (27)",
    "image": "beats/featured-covers/download_27_Qs91PZs.jpg",
    "checksum": "6532d396c93770b4801c3a8ad82e4493da2d1055f573381c2894b63711ec9641",
    "is_active": true,
    "created_at": "2026-03-23T00:40:43.744Z"
  }
},
{
  "model": "beats.featuredcoverphoto",
  "pk": 128,
  "fields": {
    "title": "download (28)",
    "image": "beats/featured-covers/download_28_W9eAUgp.jpg",
    "checksum": "f9e0f4aa1a46ecb28a8064ef7cd92f0ae35cfe487139e901ea2772fcbcd1bc02",
    "is_active": true,
    "created_at": "2026-03-23T00:40:43.967Z"
  }
},
{
  "model": "beats.featuredcoverphoto",
  "pk": 129,
  "fields": {
    "title": "download (29)",
    "image": "beats/featured-covers/download_29_X4PQOOS.jpg",
    "checksum": "72fca4d7592fb273c0bdadd6aa51740f0fb7c8d02920f700a39cbb4faf515890",
    "is_active": true,
    "created_at": "2026-03-23T00:40:44.115Z"
  }
},
{
  "model": "beats.featuredcoverphoto",
  "pk": 130,
  "fields": {
    "title": "download",
    "image": "beats/featured-covers/download_tI5KR3U.jpg",
    "checksum": "5d760723607265fa8230cab72090671dc44183d8b801ab82911fc27872545f97",
    "is_active": true,
    "created_at": "2026-03-23T00:40:44.212Z"
  }
},
{
  "model": "beats.featuredcoverphoto",
  "pk": 131,
  "fields": {
    "title": "Follow for more 😂",
    "image": "beats/featured-covers/Follow_for_more_.jpg",
    "checksum": "6df774e4d2b27a75c688aa1b50b95be03802eb76c56f13995cf255fb7e296b89",
    "is_active": true,
    "created_at": "2026-03-23T00:40:44.321Z"
  }
},
{
  "model": "beats.featuredcoverphoto",
  "pk": 132,
  "fields": {
    "title": "Girassol",
    "image": "beats/featured-covers/Girassol.jpg",
    "checksum": "e4dbb880c635f4143befcf7f5721b0a5b8b268aab5f8ffab3aac031678caad48",
    "is_active": true,
    "created_at": "2026-03-23T00:40:44.444Z"
  }
},
{
  "model": "beats.featuredcoverphoto",
  "pk": 133,
  "fields": {
    "title": "Icon ~☆",
    "image": "beats/featured-covers/Icon_.jpg",
    "checksum": "2821a48ffec6722e1b2c6f9bef15c81eb7e505a7f8b6b84d5c29c317dd7ed1c2",
    "is_active": true,
    "created_at": "2026-03-23T00:40:44.565Z"
  }
},
{
  "model": "beats.featuredcoverphoto",
  "pk": 134,
  "fields": {
    "title": "LA",
    "image": "beats/featured-covers/LA.jpg",
    "checksum": "d1b9e5704ab78c7e5db6d942634ef4cfa61124b26895529ddf804860b716a324",
    "is_active": true,
    "created_at": "2026-03-23T00:40:44.687Z"
  }
},
{
  "model": "beats.featuredcoverphoto",
  "pk": 135,
  "fields": {
    "title": "Mark Andreas Jones on Instagram_ “Summer's coming_  #summer #sunflowerfield #sunflowers #sunflower #sunflowerwearingglas",
    "image": "beats/featured-covers/Mark_Andreas_Jones_on_Instagram__Summers_coming___summer_sunflower_696QhNC.jpg",
    "checksum": "e8c1e224303e5a6b019423b89329f07d302a152a3cd227474aaf41834d3044ab",
    "is_active": true,
    "created_at": "2026-03-23T00:40:44.798Z"
  }
},
{
  "model": "beats.featuredcoverphoto",
  "pk": 136,
  "fields": {
    "title": "More icons on my WhatsApp channel Art by @matheussaur (1)",
    "image": "beats/featured-covers/More_icons_on_my_WhatsApp_channel_Art_by_matheussaur_1.jpg",
    "checksum": "40bbb13d0e511367adcf261f4061e50fa511230a27819bdc2a5dc3e2ffb77682",
    "is_active": true,
    "created_at": "2026-03-23T00:40:44.921Z"
  }
},
{
  "model": "beats.featuredcoverphoto",
  "pk": 137,
  "fields": {
    "title": "More icons on my WhatsApp channel Art by @matheussaur",
    "image": "beats/featured-covers/More_icons_on_my_WhatsApp_channel_Art_by_matheussaur.jpg",
    "checksum": "3b88dac3809e1be52dfea962531019203e571cacc9918325d613e31e69c368ea",
    "is_active": true,
    "created_at": "2026-03-23T00:40:45.058Z"
  }
},
{
  "model": "beats.featuredcoverphoto",
  "pk": 138,
  "fields": {
    "title": "Scorpio Mood on Instagram_ _@leica_fotografie_international Lasse Nilsson_",
    "image": "beats/featured-covers/Scorpio_Mood_on_Instagram___leica_fotografie_international_Lasse_Nilsson_.jpg",
    "checksum": "2718853c8c9032352d2ffdb61115003c924bd52874d38259b8faa7e25ed204b7",
    "is_active": true,
    "created_at": "2026-03-23T00:40:45.169Z"
  }
},
{
  "model": "beats.featuredcoverphoto",
  "pk": 139,
  "fields": {
    "title": "State of mind",
    "image": "beats/featured-covers/State_of_mind.jpg",
    "checksum": "91f9961f67f57d2127fa2636bea839b1ba59057e0bd1fe1a7b534737bb7fd138",
    "is_active": true,
    "created_at": "2026-03-23T00:40:45.305Z"
  }
},
{
  "model": "beats.featuredcoverphoto",
  "pk": 140,
  "fields": {
    "title": "swirty",
    "image": "beats/featured-covers/swirty.jpg",
    "checksum": "fbb64c583314c43cff5fb28bbfbf1e3956b08f26aba867042b417454e9ccbcd4",
    "is_active": true,
    "created_at": "2026-03-23T00:40:45.495Z"
  }
},
{
  "model": "beats.featuredcoverphoto",
  "pk": 141,
  "fields": {
    "title": "Teknik walter",
    "image": "beats/featured-covers/Teknik_walter.jpg",
    "checksum": "bf804baa63bc4ebd9426ae3fffde910a51a188908887711411576ee6554110fe",
    "is_active": true,
    "created_at": "2026-03-23T00:40:45.618Z"
  }
},
{
  "model": "beats.featuredcoverphoto",
  "pk": 142,
  "fields": {
    "title": "The Weeknd - Starboy (Ramadan edition)",
    "image": "beats/featured-covers/The_Weeknd_-_Starboy_Ramadan_edition.jpg",
    "checksum": "3114fecd78ce1b34d1c5371ebd6dc72ecd01ba3525766597a41b269006501db4",
    "is_active": true,
    "created_at": "2026-03-23T00:40:45.734Z"
  }
},
{
  "model": "beats.featuredcoverphoto",
  "pk": 143,
  "fields": {
    "title": "Zoro",
    "image": "beats/featured-covers/Zoro.jpg",
    "checksum": "6feee940b5c21ecdb9f953250c0dfdf345e4b48bd821ec83cd6126a0fdfcf104",
    "is_active": true,
    "created_at": "2026-03-23T00:40:45.841Z"
  }
},
{
  "model": "beats.featuredcoverphoto",
  "pk": 144,
  "fields": {
    "title": "Cartoon cat icon_",
    "image": "beats/featured-covers/Cartoon_cat_icon_.jpg",
    "checksum": "f9489bad51e952ae399f08c7a29ee780bdcfb83399223a22f94c737e00ed2104",
    "is_active": true,
    "created_at": "2026-03-24T09:00:22.046Z"
  }
},
{
  "model": "beats.featuredcoverphoto",
  "pk": 145,
  "fields": {
    "title": "cristiano ronaldo melhor do mundo",
    "image": "beats/featured-covers/cristiano_ronaldo_melhor_do_mundo.jpg",
    "checksum": "9839c0b116c4203f8331f62f5f02db606685f806144ede1aa086cee4d6f0d5ac",
    "is_active": true,
    "created_at": "2026-03-24T09:00:22.176Z"
  }
},
{
  "model": "beats.featuredcoverphoto",
  "pk": 146,
  "fields": {
    "title": "Death",
    "image": "beats/featured-covers/Death.jpg",
    "checksum": "8ecd54eb5897f53751a30321a585962274f3365f85f57dd78458cf25ca6d3c1b",
    "is_active": true,
    "created_at": "2026-03-24T09:00:22.365Z"
  }
},
{
  "model": "beats.featuredcoverphoto",
  "pk": 147,
  "fields": {
    "title": "Derpixon - mimicry",
    "image": "beats/featured-covers/Derpixon_-_mimicry.jpg",
    "checksum": "0cf270072ace1997dc1c7013ab2ba859a70d43724417c58ccb4e1d7c72a09dbb",
    "is_active": true,
    "created_at": "2026-03-24T09:00:22.500Z"
  }
},
{
  "model": "beats.featuredcoverphoto",
  "pk": 148,
  "fields": {
    "title": "download (1)",
    "image": "beats/featured-covers/download_1_YpHUfo0.jpg",
    "checksum": "9410aada53a24a6a9c000cb829416a1b1b53a4d030c984f75a38d476e3ad1577",
    "is_active": true,
    "created_at": "2026-03-24T09:00:22.625Z"
  }
},
{
  "model": "beats.featuredcoverphoto",
  "pk": 149,
  "fields": {
    "title": "download (2)",
    "image": "beats/featured-covers/download_2_HkNNADq.jpg",
    "checksum": "6fbcd00179f73ceb3101d277cb557081e135d733af358480071cbba707d6e3d4",
    "is_active": true,
    "created_at": "2026-03-24T09:00:22.745Z"
  }
},
{
  "model": "beats.featuredcoverphoto",
  "pk": 150,
  "fields": {
    "title": "download (3)",
    "image": "beats/featured-covers/download_3_MTEPOvJ.jpg",
    "checksum": "8c9aca4512ae3d53bff514d9bb147126b9cd97be4eaecb9c51be704b8d37d79c",
    "is_active": true,
    "created_at": "2026-03-24T09:00:23.078Z"
  }
},
{
  "model": "beats.featuredcoverphoto",
  "pk": 151,
  "fields": {
    "title": "download (4)",
    "image": "beats/featured-covers/download_4_jOVUb9m.jpg",
    "checksum": "597de49d5cff1cdecdfc832acddcbdf6a8258f81fdd0653201c8a6581de5f6ee",
    "is_active": true,
    "created_at": "2026-03-24T09:00:23.324Z"
  }
},
{
  "model": "beats.featuredcoverphoto",
  "pk": 152,
  "fields": {
    "title": "download (5)",
    "image": "beats/featured-covers/download_5_RDK1zIF.jpg",
    "checksum": "428613a8735ccc59ca4f76ba256eff6cf46ddd7086ebad63b31c1182c09af715",
    "is_active": true,
    "created_at": "2026-03-24T09:00:23.445Z"
  }
},
{
  "model": "beats.featuredcoverphoto",
  "pk": 153,
  "fields": {
    "title": "download (6)",
    "image": "beats/featured-covers/download_6_COFmawP.jpg",
    "checksum": "7fb50e8149160f85715b77ce38fca6edb0cbc9f1eafe7284d40eb2374a16f286",
    "is_active": true,
    "created_at": "2026-03-24T09:00:23.572Z"
  }
},
{
  "model": "beats.featuredcoverphoto",
  "pk": 154,
  "fields": {
    "title": "download (7)",
    "image": "beats/featured-covers/download_7_OhzWM8S.jpg",
    "checksum": "90e492826cc6c1451ff1d97129ea8ad00aa06c0754549dd285a071f66803d38f",
    "is_active": true,
    "created_at": "2026-03-24T09:00:23.707Z"
  }
},
{
  "model": "beats.featuredcoverphoto",
  "pk": 155,
  "fields": {
    "title": "download (8)",
    "image": "beats/featured-covers/download_8_qmFmsOp.jpg",
    "checksum": "70e8444c1522aebb843046de6b1c682224f0b4335f0d2a2ae94ac5621142635e",
    "is_active": true,
    "created_at": "2026-03-24T09:00:23.868Z"
  }
},
{
  "model": "beats.featuredcoverphoto",
  "pk": 156,
  "fields": {
    "title": "download (9)",
    "image": "beats/featured-covers/download_9_A4uOAHI.jpg",
    "checksum": "41417d583e98ff39d35f6d5e15db6d88eb06c40480c4646321f35a3dca17d7fa",
    "is_active": true,
    "created_at": "2026-03-24T09:00:23.982Z"
  }
},
{
  "model": "beats.featuredcoverphoto",
  "pk": 157,
  "fields": {
    "title": "download (10)",
    "image": "beats/featured-covers/download_10_AU4G61w.jpg",
    "checksum": "f79adb5082bcd8e2f8f0c87f60af28ead1a57a96e24b81d69ac3d3927183af1c",
    "is_active": true,
    "created_at": "2026-03-24T09:00:24.103Z"
  }
},
{
  "model": "beats.featuredcoverphoto",
  "pk": 158,
  "fields": {
    "title": "download (11)",
    "image": "beats/featured-covers/download_11_7K860CU.jpg",
    "checksum": "0af7e3b14a87ef2abe8d4b127ed457683371e80d05dbbe572adc20f73c51914b",
    "is_active": true,
    "created_at": "2026-03-24T09:00:24.240Z"
  }
},
{
  "model": "beats.featuredcoverphoto",
  "pk": 159,
  "fields": {
    "title": "download (12)",
    "image": "beats/featured-covers/download_12_GLRgnaT.jpg",
    "checksum": "0796efe3d3bc7fd3fef15fdaff964a60996435ba28f460f61bbf848e8aefab0e",
    "is_active": true,
    "created_at": "2026-03-24T09:00:24.372Z"
  }
},
{
  "model": "beats.featuredcoverphoto",
  "pk": 160,
  "fields": {
    "title": "download (13)",
    "image": "beats/featured-covers/download_13_L3i9emY.jpg",
    "checksum": "d63f7675b76c5ccd3d83b067246cc8cc95314f6ed8c173cc4d960dc2c0b60d98",
    "is_active": true,
    "created_at": "2026-03-24T09:00:24.495Z"
  }
},
{
  "model": "beats.featuredcoverphoto",
  "pk": 161,
  "fields": {
    "title": "download (14)",
    "image": "beats/featured-covers/download_14_KmLfSge.jpg",
    "checksum": "76e0cee1227fcc9a4d607717aa569890a0ccbb71105ef2af23d5cf25ac595e18",
    "is_active": true,
    "created_at": "2026-03-24T09:00:24.647Z"
  }
},
{
  "model": "beats.featuredcoverphoto",
  "pk": 162,
  "fields": {
    "title": "download (15)",
    "image": "beats/featured-covers/download_15_OB2ljYb.jpg",
    "checksum": "a452addaa63bb3ff3135b8732922feeea4d98e16069637b2221d5a47a164c70d",
    "is_active": true,
    "created_at": "2026-03-24T09:00:24.783Z"
  }
},
{
  "model": "beats.featuredcoverphoto",
  "pk": 163,
  "fields": {
    "title": "download (16)",
    "image": "beats/featured-covers/download_16_Rt0nbPW.jpg",
    "checksum": "e15dc72f3e8be3b057c732fc9a6aff94f6226ff16c8029cbbddb8fac7fa1da15",
    "is_active": true,
    "created_at": "2026-03-24T09:00:24.978Z"
  }
},
{
  "model": "beats.featuredcoverphoto",
  "pk": 164,
  "fields": {
    "title": "download (17)",
    "image": "beats/featured-covers/download_17_6rrO246.jpg",
    "checksum": "0a1e8e14d816cbe1da581f3b3ee11e9b681eea453189db43ed02f2886677f2c0",
    "is_active": true,
    "created_at": "2026-03-24T09:00:25.105Z"
  }
},
{
  "model": "beats.featuredcoverphoto",
  "pk": 165,
  "fields": {
    "title": "download (18)",
    "image": "beats/featured-covers/download_18_p1cviGK.jpg",
    "checksum": "aa831e4c9ddf931c63e6b2f83668035802c395c903b44e0ed6d92cb27850c133",
    "is_active": true,
    "created_at": "2026-03-24T09:00:25.226Z"
  }
},
{
  "model": "beats.featuredcoverphoto",
  "pk": 166,
  "fields": {
    "title": "download (19)",
    "image": "beats/featured-covers/download_19_eLjtKU3.jpg",
    "checksum": "af621dda579480c8f0f7dc02e1c797d1c1f6c1c07adb5b5a5ef1e868c9fbe4a5",
    "is_active": true,
    "created_at": "2026-03-24T09:00:25.371Z"
  }
},
{
  "model": "beats.featuredcoverphoto",
  "pk": 167,
  "fields": {
    "title": "download (20)",
    "image": "beats/featured-covers/download_20_RpQ7XSL.jpg",
    "checksum": "91e94659edf573481682541d07477cdf3bf50cbb72363d5b88db56b5d20fdca0",
    "is_active": true,
    "created_at": "2026-03-24T09:00:25.495Z"
  }
},
{
  "model": "beats.featuredcoverphoto",
  "pk": 168,
  "fields": {
    "title": "download (21)",
    "image": "beats/featured-covers/download_21_8nE8t1s.jpg",
    "checksum": "75965b4b364ac51cca9e9ca3314937c92a4529b337252c11ffc2f8221bbafb56",
    "is_active": true,
    "created_at": "2026-03-24T09:00:25.650Z"
  }
},
{
  "model": "beats.featuredcoverphoto",
  "pk": 169,
  "fields": {
    "title": "download (22)",
    "image": "beats/featured-covers/download_22_JGIS4W0.jpg",
    "checksum": "cf655d110dcfa5bc98f9e44d397c070ff5df432b385ee6ede156a7de2f2a3ee3",
    "is_active": true,
    "created_at": "2026-03-24T09:00:25.766Z"
  }
},
{
  "model": "beats.featuredcoverphoto",
  "pk": 170,
  "fields": {
    "title": "download (23)",
    "image": "beats/featured-covers/download_23_PNqPZdS.jpg",
    "checksum": "c22e5ec0f858af33e7e693b3ce4781b2c62650a91788a01607c4f23a3cea77a5",
    "is_active": true,
    "created_at": "2026-03-24T09:00:25.928Z"
  }
},
{
  "model": "beats.featuredcoverphoto",
  "pk": 171,
  "fields": {
    "title": "download (24)",
    "image": "beats/featured-covers/download_24_icBvQZ8.jpg",
    "checksum": "94894dc86a91db2c42072293e8a8bd47d913aaef2bb070b7b0b21ec859c74010",
    "is_active": true,
    "created_at": "2026-03-24T09:00:26.101Z"
  }
},
{
  "model": "beats.featuredcoverphoto",
  "pk": 172,
  "fields": {
    "title": "download (25)",
    "image": "beats/featured-covers/download_25_BUpq9zE.jpg",
    "checksum": "27a3d11a3ae85ace6f0955ec3a216bdc37d808383c6ff8e3294543b5c7e32c03",
    "is_active": true,
    "created_at": "2026-03-24T09:00:26.229Z"
  }
},
{
  "model": "beats.featuredcoverphoto",
  "pk": 173,
  "fields": {
    "title": "download (26)",
    "image": "beats/featured-covers/download_26_JitQ8gk.jpg",
    "checksum": "8f8043a6bbdd770172ebd3c346afe1f8f422c10fb6185fe2922e392cbd814a47",
    "is_active": true,
    "created_at": "2026-03-24T09:00:26.382Z"
  }
},
{
  "model": "beats.featuredcoverphoto",
  "pk": 174,
  "fields": {
    "title": "download (27)",
    "image": "beats/featured-covers/download_27_Z1GF3PA.jpg",
    "checksum": "6e581df2c7ae42e20ee4b762f9e1b4b76bae4c726e250e025d3f6dfdef795152",
    "is_active": true,
    "created_at": "2026-03-24T09:00:26.803Z"
  }
},
{
  "model": "beats.featuredcoverphoto",
  "pk": 175,
  "fields": {
    "title": "download (28)",
    "image": "beats/featured-covers/download_28_zdQbUxT.jpg",
    "checksum": "a00564abccbf46dd383c8d7b44f2e3faad39fde026c870f1f6256bebed49807d",
    "is_active": true,
    "created_at": "2026-03-24T09:00:26.932Z"
  }
},
{
  "model": "beats.featuredcoverphoto",
  "pk": 176,
  "fields": {
    "title": "download (29)",
    "image": "beats/featured-covers/download_29_sK9HFUf.jpg",
    "checksum": "031d045f18b314fe3fdfe2a4e047f6fa1e2ab345bc814b31a6a19eedbb599cd1",
    "is_active": true,
    "created_at": "2026-03-24T09:00:27.153Z"
  }
},
{
  "model": "beats.featuredcoverphoto",
  "pk": 177,
  "fields": {
    "title": "download (30)",
    "image": "beats/featured-covers/download_30_VyvdvC8.jpg",
    "checksum": "9199906df6377dab0a142b42a8b2414be896a68a0f6ecb143b158f1839fcf338",
    "is_active": true,
    "created_at": "2026-03-24T09:00:27.290Z"
  }
},
{
  "model": "beats.featuredcoverphoto",
  "pk": 178,
  "fields": {
    "title": "download",
    "image": "beats/featured-covers/download_dUz58CY.jpg",
    "checksum": "142263b0fe2bd55704d9b646e686bfad284f7ddfde37082ed4a2758408b96fae",
    "is_active": true,
    "created_at": "2026-03-24T09:00:27.418Z"
  }
},
{
  "model": "beats.featuredcoverphoto",
  "pk": 179,
  "fields": {
    "title": "FrUkT",
    "image": "beats/featured-covers/FrUkT.jpg",
    "checksum": "13112121cca50fbd671b0a5fc6d925b2f8159c6f9346b4bbaa61913458597330",
    "is_active": true,
    "created_at": "2026-03-24T09:00:27.544Z"
  }
},
{
  "model": "beats.featuredcoverphoto",
  "pk": 180,
  "fields": {
    "title": "Fujitora",
    "image": "beats/featured-covers/Fujitora.jpg",
    "checksum": "f3155aa1dc1a9884b2d5ce0890efeb0a9f48fc14f9ff995ad3bda20c15dfa7dd",
    "is_active": true,
    "created_at": "2026-03-24T09:00:27.665Z"
  }
},
{
  "model": "beats.featuredcoverphoto",
  "pk": 181,
  "fields": {
    "title": "Gleipnir",
    "image": "beats/featured-covers/Gleipnir.jpg",
    "checksum": "10fc04714ee1781b71cf339c28ad53157bbfbf5ece4da204de084e786484c693",
    "is_active": true,
    "created_at": "2026-03-24T09:00:27.792Z"
  }
},
{
  "model": "beats.featuredcoverphoto",
  "pk": 182,
  "fields": {
    "title": "Jinbei",
    "image": "beats/featured-covers/Jinbei.jpg",
    "checksum": "1da65d493035be2034b65f8efb6431d110b064dc98144a8786e4b714a3503db5",
    "is_active": true,
    "created_at": "2026-03-24T09:00:27.913Z"
  }
},
{
  "model": "beats.featuredcoverphoto",
  "pk": 183,
  "fields": {
    "title": "Merry",
    "image": "beats/featured-covers/Merry.jpg",
    "checksum": "bfda825c1bae9d74fd8416a3e432583f3cf82ad6eebe1d58224925628255b237",
    "is_active": true,
    "created_at": "2026-03-24T09:00:28.105Z"
  }
},
{
  "model": "beats.featuredcoverphoto",
  "pk": 184,
  "fields": {
    "title": "MJrivxr",
    "image": "beats/featured-covers/MJrivxr.jpg",
    "checksum": "c3055bfddff75264b7e5ab4033f881c6251f09ce8b7b8d5f57a02bbc944cb558",
    "is_active": true,
    "created_at": "2026-03-24T09:00:28.290Z"
  }
},
{
  "model": "beats.featuredcoverphoto",
  "pk": 185,
  "fields": {
    "title": "Mr_bean",
    "image": "beats/featured-covers/Mr_bean.jpg",
    "checksum": "785eb1bcf5be472a8d7ef399eadd2d9fe38527cb9c7492e4c01fa984301f2ff4",
    "is_active": true,
    "created_at": "2026-03-24T09:00:28.501Z"
  }
},
{
  "model": "beats.featuredcoverphoto",
  "pk": 186,
  "fields": {
    "title": "OGGY",
    "image": "beats/featured-covers/OGGY.jpg",
    "checksum": "e29bbb34fc178151e26afb8c26115ec8ccd37f50a814960fcd358a2b716a6d8d",
    "is_active": true,
    "created_at": "2026-03-24T09:00:28.634Z"
  }
},
{
  "model": "beats.featuredcoverphoto",
  "pk": 187,
  "fields": {
    "title": "Owen Knight",
    "image": "beats/featured-covers/Owen_Knight.jpg",
    "checksum": "a117480d228686f0773cda6097e6863b584a8b9ed613f548131ce7e87a07a56b",
    "is_active": true,
    "created_at": "2026-03-24T09:00:28.864Z"
  }
},
{
  "model": "beats.featuredcoverphoto",
  "pk": 188,
  "fields": {
    "title": "R",
    "image": "beats/featured-covers/R.jpg",
    "checksum": "8fdc0cccd6df171c8ac00f2af1240406250ca119bbf710c345664f2d49f134fd",
    "is_active": true,
    "created_at": "2026-03-24T09:00:29.010Z"
  }
},
{
  "model": "beats.featuredcoverphoto",
  "pk": 189,
  "fields": {
    "title": "Sick Ass Adventure Time Pic",
    "image": "beats/featured-covers/Sick_Ass_Adventure_Time_Pic.jpg",
    "checksum": "f4e9173ed0785843010c19ea77fa7d1b7ea6f64ffe357b76de986c7596d53924",
    "is_active": true,
    "created_at": "2026-03-24T09:00:29.123Z"
  }
},
{
  "model": "beats.featuredcoverphoto",
  "pk": 190,
  "fields": {
    "title": "Spiderverse fanart",
    "image": "beats/featured-covers/Spiderverse_fanart.jpg",
    "checksum": "9d3040fa26e6530a2a913519dd926ca68575b571139c666a54db2dcade485d94",
    "is_active": true,
    "created_at": "2026-03-24T09:00:29.251Z"
  }
},
{
  "model": "beats.featuredcoverphoto",
  "pk": 191,
  "fields": {
    "title": "Sunny",
    "image": "beats/featured-covers/Sunny.jpg",
    "checksum": "1ab72ae1ba07513aa790b7ef7b929a8b321438cdf8d553055a2566143785d1c9",
    "is_active": true,
    "created_at": "2026-03-24T09:00:29.377Z"
  }
},
{
  "model": "beats.featuredcoverphoto",
  "pk": 192,
  "fields": {
    "title": "The first art im proud of",
    "image": "beats/featured-covers/The_first_art_im_proud_of.jpg",
    "checksum": "0bc8962da0dfa707df3bda1121db2fd3f8d8b4195d1e6879e3c4c245d8ed8425",
    "is_active": true,
    "created_at": "2026-03-24T09:00:29.508Z"
  }
},
{
  "model": "beats.featuredcoverphoto",
  "pk": 193,
  "fields": {
    "title": "TIMÃO",
    "image": "beats/featured-covers/TIMÃO.jpg",
    "checksum": "e8e4fcabfd631c310f700a91d0636abddeec96901efc2cef75ae68b8b610f8d2",
    "is_active": true,
    "created_at": "2026-03-24T09:00:29.636Z"
  }
},
{
  "model": "beats.featuredcoverphoto",
  "pk": 194,
  "fields": {
    "title": "ひかる",
    "image": "beats/featured-covers/ひかる.jpg",
    "checksum": "10b416c132bae1d1b5afe39008208abc411246f6416ccef9796457e6c51a21b9",
    "is_active": true,
    "created_at": "2026-03-24T09:00:29.752Z"
  }
},
{
  "model": "beats.featuredcoverphoto",
  "pk": 195,
  "fields": {
    "title": "愛",
    "image": "beats/featured-covers/愛.jpg",
    "checksum": "09f821985edb367646491d15dff0e95991a2c070bbd0866d458d1a7a930fba94",
    "is_active": true,
    "created_at": "2026-03-24T09:00:29.901Z"
  }
},
{
  "model": "beats.beat",
  "pk": 6,
  "fields": {
    "producer": [
      "sagar"
    ],
    "title": "dril",
    "beat_type": "Beat",
    "genre": "Afro",
    "instrument_type": "Accordion",
    "instrument_types": [
      "Accordion",
      "Brass"
    ],
    "bpm": 160,
    "key": "C Minor",
    "mood": "Aggressive",
    "mood_types": [
      "Aggressive",
      "Angry"
    ],
    "description": "",
    "base_price": "1500.00",
    "commercial_mode": "Presets",
    "enable_free_mp3_download": false,
    "non_exclusive_wav_enabled": true,
    "non_exclusive_wav_fee": "2000.00",
    "non_exclusive_stems_enabled": true,
    "non_exclusive_stems_fee": "3000.00",
    "non_exclusive_publishing_rights": "0%",
    "non_exclusive_master_recordings": "3 Recordings",
    "non_exclusive_license_period": "4 Years",
    "exclusive_enabled": true,
    "exclusive_license_fee": "5000.00",
    "exclusive_publishing_rights": "",
    "exclusive_negotiable": false,
    "declaration_accepted": true,
    "protection_status": "monitored",
    "fingerprint_status": "pending",
    "proof_of_upload": {},
    "abuse_reports_count": 0,
    "audio_file_obj": "",
    "preview_audio_obj": "beats/drafts/preview/Californication___Retro_Poland_CoverMP3_320K_uXTTBE2.mp3",
    "stems_file_obj": "",
    "cover_art_obj": "beats/drafts/covers/c9ol.jpg",
    "featured_cover_photo": null,
    "featured_producer_ids": [],
    "cover_art": "",
    "preview_audio": "",
    "audio_file": "",
    "is_active": true,
    "created_at": "2026-03-19T18:51:06.145Z",
    "tags": [
      1,
      2
    ],
    "available_licenses": [
      1,
      2,
      3
    ]
  }
},
{
  "model": "beats.beat",
  "pk": 9,
  "fields": {
    "producer": [
      "sagar"
    ],
    "title": "love me",
    "beat_type": "Beat",
    "genre": "Afro Pop",
    "instrument_type": "Synthesizer",
    "instrument_types": [
      "Synthesizer",
      "Flute"
    ],
    "bpm": 120,
    "key": "E Minor",
    "mood": "Bright",
    "mood_types": [
      "Bright",
      "Cheerful"
    ],
    "description": "",
    "base_price": "2000.00",
    "commercial_mode": "Presets",
    "enable_free_mp3_download": false,
    "non_exclusive_wav_enabled": true,
    "non_exclusive_wav_fee": "1000.00",
    "non_exclusive_stems_enabled": false,
    "non_exclusive_stems_fee": "2000.00",
    "non_exclusive_publishing_rights": "",
    "non_exclusive_master_recordings": "",
    "non_exclusive_license_period": "",
    "exclusive_enabled": true,
    "exclusive_license_fee": "4000.00",
    "exclusive_publishing_rights": "",
    "exclusive_negotiable": false,
    "declaration_accepted": true,
    "protection_status": "monitored",
    "fingerprint_status": "pending",
    "proof_of_upload": {},
    "abuse_reports_count": 0,
    "audio_file_obj": "",
    "preview_audio_obj": "beats/drafts/preview/Californication___Retro_Poland_CoverMP3_320K_7mwlM7X.mp3",
    "stems_file_obj": "",
    "cover_art_obj": "beats/featured-covers/download_4.jpg",
    "featured_cover_photo": 13,
    "featured_producer_ids": [],
    "cover_art": "",
    "preview_audio": "",
    "audio_file": "",
    "is_active": true,
    "created_at": "2026-03-19T19:47:28.098Z",
    "tags": [
      5
    ],
    "available_licenses": [
      1,
      3
    ]
  }
},
{
  "model": "beats.beat",
  "pk": 10,
  "fields": {
    "producer": [
      "sagar"
    ],
    "title": "uzi shots",
    "beat_type": "Beat",
    "genre": "Jazz Rap",
    "instrument_type": "Balalaika",
    "instrument_types": [
      "Balalaika",
      "Bagpipes"
    ],
    "bpm": 98,
    "key": "D# Minor",
    "mood": "Angry",
    "mood_types": [
      "Angry",
      "Smooth",
      "Scary"
    ],
    "description": "",
    "base_price": "1400.00",
    "commercial_mode": "Presets",
    "enable_free_mp3_download": false,
    "non_exclusive_wav_enabled": true,
    "non_exclusive_wav_fee": "200.00",
    "non_exclusive_stems_enabled": true,
    "non_exclusive_stems_fee": "2500.00",
    "non_exclusive_publishing_rights": "10%",
    "non_exclusive_master_recordings": "5 Recordings",
    "non_exclusive_license_period": "8 Years",
    "exclusive_enabled": true,
    "exclusive_license_fee": "3000.00",
    "exclusive_publishing_rights": "80%",
    "exclusive_negotiable": false,
    "declaration_accepted": true,
    "protection_status": "monitored",
    "fingerprint_status": "pending",
    "proof_of_upload": {},
    "abuse_reports_count": 0,
    "audio_file_obj": "",
    "preview_audio_obj": "beats/drafts/preview/GTA_San_Andreas_Theme_Song___Retro_Poland_CoverMP3_320K.mp3",
    "stems_file_obj": "",
    "cover_art_obj": "beats/featured-covers/download_27.jpg",
    "featured_cover_photo": 58,
    "featured_producer_ids": [],
    "cover_art": "",
    "preview_audio": "",
    "audio_file": "",
    "is_active": true,
    "created_at": "2026-03-19T21:18:21.748Z",
    "tags": [
      6,
      7,
      8
    ],
    "available_licenses": [
      1,
      2,
      3
    ]
  }
},
{
  "model": "beats.beat",
  "pk": 11,
  "fields": {
    "producer": [
      "sagar"
    ],
    "title": "Hills Echoes",
    "beat_type": "Beat",
    "genre": "Folk",
    "instrument_type": "Madal",
    "instrument_types": [
      "Madal",
      "Flute"
    ],
    "bpm": 90,
    "key": "G Major",
    "mood": "Uplifting",
    "mood_types": [
      "Uplifting",
      "Upbeat",
      "Bright"
    ],
    "description": "",
    "base_price": "2500.00",
    "commercial_mode": "Presets",
    "enable_free_mp3_download": false,
    "non_exclusive_wav_enabled": true,
    "non_exclusive_wav_fee": "4000.00",
    "non_exclusive_stems_enabled": true,
    "non_exclusive_stems_fee": "4000.00",
    "non_exclusive_publishing_rights": "10%",
    "non_exclusive_master_recordings": "8 Recordings",
    "non_exclusive_license_period": "8 Years",
    "exclusive_enabled": true,
    "exclusive_license_fee": "5000.00",
    "exclusive_publishing_rights": "",
    "exclusive_negotiable": true,
    "declaration_accepted": true,
    "protection_status": "monitored",
    "fingerprint_status": "pending",
    "proof_of_upload": {},
    "abuse_reports_count": 0,
    "audio_file_obj": "",
    "preview_audio_obj": "beats/drafts/preview/Hillside_Echoes.mp3",
    "stems_file_obj": "",
    "cover_art_obj": "beats/featured-covers/download_31.jpg",
    "featured_cover_photo": 54,
    "featured_producer_ids": [],
    "cover_art": "",
    "preview_audio": "",
    "audio_file": "",
    "is_active": true,
    "created_at": "2026-03-19T21:41:45.018Z",
    "tags": [
      9,
      10,
      11
    ],
    "available_licenses": [
      1,
      2,
      3
    ]
  }
},
{
  "model": "beats.beat",
  "pk": 12,
  "fields": {
    "producer": [
      "lashang"
    ],
    "title": "afro baby",
    "beat_type": "Beat",
    "genre": "Afro Beat",
    "instrument_type": "Flute",
    "instrument_types": [
      "Flute",
      "Piano"
    ],
    "bpm": 140,
    "key": "F Major",
    "mood": "Adored",
    "mood_types": [
      "Adored",
      "Anxious",
      "Atmospheric"
    ],
    "description": "",
    "base_price": "2000.00",
    "commercial_mode": "Presets",
    "enable_free_mp3_download": false,
    "non_exclusive_wav_enabled": true,
    "non_exclusive_wav_fee": "999.00",
    "non_exclusive_stems_enabled": true,
    "non_exclusive_stems_fee": "1999.00",
    "non_exclusive_publishing_rights": "",
    "non_exclusive_master_recordings": "",
    "non_exclusive_license_period": "",
    "exclusive_enabled": true,
    "exclusive_license_fee": "3999.00",
    "exclusive_publishing_rights": "",
    "exclusive_negotiable": false,
    "declaration_accepted": true,
    "protection_status": "monitored",
    "fingerprint_status": "pending",
    "proof_of_upload": {},
    "abuse_reports_count": 0,
    "audio_file_obj": "",
    "preview_audio_obj": "beats/drafts/preview/Feel_Good_Inc.___Retro_Poland_CoverMP3_320K.mp3",
    "stems_file_obj": "",
    "cover_art_obj": "beats/featured-covers/Big_Hero_Six.jpg",
    "featured_cover_photo": 90,
    "featured_producer_ids": [],
    "cover_art": "",
    "preview_audio": "",
    "audio_file": "",
    "is_active": true,
    "created_at": "2026-03-20T09:04:15.309Z",
    "tags": [
      12,
      13,
      14,
      15
    ],
    "available_licenses": [
      1,
      2,
      3
    ]
  }
},
{
  "model": "beats.beat",
  "pk": 13,
  "fields": {
    "producer": [
      "lashang"
    ],
    "title": "ktm vibes",
    "beat_type": "Beat",
    "genre": "Acoustic",
    "instrument_type": "Brass",
    "instrument_types": [
      "Brass",
      "Acoustic Guitar"
    ],
    "bpm": 85,
    "key": "D Minor",
    "mood": "Cheerful",
    "mood_types": [
      "Cheerful",
      "Complex"
    ],
    "description": "",
    "base_price": "989.00",
    "commercial_mode": "Presets",
    "enable_free_mp3_download": false,
    "non_exclusive_wav_enabled": true,
    "non_exclusive_wav_fee": "2500.00",
    "non_exclusive_stems_enabled": true,
    "non_exclusive_stems_fee": "3000.00",
    "non_exclusive_publishing_rights": "",
    "non_exclusive_master_recordings": "",
    "non_exclusive_license_period": "",
    "exclusive_enabled": true,
    "exclusive_license_fee": "4000.00",
    "exclusive_publishing_rights": "",
    "exclusive_negotiable": false,
    "declaration_accepted": true,
    "protection_status": "monitored",
    "fingerprint_status": "pending",
    "proof_of_upload": {},
    "abuse_reports_count": 0,
    "audio_file_obj": "",
    "preview_audio_obj": "beats/preview/The_Real_Slim_Shady___Retro_Poland_CoverMP3_320K.mp3",
    "stems_file_obj": "",
    "cover_art_obj": "beats/featured-covers/SNOOPY_.jpg",
    "featured_cover_photo": 36,
    "featured_producer_ids": [],
    "cover_art": "",
    "preview_audio": "",
    "audio_file": "",
    "is_active": true,
    "created_at": "2026-03-20T09:12:29.554Z",
    "tags": [
      16,
      17
    ],
    "available_licenses": [
      1,
      2,
      3
    ]
  }
},
{
  "model": "beats.beat",
  "pk": 14,
  "fields": {
    "producer": [
      "lashang"
    ],
    "title": "ktm grime",
    "beat_type": "Beat",
    "genre": "Afro",
    "instrument_type": "Arpeggio",
    "instrument_types": [
      "Arpeggio"
    ],
    "bpm": 86,
    "key": "B Major",
    "mood": "Bright",
    "mood_types": [
      "Bright"
    ],
    "description": "",
    "base_price": "700.00",
    "commercial_mode": "Presets",
    "enable_free_mp3_download": false,
    "non_exclusive_wav_enabled": true,
    "non_exclusive_wav_fee": "700.00",
    "non_exclusive_stems_enabled": true,
    "non_exclusive_stems_fee": "1200.00",
    "non_exclusive_publishing_rights": "",
    "non_exclusive_master_recordings": "",
    "non_exclusive_license_period": "",
    "exclusive_enabled": true,
    "exclusive_license_fee": "7000.00",
    "exclusive_publishing_rights": "",
    "exclusive_negotiable": false,
    "declaration_accepted": true,
    "protection_status": "monitored",
    "fingerprint_status": "pending",
    "proof_of_upload": {},
    "abuse_reports_count": 0,
    "audio_file_obj": "beats/audio/Crazy_Train_solo___Retro_PolandMP3_320K.mp3",
    "preview_audio_obj": "",
    "stems_file_obj": "",
    "cover_art_obj": "beats/featured-covers/miau.jpg",
    "featured_cover_photo": 2,
    "featured_producer_ids": [],
    "cover_art": "",
    "preview_audio": "",
    "audio_file": "",
    "is_active": true,
    "created_at": "2026-03-20T15:43:25.486Z",
    "tags": [
      18,
      19
    ],
    "available_licenses": [
      1,
      2,
      3
    ]
  }
},
{
  "model": "beats.beat",
  "pk": 15,
  "fields": {
    "producer": [
      "lashang"
    ],
    "title": "valley RNB",
    "beat_type": "Beat",
    "genre": "R&B",
    "instrument_type": "Acoustic Guitar",
    "instrument_types": [
      "Acoustic Guitar",
      "Guitar"
    ],
    "bpm": 87,
    "key": "E Minor",
    "mood": "Happy",
    "mood_types": [
      "Happy"
    ],
    "description": "",
    "base_price": "800.00",
    "commercial_mode": "Presets",
    "enable_free_mp3_download": false,
    "non_exclusive_wav_enabled": true,
    "non_exclusive_wav_fee": "1200.00",
    "non_exclusive_stems_enabled": true,
    "non_exclusive_stems_fee": "1500.00",
    "non_exclusive_publishing_rights": "20%",
    "non_exclusive_master_recordings": "4 Recordings",
    "non_exclusive_license_period": "5 Years",
    "exclusive_enabled": true,
    "exclusive_license_fee": "2500.00",
    "exclusive_publishing_rights": "",
    "exclusive_negotiable": true,
    "declaration_accepted": true,
    "protection_status": "monitored",
    "fingerprint_status": "pending",
    "proof_of_upload": {},
    "abuse_reports_count": 0,
    "audio_file_obj": "",
    "preview_audio_obj": "beats/preview/Cowboys_From_Hell_solo___Retro_Poland_CoverMP3_320K.mp3",
    "stems_file_obj": "",
    "cover_art_obj": "beats/featured-covers/.jpg",
    "featured_cover_photo": 49,
    "featured_producer_ids": [],
    "cover_art": "",
    "preview_audio": "",
    "audio_file": "",
    "is_active": true,
    "created_at": "2026-03-20T16:08:02.906Z",
    "tags": [
      15,
      20
    ],
    "available_licenses": [
      1,
      2,
      3
    ]
  }
},
{
  "model": "beats.beat",
  "pk": 16,
  "fields": {
    "producer": [
      "lashang"
    ],
    "title": "high times",
    "beat_type": "Beat",
    "genre": "West Coast",
    "instrument_type": "Bells",
    "instrument_types": [
      "Bells",
      "Sankirtan Singing Bells"
    ],
    "bpm": 88,
    "key": "E Minor",
    "mood": "Mellow",
    "mood_types": [
      "Mellow"
    ],
    "description": "",
    "base_price": "1800.00",
    "commercial_mode": "Presets",
    "enable_free_mp3_download": false,
    "non_exclusive_wav_enabled": true,
    "non_exclusive_wav_fee": "1500.00",
    "non_exclusive_stems_enabled": true,
    "non_exclusive_stems_fee": "1600.00",
    "non_exclusive_publishing_rights": "90%",
    "non_exclusive_master_recordings": "6 Recordings",
    "non_exclusive_license_period": "4 Years",
    "exclusive_enabled": true,
    "exclusive_license_fee": "1800.00",
    "exclusive_publishing_rights": "",
    "exclusive_negotiable": false,
    "declaration_accepted": true,
    "protection_status": "monitored",
    "fingerprint_status": "pending",
    "proof_of_upload": {},
    "abuse_reports_count": 0,
    "audio_file_obj": "beats/drafts/audio/Gangsta_s_Paradise___Retro_Poland_CoverMP3_320K.mp3",
    "preview_audio_obj": "beats/drafts/preview/Gangsta_s_Paradise___Retro_Poland_CoverMP3_320K.mp3",
    "stems_file_obj": "",
    "cover_art_obj": "beats/covers/download_35.jpg",
    "featured_cover_photo": null,
    "featured_producer_ids": [],
    "cover_art": "",
    "preview_audio": "",
    "audio_file": "",
    "is_active": true,
    "created_at": "2026-03-20T16:21:41.512Z",
    "tags": [
      21
    ],
    "available_licenses": [
      1,
      2,
      3
    ]
  }
},
{
  "model": "beats.beat",
  "pk": 17,
  "fields": {
    "producer": [
      "lashang"
    ],
    "title": "up in the sky",
    "beat_type": "Beat",
    "genre": "Ambient",
    "instrument_type": "Congas",
    "instrument_types": [
      "Congas"
    ],
    "bpm": 86,
    "key": "E Minor",
    "mood": "Crazy",
    "mood_types": [
      "Crazy"
    ],
    "description": "",
    "base_price": "999.00",
    "commercial_mode": "Presets",
    "enable_free_mp3_download": false,
    "non_exclusive_wav_enabled": true,
    "non_exclusive_wav_fee": "2700.00",
    "non_exclusive_stems_enabled": true,
    "non_exclusive_stems_fee": "5600.00",
    "non_exclusive_publishing_rights": "30%",
    "non_exclusive_master_recordings": "5 Recordings",
    "non_exclusive_license_period": "7 Years",
    "exclusive_enabled": true,
    "exclusive_license_fee": "8000.00",
    "exclusive_publishing_rights": "",
    "exclusive_negotiable": true,
    "declaration_accepted": true,
    "protection_status": "monitored",
    "fingerprint_status": "pending",
    "proof_of_upload": {},
    "abuse_reports_count": 0,
    "audio_file_obj": "beats/drafts/audio/Sonne___Retro_Poland_CoverMP3_320K.mp3",
    "preview_audio_obj": "beats/drafts/preview/Sonne___Retro_Poland_CoverMP3_320K.mp3",
    "stems_file_obj": "",
    "cover_art_obj": "beats/featured-covers/download_19_GvrB8Wx.jpg",
    "featured_cover_photo": 67,
    "featured_producer_ids": [],
    "cover_art": "",
    "preview_audio": "",
    "audio_file": "",
    "is_active": true,
    "created_at": "2026-03-20T16:23:27.242Z",
    "tags": [
      22
    ],
    "available_licenses": [
      1,
      2,
      3
    ]
  }
},
{
  "model": "beats.beat",
  "pk": 18,
  "fields": {
    "producer": [
      "lashang"
    ],
    "title": "cyclone",
    "beat_type": "Beat with Hook",
    "genre": "Acoustic",
    "instrument_type": "Piano",
    "instrument_types": [
      "Piano"
    ],
    "bpm": 76,
    "key": "G Major",
    "mood": "Reassuring",
    "mood_types": [
      "Reassuring"
    ],
    "description": "",
    "base_price": "1800.00",
    "commercial_mode": "Presets",
    "enable_free_mp3_download": false,
    "non_exclusive_wav_enabled": true,
    "non_exclusive_wav_fee": "5600.00",
    "non_exclusive_stems_enabled": true,
    "non_exclusive_stems_fee": "7800.00",
    "non_exclusive_publishing_rights": "",
    "non_exclusive_master_recordings": "",
    "non_exclusive_license_period": "",
    "exclusive_enabled": true,
    "exclusive_license_fee": "9999.00",
    "exclusive_publishing_rights": "",
    "exclusive_negotiable": false,
    "declaration_accepted": true,
    "protection_status": "monitored",
    "fingerprint_status": "pending",
    "proof_of_upload": {},
    "abuse_reports_count": 0,
    "audio_file_obj": "beats/drafts/audio/Sultans_Of_Swing_solo___Retro_Poland_CoverMP3_320K.mp3",
    "preview_audio_obj": "beats/drafts/preview/Sultans_Of_Swing_solo___Retro_Poland_CoverMP3_320K.mp3",
    "stems_file_obj": "",
    "cover_art_obj": "beats/featured-covers/download_21.jpg",
    "featured_cover_photo": 30,
    "featured_producer_ids": [],
    "cover_art": "",
    "preview_audio": "",
    "audio_file": "",
    "is_active": true,
    "created_at": "2026-03-20T16:28:11.730Z",
    "tags": [
      23,
      24,
      25
    ],
    "available_licenses": [
      1,
      2,
      3
    ]
  }
},
{
  "model": "beats.beat",
  "pk": 19,
  "fields": {
    "producer": [
      "sagar"
    ],
    "title": "1974 AD",
    "beat_type": "Beat with Hook",
    "genre": "Indie",
    "instrument_type": "Pulluvan Kutam",
    "instrument_types": [
      "Pulluvan Kutam",
      "Pena",
      "Pan Flute"
    ],
    "bpm": 98,
    "key": "E Minor",
    "mood": "Thoughtful",
    "mood_types": [
      "Thoughtful"
    ],
    "description": "",
    "base_price": "9876.00",
    "commercial_mode": "Presets",
    "enable_free_mp3_download": false,
    "non_exclusive_wav_enabled": true,
    "non_exclusive_wav_fee": "98.00",
    "non_exclusive_stems_enabled": true,
    "non_exclusive_stems_fee": "560.00",
    "non_exclusive_publishing_rights": "",
    "non_exclusive_master_recordings": "",
    "non_exclusive_license_period": "",
    "exclusive_enabled": true,
    "exclusive_license_fee": "700.00",
    "exclusive_publishing_rights": "",
    "exclusive_negotiable": false,
    "declaration_accepted": true,
    "protection_status": "monitored",
    "fingerprint_status": "pending",
    "proof_of_upload": {},
    "abuse_reports_count": 0,
    "audio_file_obj": "beats/drafts/audio/Beat_It_solo___Retro_Poland_CoverMP3_320K.mp3",
    "preview_audio_obj": "beats/drafts/preview/Beat_It_solo___Retro_Poland_CoverMP3_320K_rWukTlt.mp3",
    "stems_file_obj": "",
    "cover_art_obj": "beats/featured-covers/download_24_GlnVwu8.jpg",
    "featured_cover_photo": 61,
    "featured_producer_ids": [],
    "cover_art": "",
    "preview_audio": "",
    "audio_file": "",
    "is_active": true,
    "created_at": "2026-03-21T17:34:52.061Z",
    "tags": [
      16,
      26,
      27
    ],
    "available_licenses": [
      1,
      2,
      3
    ]
  }
},
{
  "model": "beats.beat",
  "pk": 20,
  "fields": {
    "producer": [
      "freecodex100"
    ],
    "title": "yeti chokho neplai sampled beat",
    "beat_type": "Beat with Hook",
    "genre": "Hip Hop",
    "instrument_type": "Piano",
    "instrument_types": [
      "Piano"
    ],
    "bpm": 88,
    "key": "D Minor",
    "mood": "Bright",
    "mood_types": [
      "Bright"
    ],
    "description": "",
    "base_price": "1000.00",
    "commercial_mode": "Presets",
    "enable_free_mp3_download": false,
    "non_exclusive_wav_enabled": true,
    "non_exclusive_wav_fee": "2000.00",
    "non_exclusive_stems_enabled": true,
    "non_exclusive_stems_fee": "2500.00",
    "non_exclusive_publishing_rights": "70%",
    "non_exclusive_master_recordings": "6 Recordings",
    "non_exclusive_license_period": "8 Years",
    "exclusive_enabled": false,
    "exclusive_license_fee": "3400.00",
    "exclusive_publishing_rights": "80%",
    "exclusive_negotiable": true,
    "declaration_accepted": true,
    "protection_status": "monitored",
    "fingerprint_status": "pending",
    "proof_of_upload": {},
    "abuse_reports_count": 0,
    "audio_file_obj": "beats/drafts/audio/FREE_Nepali_Sample_Love_Type_Beat_-__Yeti_Chokho____Emotional_Rap_Pia_p99PifR.mp3",
    "preview_audio_obj": "beats/drafts/preview/FREE_Nepali_Sample_Love_Type_Beat_-__Yeti_Chokho____Emotional_Rap_P_ELHWX1z.mp3",
    "stems_file_obj": "",
    "cover_art_obj": "beats/featured-covers/Cute_Snoppy_Plush__.jpg",
    "featured_cover_photo": 9,
    "featured_producer_ids": [],
    "cover_art": "",
    "preview_audio": "",
    "audio_file": "",
    "is_active": true,
    "created_at": "2026-03-27T08:51:09.796Z",
    "tags": [
      28
    ],
    "available_licenses": [
      1,
      2
    ]
  }
},
{
  "model": "beats.beat",
  "pk": 21,
  "fields": {
    "producer": [
      "sagar"
    ],
    "title": "afro beat neapli",
    "beat_type": "Beat with Hook",
    "genre": "Lo-Fi",
    "instrument_type": "Electric Guitar",
    "instrument_types": [
      "Electric Guitar"
    ],
    "bpm": 88,
    "key": "G Major",
    "mood": "Angry",
    "mood_types": [
      "Angry"
    ],
    "description": "",
    "base_price": "1000.00",
    "commercial_mode": "Presets",
    "enable_free_mp3_download": false,
    "non_exclusive_wav_enabled": true,
    "non_exclusive_wav_fee": "1500.00",
    "non_exclusive_stems_enabled": false,
    "non_exclusive_stems_fee": "200.00",
    "non_exclusive_publishing_rights": "30%",
    "non_exclusive_master_recordings": "2 Recordings",
    "non_exclusive_license_period": "3 Years",
    "exclusive_enabled": false,
    "exclusive_license_fee": "5000.00",
    "exclusive_publishing_rights": "20%",
    "exclusive_negotiable": false,
    "declaration_accepted": true,
    "protection_status": "monitored",
    "fingerprint_status": "pending",
    "proof_of_upload": {},
    "abuse_reports_count": 0,
    "audio_file_obj": "",
    "preview_audio_obj": "",
    "stems_file_obj": "",
    "cover_art_obj": "beats/featured-covers/Derpixon_-_mimicry.jpg",
    "featured_cover_photo": 147,
    "featured_producer_ids": [],
    "cover_art": "",
    "preview_audio": "",
    "audio_file": "",
    "is_active": true,
    "created_at": "2026-03-28T06:08:47.058Z",
    "tags": [
      28
    ],
    "available_licenses": [
      1
    ]
  }
},
{
  "model": "beats.beattrendsnapshot",
  "pk": 1,
  "fields": {
    "beat": 19,
    "period": "daily",
    "rank": 1,
    "score": 0.008897,
    "plays": 4,
    "likes": 1,
    "purchases": 1,
    "calculated_at": "2026-03-23T06:14:07.915Z"
  }
},
{
  "model": "beats.beattrendsnapshot",
  "pk": 2,
  "fields": {
    "beat": 18,
    "period": "daily",
    "rank": 2,
    "score": 0.005759,
    "plays": 2,
    "likes": 0,
    "purchases": 2,
    "calculated_at": "2026-03-23T06:14:07.915Z"
  }
},
{
  "model": "beats.beattrendsnapshot",
  "pk": 3,
  "fields": {
    "beat": 17,
    "period": "daily",
    "rank": 3,
    "score": 0.002929,
    "plays": 2,
    "likes": 0,
    "purchases": 1,
    "calculated_at": "2026-03-23T06:14:07.915Z"
  }
},
{
  "model": "beats.beattrendsnapshot",
  "pk": 4,
  "fields": {
    "beat": 16,
    "period": "daily",
    "rank": 4,
    "score": 0.002814,
    "plays": 0,
    "likes": 0,
    "purchases": 1,
    "calculated_at": "2026-03-23T06:14:07.915Z"
  }
},
{
  "model": "beats.beattrendsnapshot",
  "pk": 5,
  "fields": {
    "beat": 13,
    "period": "daily",
    "rank": 5,
    "score": 0.002325,
    "plays": 0,
    "likes": 0,
    "purchases": 1,
    "calculated_at": "2026-03-23T06:14:07.915Z"
  }
},
{
  "model": "beats.beattrendsnapshot",
  "pk": 6,
  "fields": {
    "beat": 11,
    "period": "daily",
    "rank": 6,
    "score": 0.000177,
    "plays": 5,
    "likes": 0,
    "purchases": 0,
    "calculated_at": "2026-03-23T06:14:07.915Z"
  }
},
{
  "model": "beats.beattrendsnapshot",
  "pk": 7,
  "fields": {
    "beat": 10,
    "period": "daily",
    "rank": 7,
    "score": 0.000141,
    "plays": 4,
    "likes": 0,
    "purchases": 0,
    "calculated_at": "2026-03-23T06:14:07.915Z"
  }
},
{
  "model": "beats.beattrendsnapshot",
  "pk": 8,
  "fields": {
    "beat": 9,
    "period": "daily",
    "rank": 8,
    "score": 0.000102,
    "plays": 3,
    "likes": 0,
    "purchases": 0,
    "calculated_at": "2026-03-23T06:14:07.915Z"
  }
},
{
  "model": "beats.beattrendsnapshot",
  "pk": 9,
  "fields": {
    "beat": 6,
    "period": "daily",
    "rank": 9,
    "score": 0.0001,
    "plays": 3,
    "likes": 0,
    "purchases": 0,
    "calculated_at": "2026-03-23T06:14:07.915Z"
  }
},
{
  "model": "beats.beattrendsnapshot",
  "pk": 10,
  "fields": {
    "beat": 18,
    "period": "weekly",
    "rank": 1,
    "score": 0.012083,
    "plays": 4,
    "likes": 1,
    "purchases": 4,
    "calculated_at": "2026-03-23T06:14:09.992Z"
  }
},
{
  "model": "beats.beattrendsnapshot",
  "pk": 11,
  "fields": {
    "beat": 19,
    "period": "weekly",
    "rank": 2,
    "score": 0.010287,
    "plays": 4,
    "likes": 2,
    "purchases": 1,
    "calculated_at": "2026-03-23T06:14:09.992Z"
  }
},
{
  "model": "beats.beattrendsnapshot",
  "pk": 12,
  "fields": {
    "beat": 17,
    "period": "weekly",
    "rank": 3,
    "score": 0.009802,
    "plays": 4,
    "likes": 2,
    "purchases": 3,
    "calculated_at": "2026-03-23T06:14:09.992Z"
  }
},
{
  "model": "beats.beattrendsnapshot",
  "pk": 13,
  "fields": {
    "beat": 16,
    "period": "weekly",
    "rank": 4,
    "score": 0.006811,
    "plays": 1,
    "likes": 2,
    "purchases": 2,
    "calculated_at": "2026-03-23T06:14:09.992Z"
  }
},
{
  "model": "beats.beattrendsnapshot",
  "pk": 14,
  "fields": {
    "beat": 12,
    "period": "weekly",
    "rank": 5,
    "score": 0.002919,
    "plays": 3,
    "likes": 1,
    "purchases": 1,
    "calculated_at": "2026-03-23T06:14:09.992Z"
  }
},
{
  "model": "beats.beattrendsnapshot",
  "pk": 15,
  "fields": {
    "beat": 13,
    "period": "weekly",
    "rank": 6,
    "score": 0.002325,
    "plays": 0,
    "likes": 0,
    "purchases": 1,
    "calculated_at": "2026-03-23T06:14:09.992Z"
  }
},
{
  "model": "beats.beattrendsnapshot",
  "pk": 16,
  "fields": {
    "beat": 11,
    "period": "weekly",
    "rank": 7,
    "score": 0.000781,
    "plays": 12,
    "likes": 1,
    "purchases": 0,
    "calculated_at": "2026-03-23T06:14:09.992Z"
  }
},
{
  "model": "beats.beattrendsnapshot",
  "pk": 17,
  "fields": {
    "beat": 14,
    "period": "weekly",
    "rank": 8,
    "score": 0.000608,
    "plays": 1,
    "likes": 1,
    "purchases": 0,
    "calculated_at": "2026-03-23T06:14:09.992Z"
  }
},
{
  "model": "beats.beattrendsnapshot",
  "pk": 18,
  "fields": {
    "beat": 10,
    "period": "weekly",
    "rank": 9,
    "score": 0.000563,
    "plays": 6,
    "likes": 1,
    "purchases": 0,
    "calculated_at": "2026-03-23T06:14:09.992Z"
  }
},
{
  "model": "beats.beattrendsnapshot",
  "pk": 19,
  "fields": {
    "beat": 6,
    "period": "weekly",
    "rank": 10,
    "score": 0.000501,
    "plays": 5,
    "likes": 1,
    "purchases": 0,
    "calculated_at": "2026-03-23T06:14:09.992Z"
  }
},
{
  "model": "beats.beattrendsnapshot",
  "pk": 20,
  "fields": {
    "beat": 9,
    "period": "weekly",
    "rank": 11,
    "score": 0.00017,
    "plays": 5,
    "likes": 0,
    "purchases": 0,
    "calculated_at": "2026-03-23T06:14:09.992Z"
  }
},
{
  "model": "beats.beatuploaddraft",
  "pk": 1,
  "fields": {
    "producer": [
      "sagar"
    ],
    "title": "sss",
    "beat_type": "Beat",
    "genre": "Alternative Rock",
    "instrument_type": "Saxophone",
    "instrument_types": [
      "Saxophone"
    ],
    "bpm": 90,
    "key": "C# Minor",
    "mood": "Cute",
    "mood_types": [
      "Cute"
    ],
    "description": "",
    "base_price": "9999.00",
    "commercial_mode": "Presets",
    "enable_free_mp3_download": false,
    "non_exclusive_wav_enabled": true,
    "non_exclusive_wav_fee": "0.00",
    "non_exclusive_stems_enabled": false,
    "non_exclusive_stems_fee": "0.00",
    "non_exclusive_publishing_rights": "10%",
    "non_exclusive_master_recordings": "8 Recordings",
    "non_exclusive_license_period": "7 Years",
    "exclusive_enabled": false,
    "exclusive_license_fee": "888.00",
    "exclusive_publishing_rights": "80%",
    "exclusive_negotiable": true,
    "declaration_accepted": true,
    "protection_status": "monitored",
    "fingerprint_status": "pending",
    "proof_of_upload": {},
    "abuse_reports_count": 0,
    "selected_license_ids": [],
    "media": {},
    "audio_file_obj": "",
    "preview_audio_obj": "beats/drafts/preview/preview_WpMfSIr.mp3",
    "stems_file_obj": "",
    "cover_art_obj": "beats/drafts/covers/ChatGPT_Image_Mar_10_2026_07_13_10_PM_m1hh7vg.png",
    "featured_cover_photo": null,
    "featured_producer_ids": [],
    "current_step": 4,
    "status": "published",
    "published_beat": null,
    "created_at": "2026-03-09T21:39:05.221Z",
    "updated_at": "2026-03-14T08:05:23.586Z"
  }
},
{
  "model": "beats.beatuploaddraft",
  "pk": 2,
  "fields": {
    "producer": [
      "sagar"
    ],
    "title": "fdvfd",
    "beat_type": "Beat",
    "genre": "Afro Pop",
    "instrument_type": "Bells",
    "instrument_types": [
      "Bells"
    ],
    "bpm": 67,
    "key": "D# Minor",
    "mood": "Energetic",
    "mood_types": [
      "Energetic"
    ],
    "description": "",
    "base_price": "8888.00",
    "commercial_mode": "Presets",
    "enable_free_mp3_download": false,
    "non_exclusive_wav_enabled": true,
    "non_exclusive_wav_fee": "999.00",
    "non_exclusive_stems_enabled": false,
    "non_exclusive_stems_fee": "99.00",
    "non_exclusive_publishing_rights": "10%",
    "non_exclusive_master_recordings": "2 Recordings",
    "non_exclusive_license_period": "4 Years",
    "exclusive_enabled": false,
    "exclusive_license_fee": "999.00",
    "exclusive_publishing_rights": "",
    "exclusive_negotiable": false,
    "declaration_accepted": true,
    "protection_status": "monitored",
    "fingerprint_status": "pending",
    "proof_of_upload": {},
    "abuse_reports_count": 0,
    "selected_license_ids": [],
    "media": {},
    "audio_file_obj": "",
    "preview_audio_obj": "beats/drafts/preview/ANDAZIFICATION_-_THIKAI_CHAAMP3_320K.mp3",
    "stems_file_obj": "",
    "cover_art_obj": "",
    "featured_cover_photo": null,
    "featured_producer_ids": [],
    "current_step": 4,
    "status": "published",
    "published_beat": null,
    "created_at": "2026-03-14T20:36:16.387Z",
    "updated_at": "2026-03-14T20:37:32.920Z"
  }
},
{
  "model": "beats.beatuploaddraft",
  "pk": 3,
  "fields": {
    "producer": [
      "sagar"
    ],
    "title": "boom bap",
    "beat_type": "Beat",
    "genre": "Afro",
    "instrument_type": "Trumpet",
    "instrument_types": [
      "Trumpet"
    ],
    "bpm": 89,
    "key": "D Minor",
    "mood": "Energetic",
    "mood_types": [
      "Energetic"
    ],
    "description": "",
    "base_price": "980.00",
    "commercial_mode": "Presets",
    "enable_free_mp3_download": false,
    "non_exclusive_wav_enabled": true,
    "non_exclusive_wav_fee": "980.00",
    "non_exclusive_stems_enabled": true,
    "non_exclusive_stems_fee": "1500.00",
    "non_exclusive_publishing_rights": "10%",
    "non_exclusive_master_recordings": "8 Recordings",
    "non_exclusive_license_period": "9 Years",
    "exclusive_enabled": true,
    "exclusive_license_fee": "9800.00",
    "exclusive_publishing_rights": "90%",
    "exclusive_negotiable": false,
    "declaration_accepted": true,
    "protection_status": "monitored",
    "fingerprint_status": "pending",
    "proof_of_upload": {},
    "abuse_reports_count": 0,
    "selected_license_ids": [],
    "media": {},
    "audio_file_obj": "",
    "preview_audio_obj": "beats/drafts/preview/Axel_F___Retro_Poland_CoverMP3_320K.mp3",
    "stems_file_obj": "",
    "cover_art_obj": "",
    "featured_cover_photo": null,
    "featured_producer_ids": [],
    "current_step": 4,
    "status": "published",
    "published_beat": null,
    "created_at": "2026-03-19T05:36:59.636Z",
    "updated_at": "2026-03-19T05:38:40.335Z"
  }
},
{
  "model": "beats.beatuploaddraft",
  "pk": 4,
  "fields": {
    "producer": [
      "sagar"
    ],
    "title": "dril",
    "beat_type": "Beat",
    "genre": "Afro",
    "instrument_type": "Accordion",
    "instrument_types": [
      "Accordion",
      "Brass"
    ],
    "bpm": 160,
    "key": "C Minor",
    "mood": "Aggressive",
    "mood_types": [
      "Aggressive",
      "Angry"
    ],
    "description": "",
    "base_price": "1500.00",
    "commercial_mode": "Presets",
    "enable_free_mp3_download": false,
    "non_exclusive_wav_enabled": true,
    "non_exclusive_wav_fee": "2000.00",
    "non_exclusive_stems_enabled": true,
    "non_exclusive_stems_fee": "3000.00",
    "non_exclusive_publishing_rights": "0%",
    "non_exclusive_master_recordings": "3 Recordings",
    "non_exclusive_license_period": "4 Years",
    "exclusive_enabled": true,
    "exclusive_license_fee": "5000.00",
    "exclusive_publishing_rights": "",
    "exclusive_negotiable": false,
    "declaration_accepted": true,
    "protection_status": "monitored",
    "fingerprint_status": "pending",
    "proof_of_upload": {},
    "abuse_reports_count": 0,
    "selected_license_ids": [],
    "media": {
      "tags": [
        "drill",
        "anger"
      ],
      "upload_card_state": {
        "cover_art": "c9ol.jpg"
      }
    },
    "audio_file_obj": "",
    "preview_audio_obj": "beats/drafts/preview/Californication___Retro_Poland_CoverMP3_320K_uXTTBE2.mp3",
    "stems_file_obj": "",
    "cover_art_obj": "beats/drafts/covers/c9ol.jpg",
    "featured_cover_photo": null,
    "featured_producer_ids": [],
    "current_step": 4,
    "status": "published",
    "published_beat": 6,
    "created_at": "2026-03-19T05:54:55.498Z",
    "updated_at": "2026-03-19T18:51:06.516Z"
  }
},
{
  "model": "beats.beatuploaddraft",
  "pk": 5,
  "fields": {
    "producer": [
      "sagar"
    ],
    "title": "study with me",
    "beat_type": "Beat",
    "genre": "Lo-Fi",
    "instrument_type": "Arpeggio",
    "instrument_types": [
      "Arpeggio",
      "Choir"
    ],
    "bpm": 90,
    "key": "F Major",
    "mood": "Bright",
    "mood_types": [
      "Bright",
      "Cheerful"
    ],
    "description": "",
    "base_price": "1500.00",
    "commercial_mode": "Presets",
    "enable_free_mp3_download": false,
    "non_exclusive_wav_enabled": true,
    "non_exclusive_wav_fee": "1500.00",
    "non_exclusive_stems_enabled": true,
    "non_exclusive_stems_fee": "200.00",
    "non_exclusive_publishing_rights": "20%",
    "non_exclusive_master_recordings": "3 Recordings",
    "non_exclusive_license_period": "8 Years",
    "exclusive_enabled": true,
    "exclusive_license_fee": "4000.00",
    "exclusive_publishing_rights": "",
    "exclusive_negotiable": false,
    "declaration_accepted": true,
    "protection_status": "monitored",
    "fingerprint_status": "pending",
    "proof_of_upload": {},
    "abuse_reports_count": 0,
    "selected_license_ids": [],
    "media": {
      "tags": [
        "lofi",
        "study"
      ],
      "upload_card_state": {
        "tagged_mp3": "Californication _ Retro Poland Cover(MP3_320K).mp3",
        "cover_art": "Пин на доске _5bf"
      }
    },
    "audio_file_obj": "",
    "preview_audio_obj": "beats/drafts/preview/Californication___Retro_Poland_CoverMP3_320K_GRjTCB0.mp3",
    "stems_file_obj": "",
    "cover_art_obj": "",
    "featured_cover_photo": null,
    "featured_producer_ids": [],
    "current_step": 4,
    "status": "published",
    "published_beat": null,
    "created_at": "2026-03-19T19:27:08.353Z",
    "updated_at": "2026-03-19T19:29:47.489Z"
  }
},
{
  "model": "beats.beatuploaddraft",
  "pk": 6,
  "fields": {
    "producer": [
      "sagar"
    ],
    "title": "",
    "beat_type": "",
    "genre": "",
    "instrument_type": "",
    "instrument_types": [],
    "bpm": null,
    "key": "",
    "mood": "",
    "mood_types": [],
    "description": "",
    "base_price": "0.00",
    "commercial_mode": "Presets",
    "enable_free_mp3_download": true,
    "non_exclusive_wav_enabled": true,
    "non_exclusive_wav_fee": "1500.00",
    "non_exclusive_stems_enabled": true,
    "non_exclusive_stems_fee": "200.00",
    "non_exclusive_publishing_rights": "20%",
    "non_exclusive_master_recordings": "3 Recordings",
    "non_exclusive_license_period": "8 Years",
    "exclusive_enabled": true,
    "exclusive_license_fee": "4000.00",
    "exclusive_publishing_rights": "",
    "exclusive_negotiable": false,
    "declaration_accepted": true,
    "protection_status": "monitored",
    "fingerprint_status": "pending",
    "proof_of_upload": {},
    "abuse_reports_count": 0,
    "selected_license_ids": [],
    "media": {
      "tags": [
        "lofi",
        "study"
      ],
      "upload_card_state": {
        "tagged_mp3": "Clarinet Polka (Grandpa_s Polka) _ Retro Poland Cover(MP3_320K).mp3",
        "cover_art": "Average radiohead listening expirience"
      }
    },
    "audio_file_obj": "",
    "preview_audio_obj": "",
    "stems_file_obj": "",
    "cover_art_obj": "",
    "featured_cover_photo": null,
    "featured_producer_ids": [],
    "current_step": 3,
    "status": "draft",
    "published_beat": null,
    "created_at": "2026-03-19T19:30:40.288Z",
    "updated_at": "2026-03-19T19:30:40.510Z"
  }
},
{
  "model": "beats.beatuploaddraft",
  "pk": 7,
  "fields": {
    "producer": [
      "sagar"
    ],
    "title": "gu",
    "beat_type": "Beat",
    "genre": "Afro Pop",
    "instrument_type": "Arpeggio",
    "instrument_types": [
      "Arpeggio"
    ],
    "bpm": 99,
    "key": "E Minor",
    "mood": "Aggressive",
    "mood_types": [
      "Aggressive"
    ],
    "description": "",
    "base_price": "1000.00",
    "commercial_mode": "Presets",
    "enable_free_mp3_download": false,
    "non_exclusive_wav_enabled": true,
    "non_exclusive_wav_fee": "500.00",
    "non_exclusive_stems_enabled": true,
    "non_exclusive_stems_fee": "100.00",
    "non_exclusive_publishing_rights": "",
    "non_exclusive_master_recordings": "",
    "non_exclusive_license_period": "",
    "exclusive_enabled": true,
    "exclusive_license_fee": "20000.00",
    "exclusive_publishing_rights": "",
    "exclusive_negotiable": false,
    "declaration_accepted": true,
    "protection_status": "monitored",
    "fingerprint_status": "pending",
    "proof_of_upload": {},
    "abuse_reports_count": 0,
    "selected_license_ids": [],
    "media": {
      "tags": [
        "lofi",
        "study"
      ],
      "upload_card_state": {
        "tagged_mp3": "Clarinet Polka (Grandpa_s Polka) _ Retro Poland Cover(MP3_320K).mp3",
        "cover_art": "#miau"
      }
    },
    "audio_file_obj": "",
    "preview_audio_obj": "beats/drafts/preview/Clarinet_Polka_Grandpa_s_Polka___Retro_Poland_CoverMP3_320K.mp3",
    "stems_file_obj": "",
    "cover_art_obj": "",
    "featured_cover_photo": null,
    "featured_producer_ids": [],
    "current_step": 4,
    "status": "published",
    "published_beat": null,
    "created_at": "2026-03-19T19:30:40.627Z",
    "updated_at": "2026-03-19T19:31:41.430Z"
  }
},
{
  "model": "beats.beatuploaddraft",
  "pk": 8,
  "fields": {
    "producer": [
      "sagar"
    ],
    "title": "love me",
    "beat_type": "Beat",
    "genre": "Afro Pop",
    "instrument_type": "Synthesizer",
    "instrument_types": [
      "Synthesizer",
      "Flute"
    ],
    "bpm": 120,
    "key": "E Minor",
    "mood": "Bright",
    "mood_types": [
      "Bright",
      "Cheerful"
    ],
    "description": "",
    "base_price": "2000.00",
    "commercial_mode": "Presets",
    "enable_free_mp3_download": false,
    "non_exclusive_wav_enabled": true,
    "non_exclusive_wav_fee": "1000.00",
    "non_exclusive_stems_enabled": false,
    "non_exclusive_stems_fee": "2000.00",
    "non_exclusive_publishing_rights": "",
    "non_exclusive_master_recordings": "",
    "non_exclusive_license_period": "",
    "exclusive_enabled": true,
    "exclusive_license_fee": "4000.00",
    "exclusive_publishing_rights": "",
    "exclusive_negotiable": false,
    "declaration_accepted": true,
    "protection_status": "monitored",
    "fingerprint_status": "pending",
    "proof_of_upload": {},
    "abuse_reports_count": 0,
    "selected_license_ids": [],
    "media": {
      "tags": [
        "love"
      ],
      "upload_card_state": {
        "tagged_mp3": "Californication _ Retro Poland Cover(MP3_320K).mp3",
        "cover_art": "download (4)"
      }
    },
    "audio_file_obj": "",
    "preview_audio_obj": "beats/drafts/preview/Californication___Retro_Poland_CoverMP3_320K_7mwlM7X.mp3",
    "stems_file_obj": "",
    "cover_art_obj": "beats/featured-covers/download_4.jpg",
    "featured_cover_photo": 13,
    "featured_producer_ids": [],
    "current_step": 4,
    "status": "published",
    "published_beat": 9,
    "created_at": "2026-03-19T19:46:53.629Z",
    "updated_at": "2026-03-19T19:47:28.395Z"
  }
},
{
  "model": "beats.beatuploaddraft",
  "pk": 9,
  "fields": {
    "producer": [
      "sagar"
    ],
    "title": "uzi shots",
    "beat_type": "Beat",
    "genre": "Jazz Rap",
    "instrument_type": "Balalaika",
    "instrument_types": [
      "Balalaika",
      "Bagpipes"
    ],
    "bpm": 98,
    "key": "D# Minor",
    "mood": "Angry",
    "mood_types": [
      "Angry",
      "Smooth",
      "Scary"
    ],
    "description": "",
    "base_price": "1400.00",
    "commercial_mode": "Presets",
    "enable_free_mp3_download": false,
    "non_exclusive_wav_enabled": true,
    "non_exclusive_wav_fee": "200.00",
    "non_exclusive_stems_enabled": true,
    "non_exclusive_stems_fee": "2500.00",
    "non_exclusive_publishing_rights": "10%",
    "non_exclusive_master_recordings": "5 Recordings",
    "non_exclusive_license_period": "8 Years",
    "exclusive_enabled": true,
    "exclusive_license_fee": "3000.00",
    "exclusive_publishing_rights": "80%",
    "exclusive_negotiable": false,
    "declaration_accepted": true,
    "protection_status": "monitored",
    "fingerprint_status": "pending",
    "proof_of_upload": {},
    "abuse_reports_count": 0,
    "selected_license_ids": [],
    "media": {
      "tags": [
        "plug",
        "high'",
        "shots"
      ],
      "upload_card_state": {
        "tagged_mp3": "GTA San Andreas Theme Song _ Retro Poland Cover(MP3_320K).mp3",
        "cover_art": "download (27)"
      }
    },
    "audio_file_obj": "",
    "preview_audio_obj": "beats/drafts/preview/GTA_San_Andreas_Theme_Song___Retro_Poland_CoverMP3_320K.mp3",
    "stems_file_obj": "",
    "cover_art_obj": "beats/featured-covers/download_27.jpg",
    "featured_cover_photo": 58,
    "featured_producer_ids": [],
    "current_step": 4,
    "status": "published",
    "published_beat": 10,
    "created_at": "2026-03-19T21:17:16.865Z",
    "updated_at": "2026-03-19T21:18:22.285Z"
  }
},
{
  "model": "beats.beatuploaddraft",
  "pk": 10,
  "fields": {
    "producer": [
      "sagar"
    ],
    "title": "Hills Echoes",
    "beat_type": "Beat",
    "genre": "Folk",
    "instrument_type": "Madal",
    "instrument_types": [
      "Madal",
      "Flute"
    ],
    "bpm": 90,
    "key": "G Major",
    "mood": "Uplifting",
    "mood_types": [
      "Uplifting",
      "Upbeat",
      "Bright"
    ],
    "description": "",
    "base_price": "2500.00",
    "commercial_mode": "Presets",
    "enable_free_mp3_download": false,
    "non_exclusive_wav_enabled": true,
    "non_exclusive_wav_fee": "4000.00",
    "non_exclusive_stems_enabled": true,
    "non_exclusive_stems_fee": "4000.00",
    "non_exclusive_publishing_rights": "10%",
    "non_exclusive_master_recordings": "8 Recordings",
    "non_exclusive_license_period": "8 Years",
    "exclusive_enabled": true,
    "exclusive_license_fee": "5000.00",
    "exclusive_publishing_rights": "",
    "exclusive_negotiable": true,
    "declaration_accepted": true,
    "protection_status": "monitored",
    "fingerprint_status": "pending",
    "proof_of_upload": {},
    "abuse_reports_count": 0,
    "selected_license_ids": [],
    "media": {
      "tags": [
        "local nepali",
        "madal",
        "bansuri"
      ],
      "upload_card_state": {
        "tagged_mp3": "Hillside Echoes.mp3",
        "cover_art": "download (31)"
      }
    },
    "audio_file_obj": "",
    "preview_audio_obj": "beats/drafts/preview/Hillside_Echoes.mp3",
    "stems_file_obj": "",
    "cover_art_obj": "beats/featured-covers/download_31.jpg",
    "featured_cover_photo": 54,
    "featured_producer_ids": [],
    "current_step": 4,
    "status": "published",
    "published_beat": 11,
    "created_at": "2026-03-19T21:40:55.073Z",
    "updated_at": "2026-03-19T21:41:45.553Z"
  }
},
{
  "model": "beats.beatuploaddraft",
  "pk": 11,
  "fields": {
    "producer": [
      "lashang"
    ],
    "title": "afro baby",
    "beat_type": "Beat",
    "genre": "Afro Beat",
    "instrument_type": "Flute",
    "instrument_types": [
      "Flute",
      "Piano"
    ],
    "bpm": 140,
    "key": "F Major",
    "mood": "Adored",
    "mood_types": [
      "Adored",
      "Anxious",
      "Atmospheric"
    ],
    "description": "",
    "base_price": "2000.00",
    "commercial_mode": "Presets",
    "enable_free_mp3_download": false,
    "non_exclusive_wav_enabled": true,
    "non_exclusive_wav_fee": "999.00",
    "non_exclusive_stems_enabled": true,
    "non_exclusive_stems_fee": "1999.00",
    "non_exclusive_publishing_rights": "",
    "non_exclusive_master_recordings": "",
    "non_exclusive_license_period": "",
    "exclusive_enabled": true,
    "exclusive_license_fee": "3999.00",
    "exclusive_publishing_rights": "",
    "exclusive_negotiable": false,
    "declaration_accepted": true,
    "protection_status": "monitored",
    "fingerprint_status": "pending",
    "proof_of_upload": {},
    "abuse_reports_count": 0,
    "selected_license_ids": [],
    "media": {
      "tags": [
        "afro",
        "beat",
        "hard",
        "pop"
      ],
      "upload_card_state": {
        "tagged_mp3": "Feel Good Inc. _ Retro Poland Cover(MP3_320K).mp3",
        "cover_art": "Big Hero Six"
      }
    },
    "audio_file_obj": "",
    "preview_audio_obj": "beats/drafts/preview/Feel_Good_Inc.___Retro_Poland_CoverMP3_320K.mp3",
    "stems_file_obj": "",
    "cover_art_obj": "beats/featured-covers/Big_Hero_Six.jpg",
    "featured_cover_photo": 90,
    "featured_producer_ids": [],
    "current_step": 4,
    "status": "published",
    "published_beat": 12,
    "created_at": "2026-03-20T09:03:37.632Z",
    "updated_at": "2026-03-20T09:04:15.891Z"
  }
},
{
  "model": "beats.beatuploaddraft",
  "pk": 12,
  "fields": {
    "producer": [
      "lashang"
    ],
    "title": "ktm vibes",
    "beat_type": "Beat",
    "genre": "Acoustic",
    "instrument_type": "Brass",
    "instrument_types": [
      "Brass",
      "Acoustic Guitar"
    ],
    "bpm": 85,
    "key": "D Minor",
    "mood": "Cheerful",
    "mood_types": [
      "Cheerful",
      "Complex"
    ],
    "description": "",
    "base_price": "989.00",
    "commercial_mode": "Presets",
    "enable_free_mp3_download": false,
    "non_exclusive_wav_enabled": true,
    "non_exclusive_wav_fee": "2500.00",
    "non_exclusive_stems_enabled": true,
    "non_exclusive_stems_fee": "3000.00",
    "non_exclusive_publishing_rights": "",
    "non_exclusive_master_recordings": "",
    "non_exclusive_license_period": "",
    "exclusive_enabled": true,
    "exclusive_license_fee": "4000.00",
    "exclusive_publishing_rights": "",
    "exclusive_negotiable": false,
    "declaration_accepted": true,
    "protection_status": "monitored",
    "fingerprint_status": "pending",
    "proof_of_upload": {},
    "abuse_reports_count": 0,
    "selected_license_ids": [],
    "media": {
      "tags": [
        "nepali",
        "ktm"
      ],
      "upload_card_state": {
        "tagged_mp3": "Dragostea Din Tei _ Retro Poland Cover(MP3_320K).mp3",
        "cover_art": "SNOOPY ✨✨"
      }
    },
    "audio_file_obj": "",
    "preview_audio_obj": "",
    "stems_file_obj": "",
    "cover_art_obj": "beats/featured-covers/SNOOPY_.jpg",
    "featured_cover_photo": 36,
    "featured_producer_ids": [],
    "current_step": 4,
    "status": "published",
    "published_beat": 13,
    "created_at": "2026-03-20T09:11:08.089Z",
    "updated_at": "2026-03-20T09:12:29.985Z"
  }
},
{
  "model": "beats.beatuploaddraft",
  "pk": 13,
  "fields": {
    "producer": [
      "lashang"
    ],
    "title": "ktm grime",
    "beat_type": "Beat",
    "genre": "Afro",
    "instrument_type": "Arpeggio",
    "instrument_types": [
      "Arpeggio"
    ],
    "bpm": 86,
    "key": "B Major",
    "mood": "Bright",
    "mood_types": [
      "Bright"
    ],
    "description": "",
    "base_price": "700.00",
    "commercial_mode": "Presets",
    "enable_free_mp3_download": false,
    "non_exclusive_wav_enabled": true,
    "non_exclusive_wav_fee": "700.00",
    "non_exclusive_stems_enabled": true,
    "non_exclusive_stems_fee": "1200.00",
    "non_exclusive_publishing_rights": "",
    "non_exclusive_master_recordings": "",
    "non_exclusive_license_period": "",
    "exclusive_enabled": true,
    "exclusive_license_fee": "7000.00",
    "exclusive_publishing_rights": "",
    "exclusive_negotiable": false,
    "declaration_accepted": true,
    "protection_status": "monitored",
    "fingerprint_status": "pending",
    "proof_of_upload": {},
    "abuse_reports_count": 0,
    "selected_license_ids": [],
    "media": {
      "tags": [
        "afrp",
        "upbeat"
      ],
      "upload_card_state": {
        "tagged_mp3": "Gangsta_s Paradise _ Retro Poland Cover(MP3_320K).mp3",
        "cover_art": "#miau"
      }
    },
    "audio_file_obj": "",
    "preview_audio_obj": "",
    "stems_file_obj": "",
    "cover_art_obj": "beats/featured-covers/miau.jpg",
    "featured_cover_photo": 2,
    "featured_producer_ids": [],
    "current_step": 4,
    "status": "published",
    "published_beat": 14,
    "created_at": "2026-03-20T15:42:40.775Z",
    "updated_at": "2026-03-20T15:43:25.918Z"
  }
},
{
  "model": "beats.beatuploaddraft",
  "pk": 14,
  "fields": {
    "producer": [
      "lashang"
    ],
    "title": "valley RnB",
    "beat_type": "Beat",
    "genre": "R&B",
    "instrument_type": "Acoustic Guitar",
    "instrument_types": [
      "Acoustic Guitar",
      "Bass Guitar"
    ],
    "bpm": 98,
    "key": "E Minor",
    "mood": "Cheerful",
    "mood_types": [
      "Cheerful",
      "Mellow",
      "Melancholic"
    ],
    "description": "",
    "base_price": "800.00",
    "commercial_mode": "Presets",
    "enable_free_mp3_download": false,
    "non_exclusive_wav_enabled": true,
    "non_exclusive_wav_fee": "0.00",
    "non_exclusive_stems_enabled": false,
    "non_exclusive_stems_fee": "0.00",
    "non_exclusive_publishing_rights": "",
    "non_exclusive_master_recordings": "",
    "non_exclusive_license_period": "",
    "exclusive_enabled": false,
    "exclusive_license_fee": "0.00",
    "exclusive_publishing_rights": "",
    "exclusive_negotiable": false,
    "declaration_accepted": false,
    "protection_status": "monitored",
    "fingerprint_status": "pending",
    "proof_of_upload": {},
    "abuse_reports_count": 0,
    "selected_license_ids": [],
    "media": {
      "tags": [
        "RNB",
        "pop",
        "afro"
      ],
      "upload_card_state": {
        "tagged_mp3": "Chop Suey_ _ Retro Poland Cover(MP3_320K).mp3",
        "cover_art": "bruce wayne"
      }
    },
    "audio_file_obj": "",
    "preview_audio_obj": "beats/drafts/preview/Chop_Suey____Retro_Poland_CoverMP3_320K.mp3",
    "stems_file_obj": "",
    "cover_art_obj": "",
    "featured_cover_photo": null,
    "featured_producer_ids": [],
    "current_step": 3,
    "status": "draft",
    "published_beat": null,
    "created_at": "2026-03-20T16:05:57.087Z",
    "updated_at": "2026-03-20T16:06:30.684Z"
  }
},
{
  "model": "beats.beatuploaddraft",
  "pk": 15,
  "fields": {
    "producer": [
      "lashang"
    ],
    "title": "valley RNB",
    "beat_type": "Beat",
    "genre": "R&B",
    "instrument_type": "Acoustic Guitar",
    "instrument_types": [
      "Acoustic Guitar",
      "Guitar"
    ],
    "bpm": 87,
    "key": "E Minor",
    "mood": "Happy",
    "mood_types": [
      "Happy"
    ],
    "description": "",
    "base_price": "800.00",
    "commercial_mode": "Presets",
    "enable_free_mp3_download": false,
    "non_exclusive_wav_enabled": true,
    "non_exclusive_wav_fee": "1200.00",
    "non_exclusive_stems_enabled": true,
    "non_exclusive_stems_fee": "1500.00",
    "non_exclusive_publishing_rights": "20%",
    "non_exclusive_master_recordings": "4 Recordings",
    "non_exclusive_license_period": "5 Years",
    "exclusive_enabled": true,
    "exclusive_license_fee": "2500.00",
    "exclusive_publishing_rights": "",
    "exclusive_negotiable": true,
    "declaration_accepted": true,
    "protection_status": "monitored",
    "fingerprint_status": "pending",
    "proof_of_upload": {},
    "abuse_reports_count": 0,
    "selected_license_ids": [],
    "media": {
      "tags": [
        "rnb",
        "pop"
      ],
      "upload_card_state": {
        "tagged_mp3": "Chop Suey_ _ Retro Poland Cover(MP3_320K).mp3",
        "cover_art": "("
      }
    },
    "audio_file_obj": "",
    "preview_audio_obj": "",
    "stems_file_obj": "",
    "cover_art_obj": "beats/featured-covers/.jpg",
    "featured_cover_photo": 49,
    "featured_producer_ids": [],
    "current_step": 4,
    "status": "published",
    "published_beat": 15,
    "created_at": "2026-03-20T16:06:49.454Z",
    "updated_at": "2026-03-20T16:08:03.260Z"
  }
},
{
  "model": "beats.beatuploaddraft",
  "pk": 16,
  "fields": {
    "producer": [
      "lashang"
    ],
    "title": "high times",
    "beat_type": "Beat",
    "genre": "West Coast",
    "instrument_type": "Bells",
    "instrument_types": [
      "Bells",
      "Sankirtan Singing Bells"
    ],
    "bpm": 88,
    "key": "E Minor",
    "mood": "Mellow",
    "mood_types": [
      "Mellow"
    ],
    "description": "",
    "base_price": "1800.00",
    "commercial_mode": "Presets",
    "enable_free_mp3_download": false,
    "non_exclusive_wav_enabled": true,
    "non_exclusive_wav_fee": "1500.00",
    "non_exclusive_stems_enabled": true,
    "non_exclusive_stems_fee": "1600.00",
    "non_exclusive_publishing_rights": "90%",
    "non_exclusive_master_recordings": "6 Recordings",
    "non_exclusive_license_period": "4 Years",
    "exclusive_enabled": true,
    "exclusive_license_fee": "1800.00",
    "exclusive_publishing_rights": "",
    "exclusive_negotiable": false,
    "declaration_accepted": true,
    "protection_status": "monitored",
    "fingerprint_status": "pending",
    "proof_of_upload": {},
    "abuse_reports_count": 0,
    "selected_license_ids": [],
    "media": {
      "tags": [
        "hello"
      ],
      "upload_card_state": {
        "tagged_mp3": "Gangsta_s Paradise _ Retro Poland Cover(MP3_320K).mp3",
        "cover_art": "7"
      }
    },
    "audio_file_obj": "beats/drafts/audio/Gangsta_s_Paradise___Retro_Poland_CoverMP3_320K.mp3",
    "preview_audio_obj": "beats/drafts/preview/Gangsta_s_Paradise___Retro_Poland_CoverMP3_320K.mp3",
    "stems_file_obj": "",
    "cover_art_obj": "",
    "featured_cover_photo": null,
    "featured_producer_ids": [],
    "current_step": 4,
    "status": "published",
    "published_beat": 16,
    "created_at": "2026-03-20T16:20:17.653Z",
    "updated_at": "2026-03-20T16:21:41.863Z"
  }
},
{
  "model": "beats.beatuploaddraft",
  "pk": 17,
  "fields": {
    "producer": [
      "lashang"
    ],
    "title": "up in the sky",
    "beat_type": "Beat",
    "genre": "Ambient",
    "instrument_type": "Congas",
    "instrument_types": [
      "Congas"
    ],
    "bpm": 86,
    "key": "E Minor",
    "mood": "Crazy",
    "mood_types": [
      "Crazy"
    ],
    "description": "",
    "base_price": "999.00",
    "commercial_mode": "Presets",
    "enable_free_mp3_download": false,
    "non_exclusive_wav_enabled": true,
    "non_exclusive_wav_fee": "2700.00",
    "non_exclusive_stems_enabled": true,
    "non_exclusive_stems_fee": "5600.00",
    "non_exclusive_publishing_rights": "30%",
    "non_exclusive_master_recordings": "5 Recordings",
    "non_exclusive_license_period": "7 Years",
    "exclusive_enabled": true,
    "exclusive_license_fee": "8000.00",
    "exclusive_publishing_rights": "",
    "exclusive_negotiable": true,
    "declaration_accepted": true,
    "protection_status": "monitored",
    "fingerprint_status": "pending",
    "proof_of_upload": {},
    "abuse_reports_count": 0,
    "selected_license_ids": [],
    "media": {
      "tags": [
        "high"
      ],
      "upload_card_state": {
        "tagged_mp3": "Sonne _ Retro Poland Cover(MP3_320K).mp3",
        "cover_art": "download (19)"
      }
    },
    "audio_file_obj": "beats/drafts/audio/Sonne___Retro_Poland_CoverMP3_320K.mp3",
    "preview_audio_obj": "beats/drafts/preview/Sonne___Retro_Poland_CoverMP3_320K.mp3",
    "stems_file_obj": "",
    "cover_art_obj": "beats/featured-covers/download_19_GvrB8Wx.jpg",
    "featured_cover_photo": 67,
    "featured_producer_ids": [],
    "current_step": 4,
    "status": "published",
    "published_beat": 17,
    "created_at": "2026-03-20T16:22:44.877Z",
    "updated_at": "2026-03-20T16:23:27.566Z"
  }
},
{
  "model": "beats.beatuploaddraft",
  "pk": 18,
  "fields": {
    "producer": [
      "lashang"
    ],
    "title": "cyclone",
    "beat_type": "Beat with Hook",
    "genre": "Acoustic",
    "instrument_type": "Piano",
    "instrument_types": [
      "Piano"
    ],
    "bpm": 76,
    "key": "G Major",
    "mood": "Reassuring",
    "mood_types": [
      "Reassuring"
    ],
    "description": "",
    "base_price": "1800.00",
    "commercial_mode": "Presets",
    "enable_free_mp3_download": false,
    "non_exclusive_wav_enabled": true,
    "non_exclusive_wav_fee": "5600.00",
    "non_exclusive_stems_enabled": true,
    "non_exclusive_stems_fee": "7800.00",
    "non_exclusive_publishing_rights": "",
    "non_exclusive_master_recordings": "",
    "non_exclusive_license_period": "",
    "exclusive_enabled": true,
    "exclusive_license_fee": "9999.00",
    "exclusive_publishing_rights": "",
    "exclusive_negotiable": false,
    "declaration_accepted": true,
    "protection_status": "monitored",
    "fingerprint_status": "pending",
    "proof_of_upload": {},
    "abuse_reports_count": 0,
    "selected_license_ids": [],
    "media": {
      "tags": [
        "acousitc",
        "guitar",
        "piano"
      ],
      "upload_card_state": {
        "tagged_mp3": "Sultans Of Swing (solo) _ Retro Poland Cover(MP3_320K).mp3",
        "cover_art": "download (21)"
      }
    },
    "audio_file_obj": "beats/drafts/audio/Sultans_Of_Swing_solo___Retro_Poland_CoverMP3_320K.mp3",
    "preview_audio_obj": "beats/drafts/preview/Sultans_Of_Swing_solo___Retro_Poland_CoverMP3_320K.mp3",
    "stems_file_obj": "",
    "cover_art_obj": "beats/featured-covers/download_21.jpg",
    "featured_cover_photo": 30,
    "featured_producer_ids": [],
    "current_step": 4,
    "status": "published",
    "published_beat": 18,
    "created_at": "2026-03-20T16:27:36.660Z",
    "updated_at": "2026-03-20T16:28:12.213Z"
  }
},
{
  "model": "beats.beatuploaddraft",
  "pk": 19,
  "fields": {
    "producer": [
      "sagar"
    ],
    "title": "1974 AD",
    "beat_type": "Beat with Hook",
    "genre": "Indie",
    "instrument_type": "Pulluvan Kutam",
    "instrument_types": [
      "Pulluvan Kutam",
      "Pena",
      "Pan Flute"
    ],
    "bpm": 98,
    "key": "E Minor",
    "mood": "Thoughtful",
    "mood_types": [
      "Thoughtful"
    ],
    "description": "",
    "base_price": "9876.00",
    "commercial_mode": "Presets",
    "enable_free_mp3_download": false,
    "non_exclusive_wav_enabled": true,
    "non_exclusive_wav_fee": "98.00",
    "non_exclusive_stems_enabled": true,
    "non_exclusive_stems_fee": "560.00",
    "non_exclusive_publishing_rights": "",
    "non_exclusive_master_recordings": "",
    "non_exclusive_license_period": "",
    "exclusive_enabled": true,
    "exclusive_license_fee": "700.00",
    "exclusive_publishing_rights": "",
    "exclusive_negotiable": false,
    "declaration_accepted": true,
    "protection_status": "monitored",
    "fingerprint_status": "pending",
    "proof_of_upload": {},
    "abuse_reports_count": 0,
    "selected_license_ids": [],
    "media": {
      "tags": [
        "babbal",
        "nepali",
        "band song"
      ],
      "upload_card_state": {
        "tagged_mp3": "Beat It (solo) _ Retro Poland Cover(MP3_320K).mp3",
        "cover_art": "download (24)"
      }
    },
    "audio_file_obj": "beats/drafts/audio/Beat_It_solo___Retro_Poland_CoverMP3_320K.mp3",
    "preview_audio_obj": "beats/drafts/preview/Beat_It_solo___Retro_Poland_CoverMP3_320K_rWukTlt.mp3",
    "stems_file_obj": "",
    "cover_art_obj": "beats/featured-covers/download_24_GlnVwu8.jpg",
    "featured_cover_photo": 61,
    "featured_producer_ids": [],
    "current_step": 4,
    "status": "published",
    "published_beat": 19,
    "created_at": "2026-03-21T17:34:10.126Z",
    "updated_at": "2026-03-21T17:34:52.629Z"
  }
},
{
  "model": "beats.beatuploaddraft",
  "pk": 20,
  "fields": {
    "producer": [
      "sagar"
    ],
    "title": "basement daydream",
    "beat_type": "Beat",
    "genre": "Grunge",
    "instrument_type": "Electric Guitar",
    "instrument_types": [
      "Electric Guitar",
      "Piano"
    ],
    "bpm": 180,
    "key": "E Minor",
    "mood": "Moody",
    "mood_types": [
      "Moody",
      "Bright"
    ],
    "description": "",
    "base_price": "200.00",
    "commercial_mode": "Presets",
    "enable_free_mp3_download": false,
    "non_exclusive_wav_enabled": true,
    "non_exclusive_wav_fee": "0.00",
    "non_exclusive_stems_enabled": false,
    "non_exclusive_stems_fee": "0.00",
    "non_exclusive_publishing_rights": "",
    "non_exclusive_master_recordings": "",
    "non_exclusive_license_period": "",
    "exclusive_enabled": false,
    "exclusive_license_fee": "0.00",
    "exclusive_publishing_rights": "",
    "exclusive_negotiable": false,
    "declaration_accepted": false,
    "protection_status": "monitored",
    "fingerprint_status": "pending",
    "proof_of_upload": {},
    "abuse_reports_count": 0,
    "selected_license_ids": [],
    "media": {
      "tags": [
        "garage rock",
        "alt rock"
      ],
      "upload_card_state": {
        "tagged_mp3": "Basement Daydream (2).mp3",
        "cover_art": "download (32)"
      }
    },
    "audio_file_obj": "",
    "preview_audio_obj": "beats/drafts/preview/Basement_Daydream_2_gN0f2Tq.mp3",
    "stems_file_obj": "",
    "cover_art_obj": "",
    "featured_cover_photo": null,
    "featured_producer_ids": [],
    "current_step": 3,
    "status": "draft",
    "published_beat": null,
    "created_at": "2026-03-21T18:24:49.258Z",
    "updated_at": "2026-03-21T18:26:23.790Z"
  }
},
{
  "model": "beats.beatuploaddraft",
  "pk": 21,
  "fields": {
    "producer": [
      "freecodex100"
    ],
    "title": "",
    "beat_type": "",
    "genre": "",
    "instrument_type": "",
    "instrument_types": [],
    "bpm": null,
    "key": "",
    "mood": "",
    "mood_types": [],
    "description": "",
    "base_price": "0.00",
    "commercial_mode": "Presets",
    "enable_free_mp3_download": false,
    "non_exclusive_wav_enabled": true,
    "non_exclusive_wav_fee": "0.00",
    "non_exclusive_stems_enabled": false,
    "non_exclusive_stems_fee": "0.00",
    "non_exclusive_publishing_rights": "",
    "non_exclusive_master_recordings": "",
    "non_exclusive_license_period": "",
    "exclusive_enabled": false,
    "exclusive_license_fee": "0.00",
    "exclusive_publishing_rights": "",
    "exclusive_negotiable": false,
    "declaration_accepted": false,
    "protection_status": "monitored",
    "fingerprint_status": "pending",
    "proof_of_upload": {},
    "abuse_reports_count": 0,
    "selected_license_ids": [],
    "media": {},
    "audio_file_obj": "",
    "preview_audio_obj": "",
    "stems_file_obj": "",
    "cover_art_obj": "",
    "featured_cover_photo": null,
    "featured_producer_ids": [],
    "current_step": 1,
    "status": "draft",
    "published_beat": null,
    "created_at": "2026-03-27T07:11:25.057Z",
    "updated_at": "2026-03-27T07:11:25.057Z"
  }
},
{
  "model": "beats.beatuploaddraft",
  "pk": 22,
  "fields": {
    "producer": [
      "freecodex100"
    ],
    "title": "Yeti Chokho Sampled Beat",
    "beat_type": "Beat with Hook",
    "genre": "Hip Hop",
    "instrument_type": "Piano",
    "instrument_types": [
      "Piano"
    ],
    "bpm": 88,
    "key": "D Minor",
    "mood": "Cute",
    "mood_types": [
      "Cute"
    ],
    "description": "",
    "base_price": "1000.00",
    "commercial_mode": "Presets",
    "enable_free_mp3_download": false,
    "non_exclusive_wav_enabled": true,
    "non_exclusive_wav_fee": "0.00",
    "non_exclusive_stems_enabled": false,
    "non_exclusive_stems_fee": "0.00",
    "non_exclusive_publishing_rights": "",
    "non_exclusive_master_recordings": "",
    "non_exclusive_license_period": "",
    "exclusive_enabled": false,
    "exclusive_license_fee": "0.00",
    "exclusive_publishing_rights": "",
    "exclusive_negotiable": false,
    "declaration_accepted": false,
    "protection_status": "monitored",
    "fingerprint_status": "pending",
    "proof_of_upload": {},
    "abuse_reports_count": 0,
    "selected_license_ids": [],
    "media": {
      "tags": [
        "lo-fi",
        "hip-hop",
        "love song",
        "nepali",
        "vibyN"
      ],
      "upload_card_state": {
        "tagged_mp3": "[FREE] (Nepali Sample) Love Type Beat - _Yeti Chokho_ _ Emotional Rap Piano Instrumental(MP3_320K).mp3",
        "cover_art": "Girassol"
      }
    },
    "audio_file_obj": "",
    "preview_audio_obj": "",
    "stems_file_obj": "",
    "cover_art_obj": "",
    "featured_cover_photo": null,
    "featured_producer_ids": [],
    "current_step": 2,
    "status": "draft",
    "published_beat": null,
    "created_at": "2026-03-27T07:13:21.975Z",
    "updated_at": "2026-03-27T07:16:01.192Z"
  }
},
{
  "model": "beats.beatuploaddraft",
  "pk": 23,
  "fields": {
    "producer": [
      "freecodex100"
    ],
    "title": "Yeti Chokho  Sample neplai beat",
    "beat_type": "Beat with Hook",
    "genre": "Hip Hop",
    "instrument_type": "Piano",
    "instrument_types": [
      "Piano"
    ],
    "bpm": 88,
    "key": "G Major",
    "mood": "Bright",
    "mood_types": [
      "Bright"
    ],
    "description": "",
    "base_price": "1500.00",
    "commercial_mode": "Presets",
    "enable_free_mp3_download": false,
    "non_exclusive_wav_enabled": true,
    "non_exclusive_wav_fee": "0.00",
    "non_exclusive_stems_enabled": false,
    "non_exclusive_stems_fee": "0.00",
    "non_exclusive_publishing_rights": "",
    "non_exclusive_master_recordings": "",
    "non_exclusive_license_period": "",
    "exclusive_enabled": false,
    "exclusive_license_fee": "0.00",
    "exclusive_publishing_rights": "",
    "exclusive_negotiable": false,
    "declaration_accepted": false,
    "protection_status": "monitored",
    "fingerprint_status": "pending",
    "proof_of_upload": {},
    "abuse_reports_count": 0,
    "selected_license_ids": [],
    "media": {
      "tags": [
        "lo-fi",
        "nepali beat"
      ],
      "upload_card_state": {
        "tagged_mp3": "[FREE] (Nepali Sample) Love Type Beat - _Yeti Chokho_ _ Emotional Rap Piano Instrumental(MP3_320K).mp3",
        "cover_art": "Average radiohead listening expirience"
      }
    },
    "audio_file_obj": "",
    "preview_audio_obj": "",
    "stems_file_obj": "",
    "cover_art_obj": "",
    "featured_cover_photo": null,
    "featured_producer_ids": [],
    "current_step": 3,
    "status": "draft",
    "published_beat": null,
    "created_at": "2026-03-27T08:24:59.860Z",
    "updated_at": "2026-03-27T08:26:21.073Z"
  }
},
{
  "model": "beats.beatuploaddraft",
  "pk": 24,
  "fields": {
    "producer": [
      "freecodex100"
    ],
    "title": "yeti choko neplai sampled beat",
    "beat_type": "Beat with Hook",
    "genre": "Lo-Fi Hip Hop",
    "instrument_type": "Piano",
    "instrument_types": [
      "Piano"
    ],
    "bpm": 88,
    "key": "G Major",
    "mood": "Bright",
    "mood_types": [
      "Bright"
    ],
    "description": "",
    "base_price": "1000.00",
    "commercial_mode": "Presets",
    "enable_free_mp3_download": false,
    "non_exclusive_wav_enabled": true,
    "non_exclusive_wav_fee": "0.00",
    "non_exclusive_stems_enabled": false,
    "non_exclusive_stems_fee": "0.00",
    "non_exclusive_publishing_rights": "",
    "non_exclusive_master_recordings": "",
    "non_exclusive_license_period": "",
    "exclusive_enabled": false,
    "exclusive_license_fee": "0.00",
    "exclusive_publishing_rights": "",
    "exclusive_negotiable": false,
    "declaration_accepted": false,
    "protection_status": "monitored",
    "fingerprint_status": "pending",
    "proof_of_upload": {},
    "abuse_reports_count": 0,
    "selected_license_ids": [],
    "media": {
      "tags": [
        "lo-fi",
        "neplai beats"
      ],
      "upload_card_state": {
        "tagged_mp3": "[FREE] (Nepali Sample) Love Type Beat - _Yeti Chokho_ _ Emotional Rap Piano Instrumental(MP3_320K).mp3",
        "cover_art": "Cute Snoppy Plush ❤️_🩹"
      }
    },
    "audio_file_obj": "beats/drafts/audio/FREE_Nepali_Sample_Love_Type_Beat_-__Yeti_Chokho____Emotional_Rap_Pia_ELND7rm.mp3",
    "preview_audio_obj": "beats/drafts/preview/FREE_Nepali_Sample_Love_Type_Beat_-__Yeti_Chokho____Emotional_Rap_P_4yuZDhk.mp3",
    "stems_file_obj": "",
    "cover_art_obj": "beats/featured-covers/Cute_Snoppy_Plush__.jpg",
    "featured_cover_photo": 9,
    "featured_producer_ids": [],
    "current_step": 2,
    "status": "draft",
    "published_beat": null,
    "created_at": "2026-03-27T08:41:09.739Z",
    "updated_at": "2026-03-27T08:43:22.709Z"
  }
},
{
  "model": "beats.beatuploaddraft",
  "pk": 25,
  "fields": {
    "producer": [
      "freecodex100"
    ],
    "title": "yeti chokho neplai sampled beat",
    "beat_type": "Beat with Hook",
    "genre": "Hip Hop",
    "instrument_type": "Piano",
    "instrument_types": [
      "Piano"
    ],
    "bpm": 88,
    "key": "D Minor",
    "mood": "Bright",
    "mood_types": [
      "Bright"
    ],
    "description": "",
    "base_price": "1000.00",
    "commercial_mode": "Presets",
    "enable_free_mp3_download": false,
    "non_exclusive_wav_enabled": true,
    "non_exclusive_wav_fee": "2000.00",
    "non_exclusive_stems_enabled": true,
    "non_exclusive_stems_fee": "2500.00",
    "non_exclusive_publishing_rights": "70%",
    "non_exclusive_master_recordings": "6 Recordings",
    "non_exclusive_license_period": "8 Years",
    "exclusive_enabled": false,
    "exclusive_license_fee": "3400.00",
    "exclusive_publishing_rights": "80%",
    "exclusive_negotiable": true,
    "declaration_accepted": true,
    "protection_status": "monitored",
    "fingerprint_status": "pending",
    "proof_of_upload": {},
    "abuse_reports_count": 0,
    "selected_license_ids": [],
    "media": {
      "tags": [
        "lo-fi"
      ],
      "upload_card_state": {
        "tagged_mp3": "[FREE] (Nepali Sample) Love Type Beat - _Yeti Chokho_ _ Emotional Rap Piano Instrumental(MP3_320K).mp3",
        "cover_art": "Cute Snoppy Plush ❤️_🩹"
      }
    },
    "audio_file_obj": "beats/drafts/audio/FREE_Nepali_Sample_Love_Type_Beat_-__Yeti_Chokho____Emotional_Rap_Pia_p99PifR.mp3",
    "preview_audio_obj": "beats/drafts/preview/FREE_Nepali_Sample_Love_Type_Beat_-__Yeti_Chokho____Emotional_Rap_P_ELHWX1z.mp3",
    "stems_file_obj": "",
    "cover_art_obj": "beats/featured-covers/Cute_Snoppy_Plush__.jpg",
    "featured_cover_photo": 9,
    "featured_producer_ids": [],
    "current_step": 4,
    "status": "published",
    "published_beat": 20,
    "created_at": "2026-03-27T08:50:31.803Z",
    "updated_at": "2026-03-27T08:51:10.132Z"
  }
},
{
  "model": "beats.beatuploaddraft",
  "pk": 26,
  "fields": {
    "producer": [
      "sagar"
    ],
    "title": "afro beat neapli",
    "beat_type": "Beat with Hook",
    "genre": "Lo-Fi",
    "instrument_type": "Electric Guitar",
    "instrument_types": [
      "Electric Guitar"
    ],
    "bpm": 88,
    "key": "G Major",
    "mood": "Angry",
    "mood_types": [
      "Angry"
    ],
    "description": "",
    "base_price": "1000.00",
    "commercial_mode": "Presets",
    "enable_free_mp3_download": false,
    "non_exclusive_wav_enabled": true,
    "non_exclusive_wav_fee": "1500.00",
    "non_exclusive_stems_enabled": false,
    "non_exclusive_stems_fee": "200.00",
    "non_exclusive_publishing_rights": "30%",
    "non_exclusive_master_recordings": "2 Recordings",
    "non_exclusive_license_period": "3 Years",
    "exclusive_enabled": false,
    "exclusive_license_fee": "5000.00",
    "exclusive_publishing_rights": "20%",
    "exclusive_negotiable": false,
    "declaration_accepted": true,
    "protection_status": "monitored",
    "fingerprint_status": "pending",
    "proof_of_upload": {},
    "abuse_reports_count": 0,
    "selected_license_ids": [],
    "media": {
      "tags": [
        "lo-fi"
      ],
      "upload_card_state": {
        "tagged_mp3": "[FREE] (Nepali Sample) Love Type Beat - _Yeti Chokho_ _ Emotional Rap Piano Instrumental(MP3_320K).mp3",
        "cover_art": "Derpixon - mimicry"
      }
    },
    "audio_file_obj": "",
    "preview_audio_obj": "",
    "stems_file_obj": "",
    "cover_art_obj": "beats/featured-covers/Derpixon_-_mimicry.jpg",
    "featured_cover_photo": 147,
    "featured_producer_ids": [],
    "current_step": 4,
    "status": "published",
    "published_beat": 21,
    "created_at": "2026-03-28T06:07:20.836Z",
    "updated_at": "2026-03-28T06:08:47.347Z"
  }
},
{
  "model": "orders.order",
  "pk": 1,
  "fields": {
    "buyer": [
      "sagar"
    ],
    "total_price": "980.00",
    "status": "pending",
    "created_at": "2026-03-19T05:39:34.006Z"
  }
},
{
  "model": "orders.order",
  "pk": 2,
  "fields": {
    "buyer": [
      "sagar"
    ],
    "total_price": "1979.00",
    "status": "pending",
    "created_at": "2026-03-19T05:47:01.597Z"
  }
},
{
  "model": "orders.order",
  "pk": 3,
  "fields": {
    "buyer": [
      "sagar"
    ],
    "total_price": "9000.00",
    "status": "pending",
    "created_at": "2026-03-20T17:20:05.068Z"
  }
},
{
  "model": "orders.order",
  "pk": 4,
  "fields": {
    "buyer": [
      "sagar"
    ],
    "total_price": "13600.00",
    "status": "pending",
    "created_at": "2026-03-20T17:37:47.129Z"
  }
},
{
  "model": "orders.order",
  "pk": 5,
  "fields": {
    "buyer": [
      "sagar"
    ],
    "total_price": "13600.00",
    "status": "pending",
    "created_at": "2026-03-20T17:38:56.143Z"
  }
},
{
  "model": "orders.order",
  "pk": 6,
  "fields": {
    "buyer": [
      "sagar"
    ],
    "total_price": "15100.00",
    "status": "pending",
    "created_at": "2026-03-20T17:48:29.462Z"
  }
},
{
  "model": "orders.order",
  "pk": 7,
  "fields": {
    "buyer": [
      "sagar"
    ],
    "total_price": "15100.00",
    "status": "paid",
    "created_at": "2026-03-20T17:49:20.050Z"
  }
},
{
  "model": "orders.order",
  "pk": 8,
  "fields": {
    "buyer": [
      "sagar"
    ],
    "total_price": "13600.00",
    "status": "paid",
    "created_at": "2026-03-20T18:11:54.709Z"
  }
},
{
  "model": "orders.order",
  "pk": 9,
  "fields": {
    "buyer": [
      "sagar"
    ],
    "total_price": "999.00",
    "status": "paid",
    "created_at": "2026-03-20T18:13:12.939Z"
  }
},
{
  "model": "orders.order",
  "pk": 10,
  "fields": {
    "buyer": [
      "sagar"
    ],
    "total_price": "8300.00",
    "status": "pending",
    "created_at": "2026-03-21T06:44:48.425Z"
  }
},
{
  "model": "orders.order",
  "pk": 11,
  "fields": {
    "buyer": [
      "sagar"
    ],
    "total_price": "2700.00",
    "status": "pending",
    "created_at": "2026-03-21T06:49:21.865Z"
  }
},
{
  "model": "orders.order",
  "pk": 12,
  "fields": {
    "buyer": [
      "sagar"
    ],
    "total_price": "4200.00",
    "status": "pending",
    "created_at": "2026-03-21T06:52:04.914Z"
  }
},
{
  "model": "orders.order",
  "pk": 13,
  "fields": {
    "buyer": [
      "sagar"
    ],
    "total_price": "9800.00",
    "status": "pending",
    "created_at": "2026-03-21T07:21:26.679Z"
  }
},
{
  "model": "orders.order",
  "pk": 14,
  "fields": {
    "buyer": [
      "sagar"
    ],
    "total_price": "13800.00",
    "status": "paid",
    "created_at": "2026-03-22T07:09:27.903Z"
  }
},
{
  "model": "orders.order",
  "pk": 15,
  "fields": {
    "buyer": [
      "sagar"
    ],
    "total_price": "5698.00",
    "status": "paid",
    "created_at": "2026-03-22T13:33:24.291Z"
  }
},
{
  "model": "orders.order",
  "pk": 16,
  "fields": {
    "buyer": [
      "lafasworld"
    ],
    "total_price": "700.00",
    "status": "pending",
    "created_at": "2026-03-23T19:08:02.391Z"
  }
},
{
  "model": "orders.order",
  "pk": 17,
  "fields": {
    "buyer": [
      "lafasworld"
    ],
    "total_price": "700.00",
    "status": "pending",
    "created_at": "2026-03-23T19:08:02.577Z"
  }
},
{
  "model": "orders.order",
  "pk": 18,
  "fields": {
    "buyer": [
      "sagarthapamagar977"
    ],
    "total_price": "6200.00",
    "status": "pending",
    "created_at": "2026-03-26T19:30:03.302Z"
  }
},
{
  "model": "orders.order",
  "pk": 19,
  "fields": {
    "buyer": [
      "sagarthapamagar977"
    ],
    "total_price": "1500.00",
    "status": "pending",
    "created_at": "2026-03-26T19:30:20.909Z"
  }
},
{
  "model": "orders.order",
  "pk": 20,
  "fields": {
    "buyer": [
      "sagar"
    ],
    "total_price": "2500.00",
    "status": "paid",
    "created_at": "2026-03-26T19:33:00.568Z"
  }
},
{
  "model": "orders.order",
  "pk": 21,
  "fields": {
    "buyer": [
      "sagar"
    ],
    "total_price": "2500.00",
    "status": "pending",
    "created_at": "2026-03-27T12:00:59.612Z"
  }
},
{
  "model": "orders.order",
  "pk": 22,
  "fields": {
    "buyer": [
      "sagarthapamagar977"
    ],
    "total_price": "1500.00",
    "status": "pending",
    "created_at": "2026-03-27T16:02:29.032Z"
  }
},
{
  "model": "orders.order",
  "pk": 23,
  "fields": {
    "buyer": [
      "sagarthapagtasa"
    ],
    "total_price": "2500.00",
    "status": "pending",
    "created_at": "2026-03-27T20:58:44.101Z"
  }
},
{
  "model": "orders.order",
  "pk": 24,
  "fields": {
    "buyer": [
      "sagarthapagtasa"
    ],
    "total_price": "5000.00",
    "status": "pending",
    "created_at": "2026-03-28T03:05:08.444Z"
  }
},
{
  "model": "orders.cart",
  "pk": 1,
  "fields": {
    "buyer": [
      "sagar"
    ],
    "updated_at": "2026-03-27T12:00:57.310Z",
    "created_at": "2026-03-18T16:27:12.138Z"
  }
},
{
  "model": "orders.cart",
  "pk": 2,
  "fields": {
    "buyer": [
      "lashang"
    ],
    "updated_at": "2026-03-20T12:48:55.790Z",
    "created_at": "2026-03-20T09:01:38.057Z"
  }
},
{
  "model": "orders.cart",
  "pk": 3,
  "fields": {
    "buyer": [
      "sagarthapamagar977"
    ],
    "updated_at": "2026-03-26T19:30:19.783Z",
    "created_at": "2026-03-22T23:44:11.521Z"
  }
},
{
  "model": "orders.cart",
  "pk": 4,
  "fields": {
    "buyer": [
      "realog977"
    ],
    "updated_at": "2026-03-23T00:00:34.115Z",
    "created_at": "2026-03-22T23:45:33.410Z"
  }
},
{
  "model": "orders.cart",
  "pk": 5,
  "fields": {
    "buyer": [
      "kccmca2024"
    ],
    "updated_at": "2026-03-23T05:32:01.182Z",
    "created_at": "2026-03-23T05:32:01.182Z"
  }
},
{
  "model": "orders.cart",
  "pk": 6,
  "fields": {
    "buyer": [
      "lafasworld"
    ],
    "updated_at": "2026-03-23T20:28:16.456Z",
    "created_at": "2026-03-23T07:20:31.538Z"
  }
},
{
  "model": "orders.cart",
  "pk": 7,
  "fields": {
    "buyer": [
      "sagarthapagtasa"
    ],
    "updated_at": "2026-03-27T21:20:17.703Z",
    "created_at": "2026-03-23T17:52:19.725Z"
  }
},
{
  "model": "orders.cart",
  "pk": 8,
  "fields": {
    "buyer": [
      "sapsshiva"
    ],
    "updated_at": "2026-03-24T08:03:08.108Z",
    "created_at": "2026-03-24T08:03:08.108Z"
  }
},
{
  "model": "orders.cart",
  "pk": 9,
  "fields": {
    "buyer": [
      "4093yoge"
    ],
    "updated_at": "2026-03-27T08:34:06.315Z",
    "created_at": "2026-03-26T21:47:43.032Z"
  }
},
{
  "model": "orders.cart",
  "pk": 10,
  "fields": {
    "buyer": [
      "freecodex100"
    ],
    "updated_at": "2026-03-27T06:49:52.053Z",
    "created_at": "2026-03-27T06:49:52.053Z"
  }
},
{
  "model": "orders.cartitem",
  "pk": 7,
  "fields": {
    "cart": 2,
    "product_type": "beat",
    "product_id": 11,
    "product_title": "Hills Echoes",
    "license_type": 1,
    "price": "4000.00",
    "created_at": "2026-03-20T09:06:42.282Z",
    "updated_at": "2026-03-20T12:48:58.683Z"
  }
},
{
  "model": "orders.cartitem",
  "pk": 8,
  "fields": {
    "cart": 2,
    "product_type": "beat",
    "product_id": 10,
    "product_title": "uzi shots",
    "license_type": 1,
    "price": "200.00",
    "created_at": "2026-03-20T09:06:44.734Z",
    "updated_at": "2026-03-20T09:06:44.734Z"
  }
},
{
  "model": "orders.cartitem",
  "pk": 9,
  "fields": {
    "cart": 2,
    "product_type": "beat",
    "product_id": 12,
    "product_title": "afro baby",
    "license_type": 1,
    "price": "999.00",
    "created_at": "2026-03-20T12:48:55.788Z",
    "updated_at": "2026-03-20T12:48:55.788Z"
  }
},
{
  "model": "orders.cartitem",
  "pk": 23,
  "fields": {
    "cart": 4,
    "product_type": "beat",
    "product_id": 17,
    "product_title": "up in the sky",
    "license_type": 1,
    "price": "2700.00",
    "created_at": "2026-03-23T00:00:34.111Z",
    "updated_at": "2026-03-23T00:00:34.111Z"
  }
},
{
  "model": "orders.cartitem",
  "pk": 29,
  "fields": {
    "cart": 6,
    "product_type": "beat",
    "product_id": 10,
    "product_title": "uzi shots",
    "license_type": 2,
    "price": "2500.00",
    "created_at": "2026-03-23T19:07:26.515Z",
    "updated_at": "2026-03-23T19:17:54.471Z"
  }
},
{
  "model": "orders.cartitem",
  "pk": 30,
  "fields": {
    "cart": 6,
    "product_type": "beat",
    "product_id": 14,
    "product_title": "ktm grime",
    "license_type": 1,
    "price": "700.00",
    "created_at": "2026-03-23T19:07:27.199Z",
    "updated_at": "2026-03-23T19:08:21.191Z"
  }
},
{
  "model": "orders.cartitem",
  "pk": 31,
  "fields": {
    "cart": 6,
    "product_type": "beat",
    "product_id": 13,
    "product_title": "ktm vibes",
    "license_type": 2,
    "price": "3000.00",
    "created_at": "2026-03-23T19:07:30.434Z",
    "updated_at": "2026-03-23T19:18:03.233Z"
  }
},
{
  "model": "orders.cartitem",
  "pk": 32,
  "fields": {
    "cart": 6,
    "product_type": "beat",
    "product_id": 11,
    "product_title": "Hills Echoes",
    "license_type": 1,
    "price": "4000.00",
    "created_at": "2026-03-23T19:07:41.500Z",
    "updated_at": "2026-03-23T19:07:41.772Z"
  }
},
{
  "model": "orders.cartitem",
  "pk": 33,
  "fields": {
    "cart": 6,
    "product_type": "beat",
    "product_id": 18,
    "product_title": "cyclone",
    "license_type": 1,
    "price": "5600.00",
    "created_at": "2026-03-23T19:07:53.170Z",
    "updated_at": "2026-03-23T19:08:25.059Z"
  }
},
{
  "model": "orders.cartitem",
  "pk": 34,
  "fields": {
    "cart": 6,
    "product_type": "beat",
    "product_id": 17,
    "product_title": "up in the sky",
    "license_type": 3,
    "price": "8000.00",
    "created_at": "2026-03-23T20:28:16.161Z",
    "updated_at": "2026-03-23T20:28:16.161Z"
  }
},
{
  "model": "orders.cartitem",
  "pk": 35,
  "fields": {
    "cart": 3,
    "product_type": "beat",
    "product_id": 16,
    "product_title": "high times",
    "license_type": 1,
    "price": "1500.00",
    "created_at": "2026-03-26T19:29:26.218Z",
    "updated_at": "2026-03-26T19:29:28.668Z"
  }
},
{
  "model": "orders.cartitem",
  "pk": 50,
  "fields": {
    "cart": 9,
    "product_type": "beat",
    "product_id": 15,
    "product_title": "valley RNB",
    "license_type": 2,
    "price": "1500.00",
    "created_at": "2026-03-26T22:04:51.763Z",
    "updated_at": "2026-03-26T22:04:51.763Z"
  }
},
{
  "model": "orders.cartitem",
  "pk": 51,
  "fields": {
    "cart": 9,
    "product_type": "beat",
    "product_id": 19,
    "product_title": "1974 AD",
    "license_type": 2,
    "price": "560.00",
    "created_at": "2026-03-26T22:05:08.772Z",
    "updated_at": "2026-03-26T22:05:08.772Z"
  }
},
{
  "model": "orders.cartitem",
  "pk": 52,
  "fields": {
    "cart": 9,
    "product_type": "beat",
    "product_id": 10,
    "product_title": "uzi shots",
    "license_type": 1,
    "price": "200.00",
    "created_at": "2026-03-26T22:05:12.514Z",
    "updated_at": "2026-03-26T22:05:13.581Z"
  }
},
{
  "model": "orders.cartitem",
  "pk": 53,
  "fields": {
    "cart": 9,
    "product_type": "beat",
    "product_id": 11,
    "product_title": "Hills Echoes",
    "license_type": 1,
    "price": "4000.00",
    "created_at": "2026-03-27T05:28:33.348Z",
    "updated_at": "2026-03-27T05:28:33.348Z"
  }
},
{
  "model": "orders.cartitem",
  "pk": 54,
  "fields": {
    "cart": 9,
    "product_type": "beat",
    "product_id": 13,
    "product_title": "ktm vibes",
    "license_type": 1,
    "price": "2500.00",
    "created_at": "2026-03-27T05:28:54.986Z",
    "updated_at": "2026-03-27T05:28:54.986Z"
  }
},
{
  "model": "orders.cartitem",
  "pk": 55,
  "fields": {
    "cart": 9,
    "product_type": "beat",
    "product_id": 16,
    "product_title": "high times",
    "license_type": 1,
    "price": "1500.00",
    "created_at": "2026-03-27T08:31:26.335Z",
    "updated_at": "2026-03-27T08:31:26.335Z"
  }
},
{
  "model": "orders.cartitem",
  "pk": 56,
  "fields": {
    "cart": 9,
    "product_type": "beat",
    "product_id": 14,
    "product_title": "ktm grime",
    "license_type": 1,
    "price": "700.00",
    "created_at": "2026-03-27T08:34:06.312Z",
    "updated_at": "2026-03-27T08:34:06.312Z"
  }
},
{
  "model": "orders.cartitem",
  "pk": 57,
  "fields": {
    "cart": 1,
    "product_type": "beat",
    "product_id": 20,
    "product_title": "yeti chokho neplai sampled beat",
    "license_type": 2,
    "price": "2500.00",
    "created_at": "2026-03-27T12:00:41.297Z",
    "updated_at": "2026-03-27T12:00:41.297Z"
  }
},
{
  "model": "orders.cartitem",
  "pk": 58,
  "fields": {
    "cart": 7,
    "product_type": "beat",
    "product_id": 20,
    "product_title": "yeti chokho neplai sampled beat",
    "license_type": 2,
    "price": "2500.00",
    "created_at": "2026-03-27T20:55:57.513Z",
    "updated_at": "2026-03-27T20:55:57.513Z"
  }
},
{
  "model": "orders.cartitem",
  "pk": 59,
  "fields": {
    "cart": 7,
    "product_type": "beat",
    "product_id": 13,
    "product_title": "ktm vibes",
    "license_type": 1,
    "price": "2500.00",
    "created_at": "2026-03-27T21:20:17.701Z",
    "updated_at": "2026-03-27T21:20:17.701Z"
  }
},
{
  "model": "orders.orderitem",
  "pk": 1,
  "fields": {
    "order": 1,
    "product_type": "beat",
    "product_id": 5,
    "product_title": "boom bap",
    "license_type": 1,
    "price": "980.00"
  }
},
{
  "model": "orders.orderitem",
  "pk": 2,
  "fields": {
    "order": 2,
    "product_type": "beat",
    "product_id": 4,
    "product_title": "fdvfd",
    "license_type": 1,
    "price": "999.00"
  }
},
{
  "model": "orders.orderitem",
  "pk": 3,
  "fields": {
    "order": 2,
    "product_type": "beat",
    "product_id": 5,
    "product_title": "boom bap",
    "license_type": 1,
    "price": "980.00"
  }
},
{
  "model": "orders.orderitem",
  "pk": 4,
  "fields": {
    "order": 3,
    "product_type": "beat",
    "product_id": 9,
    "product_title": "love me",
    "license_type": 3,
    "price": "4000.00"
  }
},
{
  "model": "orders.orderitem",
  "pk": 5,
  "fields": {
    "order": 3,
    "product_type": "beat",
    "product_id": 6,
    "product_title": "dril",
    "license_type": 1,
    "price": "2000.00"
  }
},
{
  "model": "orders.orderitem",
  "pk": 6,
  "fields": {
    "order": 3,
    "product_type": "beat",
    "product_id": 6,
    "product_title": "dril",
    "license_type": 2,
    "price": "3000.00"
  }
},
{
  "model": "orders.orderitem",
  "pk": 7,
  "fields": {
    "order": 4,
    "product_type": "beat",
    "product_id": 17,
    "product_title": "up in the sky",
    "license_type": 3,
    "price": "8000.00"
  }
},
{
  "model": "orders.orderitem",
  "pk": 8,
  "fields": {
    "order": 4,
    "product_type": "beat",
    "product_id": 18,
    "product_title": "cyclone",
    "license_type": 1,
    "price": "5600.00"
  }
},
{
  "model": "orders.orderitem",
  "pk": 9,
  "fields": {
    "order": 5,
    "product_type": "beat",
    "product_id": 17,
    "product_title": "up in the sky",
    "license_type": 3,
    "price": "8000.00"
  }
},
{
  "model": "orders.orderitem",
  "pk": 10,
  "fields": {
    "order": 5,
    "product_type": "beat",
    "product_id": 18,
    "product_title": "cyclone",
    "license_type": 1,
    "price": "5600.00"
  }
},
{
  "model": "orders.orderitem",
  "pk": 11,
  "fields": {
    "order": 6,
    "product_type": "beat",
    "product_id": 16,
    "product_title": "high times",
    "license_type": 1,
    "price": "1500.00"
  }
},
{
  "model": "orders.orderitem",
  "pk": 12,
  "fields": {
    "order": 6,
    "product_type": "beat",
    "product_id": 18,
    "product_title": "cyclone",
    "license_type": 1,
    "price": "5600.00"
  }
},
{
  "model": "orders.orderitem",
  "pk": 13,
  "fields": {
    "order": 6,
    "product_type": "beat",
    "product_id": 17,
    "product_title": "up in the sky",
    "license_type": 3,
    "price": "8000.00"
  }
},
{
  "model": "orders.orderitem",
  "pk": 14,
  "fields": {
    "order": 7,
    "product_type": "beat",
    "product_id": 16,
    "product_title": "high times",
    "license_type": 1,
    "price": "1500.00"
  }
},
{
  "model": "orders.orderitem",
  "pk": 15,
  "fields": {
    "order": 7,
    "product_type": "beat",
    "product_id": 18,
    "product_title": "cyclone",
    "license_type": 1,
    "price": "5600.00"
  }
},
{
  "model": "orders.orderitem",
  "pk": 16,
  "fields": {
    "order": 7,
    "product_type": "beat",
    "product_id": 17,
    "product_title": "up in the sky",
    "license_type": 3,
    "price": "8000.00"
  }
},
{
  "model": "orders.orderitem",
  "pk": 17,
  "fields": {
    "order": 8,
    "product_type": "beat",
    "product_id": 17,
    "product_title": "up in the sky",
    "license_type": 3,
    "price": "8000.00"
  }
},
{
  "model": "orders.orderitem",
  "pk": 18,
  "fields": {
    "order": 8,
    "product_type": "beat",
    "product_id": 18,
    "product_title": "cyclone",
    "license_type": 1,
    "price": "5600.00"
  }
},
{
  "model": "orders.orderitem",
  "pk": 19,
  "fields": {
    "order": 9,
    "product_type": "beat",
    "product_id": 12,
    "product_title": "afro baby",
    "license_type": 1,
    "price": "999.00"
  }
},
{
  "model": "orders.orderitem",
  "pk": 20,
  "fields": {
    "order": 10,
    "product_type": "beat",
    "product_id": 17,
    "product_title": "up in the sky",
    "license_type": 1,
    "price": "2700.00"
  }
},
{
  "model": "orders.orderitem",
  "pk": 21,
  "fields": {
    "order": 10,
    "product_type": "beat",
    "product_id": 18,
    "product_title": "cyclone",
    "license_type": 1,
    "price": "5600.00"
  }
},
{
  "model": "orders.orderitem",
  "pk": 22,
  "fields": {
    "order": 11,
    "product_type": "beat",
    "product_id": 17,
    "product_title": "up in the sky",
    "license_type": 1,
    "price": "2700.00"
  }
},
{
  "model": "orders.orderitem",
  "pk": 23,
  "fields": {
    "order": 12,
    "product_type": "beat",
    "product_id": 16,
    "product_title": "high times",
    "license_type": 1,
    "price": "1500.00"
  }
},
{
  "model": "orders.orderitem",
  "pk": 24,
  "fields": {
    "order": 12,
    "product_type": "beat",
    "product_id": 17,
    "product_title": "up in the sky",
    "license_type": 1,
    "price": "2700.00"
  }
},
{
  "model": "orders.orderitem",
  "pk": 25,
  "fields": {
    "order": 13,
    "product_type": "beat",
    "product_id": 18,
    "product_title": "cyclone",
    "license_type": 1,
    "price": "5600.00"
  }
},
{
  "model": "orders.orderitem",
  "pk": 26,
  "fields": {
    "order": 13,
    "product_type": "beat",
    "product_id": 16,
    "product_title": "high times",
    "license_type": 1,
    "price": "1500.00"
  }
},
{
  "model": "orders.orderitem",
  "pk": 27,
  "fields": {
    "order": 13,
    "product_type": "beat",
    "product_id": 17,
    "product_title": "up in the sky",
    "license_type": 1,
    "price": "2700.00"
  }
},
{
  "model": "orders.orderitem",
  "pk": 28,
  "fields": {
    "order": 14,
    "product_type": "beat",
    "product_id": 13,
    "product_title": "ktm vibes",
    "license_type": 3,
    "price": "4000.00"
  }
},
{
  "model": "orders.orderitem",
  "pk": 29,
  "fields": {
    "order": 14,
    "product_type": "beat",
    "product_id": 18,
    "product_title": "cyclone",
    "license_type": 1,
    "price": "5600.00"
  }
},
{
  "model": "orders.orderitem",
  "pk": 30,
  "fields": {
    "order": 14,
    "product_type": "beat",
    "product_id": 16,
    "product_title": "high times",
    "license_type": 1,
    "price": "1500.00"
  }
},
{
  "model": "orders.orderitem",
  "pk": 31,
  "fields": {
    "order": 14,
    "product_type": "beat",
    "product_id": 17,
    "product_title": "up in the sky",
    "license_type": 1,
    "price": "2700.00"
  }
},
{
  "model": "orders.orderitem",
  "pk": 32,
  "fields": {
    "order": 15,
    "product_type": "beat",
    "product_id": 18,
    "product_title": "cyclone",
    "license_type": 1,
    "price": "5600.00"
  }
},
{
  "model": "orders.orderitem",
  "pk": 33,
  "fields": {
    "order": 15,
    "product_type": "beat",
    "product_id": 19,
    "product_title": "1974 AD",
    "license_type": 1,
    "price": "98.00"
  }
},
{
  "model": "orders.orderitem",
  "pk": 34,
  "fields": {
    "order": 16,
    "product_type": "beat",
    "product_id": 14,
    "product_title": "ktm grime",
    "license_type": 1,
    "price": "700.00"
  }
},
{
  "model": "orders.orderitem",
  "pk": 35,
  "fields": {
    "order": 17,
    "product_type": "beat",
    "product_id": 14,
    "product_title": "ktm grime",
    "license_type": 1,
    "price": "700.00"
  }
},
{
  "model": "orders.orderitem",
  "pk": 36,
  "fields": {
    "order": 18,
    "product_type": "beat",
    "product_id": 6,
    "product_title": "dril",
    "license_type": 1,
    "price": "2000.00"
  }
},
{
  "model": "orders.orderitem",
  "pk": 37,
  "fields": {
    "order": 18,
    "product_type": "beat",
    "product_id": 17,
    "product_title": "up in the sky",
    "license_type": 1,
    "price": "2700.00"
  }
},
{
  "model": "orders.orderitem",
  "pk": 38,
  "fields": {
    "order": 18,
    "product_type": "beat",
    "product_id": 16,
    "product_title": "high times",
    "license_type": 1,
    "price": "1500.00"
  }
},
{
  "model": "orders.orderitem",
  "pk": 39,
  "fields": {
    "order": 19,
    "product_type": "beat",
    "product_id": 16,
    "product_title": "high times",
    "license_type": 1,
    "price": "1500.00"
  }
},
{
  "model": "orders.orderitem",
  "pk": 40,
  "fields": {
    "order": 20,
    "product_type": "beat",
    "product_id": 13,
    "product_title": "ktm vibes",
    "license_type": 1,
    "price": "2500.00"
  }
},
{
  "model": "orders.orderitem",
  "pk": 41,
  "fields": {
    "order": 21,
    "product_type": "beat",
    "product_id": 20,
    "product_title": "yeti chokho neplai sampled beat",
    "license_type": 2,
    "price": "2500.00"
  }
},
{
  "model": "orders.orderitem",
  "pk": 42,
  "fields": {
    "order": 22,
    "product_type": "beat",
    "product_id": 16,
    "product_title": "high times",
    "license_type": 1,
    "price": "1500.00"
  }
},
{
  "model": "orders.orderitem",
  "pk": 43,
  "fields": {
    "order": 23,
    "product_type": "beat",
    "product_id": 20,
    "product_title": "yeti chokho neplai sampled beat",
    "license_type": 2,
    "price": "2500.00"
  }
},
{
  "model": "orders.orderitem",
  "pk": 44,
  "fields": {
    "order": 24,
    "product_type": "beat",
    "product_id": 13,
    "product_title": "ktm vibes",
    "license_type": 1,
    "price": "2500.00"
  }
},
{
  "model": "orders.orderitem",
  "pk": 45,
  "fields": {
    "order": 24,
    "product_type": "beat",
    "product_id": 20,
    "product_title": "yeti chokho neplai sampled beat",
    "license_type": 2,
    "price": "2500.00"
  }
},
{
  "model": "orders.purchaselicense",
  "pk": 4,
  "fields": {
    "buyer": [
      "sagar"
    ],
    "beat": 16,
    "license_type": 1,
    "order_item": 14,
    "created_at": "2026-03-20T18:05:11.860Z"
  }
},
{
  "model": "orders.purchaselicense",
  "pk": 5,
  "fields": {
    "buyer": [
      "sagar"
    ],
    "beat": 18,
    "license_type": 1,
    "order_item": 15,
    "created_at": "2026-03-20T18:05:11.868Z"
  }
},
{
  "model": "orders.purchaselicense",
  "pk": 6,
  "fields": {
    "buyer": [
      "sagar"
    ],
    "beat": 17,
    "license_type": 3,
    "order_item": 16,
    "created_at": "2026-03-20T18:05:11.874Z"
  }
},
{
  "model": "orders.purchaselicense",
  "pk": 7,
  "fields": {
    "buyer": [
      "sagar"
    ],
    "beat": 17,
    "license_type": 3,
    "order_item": 17,
    "created_at": "2026-03-20T18:12:29.539Z"
  }
},
{
  "model": "orders.purchaselicense",
  "pk": 8,
  "fields": {
    "buyer": [
      "sagar"
    ],
    "beat": 18,
    "license_type": 1,
    "order_item": 18,
    "created_at": "2026-03-20T18:12:29.545Z"
  }
},
{
  "model": "orders.purchaselicense",
  "pk": 9,
  "fields": {
    "buyer": [
      "sagar"
    ],
    "beat": 12,
    "license_type": 1,
    "order_item": 19,
    "created_at": "2026-03-20T18:13:44.233Z"
  }
},
{
  "model": "orders.purchaselicense",
  "pk": 10,
  "fields": {
    "buyer": [
      "sagar"
    ],
    "beat": 13,
    "license_type": 3,
    "order_item": 28,
    "created_at": "2026-03-22T07:10:34.727Z"
  }
},
{
  "model": "orders.purchaselicense",
  "pk": 11,
  "fields": {
    "buyer": [
      "sagar"
    ],
    "beat": 18,
    "license_type": 1,
    "order_item": 29,
    "created_at": "2026-03-22T07:10:34.736Z"
  }
},
{
  "model": "orders.purchaselicense",
  "pk": 12,
  "fields": {
    "buyer": [
      "sagar"
    ],
    "beat": 16,
    "license_type": 1,
    "order_item": 30,
    "created_at": "2026-03-22T07:10:34.741Z"
  }
},
{
  "model": "orders.purchaselicense",
  "pk": 13,
  "fields": {
    "buyer": [
      "sagar"
    ],
    "beat": 17,
    "license_type": 1,
    "order_item": 31,
    "created_at": "2026-03-22T07:10:34.748Z"
  }
},
{
  "model": "orders.purchaselicense",
  "pk": 14,
  "fields": {
    "buyer": [
      "sagar"
    ],
    "beat": 18,
    "license_type": 1,
    "order_item": 32,
    "created_at": "2026-03-22T13:34:19.994Z"
  }
},
{
  "model": "orders.purchaselicense",
  "pk": 15,
  "fields": {
    "buyer": [
      "sagar"
    ],
    "beat": 19,
    "license_type": 1,
    "order_item": 33,
    "created_at": "2026-03-22T13:34:20.136Z"
  }
},
{
  "model": "orders.purchaselicense",
  "pk": 16,
  "fields": {
    "buyer": [
      "sagar"
    ],
    "beat": 13,
    "license_type": 1,
    "order_item": 40,
    "created_at": "2026-03-26T19:33:37.149Z"
  }
},
{
  "model": "orders.downloadaccess",
  "pk": 4,
  "fields": {
    "buyer": [
      "sagar"
    ],
    "beat": 16,
    "order_item": 14,
    "granted_at": "2026-03-20T18:05:11.862Z"
  }
},
{
  "model": "orders.downloadaccess",
  "pk": 5,
  "fields": {
    "buyer": [
      "sagar"
    ],
    "beat": 18,
    "order_item": 15,
    "granted_at": "2026-03-20T18:05:11.871Z"
  }
},
{
  "model": "orders.downloadaccess",
  "pk": 6,
  "fields": {
    "buyer": [
      "sagar"
    ],
    "beat": 17,
    "order_item": 16,
    "granted_at": "2026-03-20T18:05:11.876Z"
  }
},
{
  "model": "orders.downloadaccess",
  "pk": 7,
  "fields": {
    "buyer": [
      "sagar"
    ],
    "beat": 17,
    "order_item": 17,
    "granted_at": "2026-03-20T18:12:29.541Z"
  }
},
{
  "model": "orders.downloadaccess",
  "pk": 8,
  "fields": {
    "buyer": [
      "sagar"
    ],
    "beat": 18,
    "order_item": 18,
    "granted_at": "2026-03-20T18:12:29.547Z"
  }
},
{
  "model": "orders.downloadaccess",
  "pk": 9,
  "fields": {
    "buyer": [
      "sagar"
    ],
    "beat": 12,
    "order_item": 19,
    "granted_at": "2026-03-20T18:13:44.234Z"
  }
},
{
  "model": "orders.downloadaccess",
  "pk": 10,
  "fields": {
    "buyer": [
      "sagar"
    ],
    "beat": 13,
    "order_item": 28,
    "granted_at": "2026-03-22T07:10:34.732Z"
  }
},
{
  "model": "orders.downloadaccess",
  "pk": 11,
  "fields": {
    "buyer": [
      "sagar"
    ],
    "beat": 18,
    "order_item": 29,
    "granted_at": "2026-03-22T07:10:34.738Z"
  }
},
{
  "model": "orders.downloadaccess",
  "pk": 12,
  "fields": {
    "buyer": [
      "sagar"
    ],
    "beat": 16,
    "order_item": 30,
    "granted_at": "2026-03-22T07:10:34.743Z"
  }
},
{
  "model": "orders.downloadaccess",
  "pk": 13,
  "fields": {
    "buyer": [
      "sagar"
    ],
    "beat": 17,
    "order_item": 31,
    "granted_at": "2026-03-22T07:10:34.750Z"
  }
},
{
  "model": "orders.downloadaccess",
  "pk": 14,
  "fields": {
    "buyer": [
      "sagar"
    ],
    "beat": 18,
    "order_item": 32,
    "granted_at": "2026-03-22T13:34:20.104Z"
  }
},
{
  "model": "orders.downloadaccess",
  "pk": 15,
  "fields": {
    "buyer": [
      "sagar"
    ],
    "beat": 19,
    "order_item": 33,
    "granted_at": "2026-03-22T13:34:20.149Z"
  }
},
{
  "model": "orders.downloadaccess",
  "pk": 16,
  "fields": {
    "buyer": [
      "sagar"
    ],
    "beat": 13,
    "order_item": 40,
    "granted_at": "2026-03-26T19:33:37.162Z"
  }
},
{
  "model": "payments.payment",
  "pk": 1,
  "fields": {
    "order": 3,
    "gateway": "esewa",
    "status": "pending",
    "amount": "9000.00",
    "external_ref": "ord3-20260320172005",
    "metadata": {
      "provider": "esewa",
      "environment": "uat",
      "checkout_url": "https://rc-epay.esewa.com.np/api/epay/main/v2/form",
      "form_fields": {
        "amount": "9000.00",
        "tax_amount": "0",
        "total_amount": "9000.00",
        "transaction_uuid": "ord3-20260320172005",
        "product_code": "EPAYTEST",
        "product_service_charge": "0",
        "product_delivery_charge": "0",
        "success_url": "http://127.0.0.1:3000/orders/esewa-return?payment_id=1&state=success",
        "failure_url": "http://127.0.0.1:3000/orders/esewa-return?payment_id=1&state=failure",
        "signed_field_names": "total_amount,transaction_uuid,product_code",
        "signature": "SxgvhOm+Gebh+Y3g8LB08iNl5m8b4nNY8ysoI4njGfM="
      },
      "issued_at": "2026-03-20T17:20:05.354278+00:00"
    },
    "created_at": "2026-03-20T17:20:05.273Z"
  }
},
{
  "model": "payments.payment",
  "pk": 2,
  "fields": {
    "order": 4,
    "gateway": "esewa",
    "status": "pending",
    "amount": "13600.00",
    "external_ref": "ord4-20260320173747",
    "metadata": {
      "provider": "esewa",
      "environment": "uat",
      "checkout_url": "https://rc-epay.esewa.com.np/api/epay/main/v2/form",
      "form_fields": {
        "amount": "13600.00",
        "tax_amount": "0",
        "total_amount": "13600.00",
        "transaction_uuid": "ord4-20260320173747",
        "product_code": "EPAYTEST",
        "product_service_charge": "0",
        "product_delivery_charge": "0",
        "success_url": "http://127.0.0.1:3000/orders/esewa-return?payment_id=2",
        "failure_url": "http://127.0.0.1:3000/orders/esewa-return?payment_id=2&failed=1",
        "signed_field_names": "total_amount,transaction_uuid,product_code",
        "signature": "Xvv4sPqLmcGFSBcHjPJuM0lj/HFwericOclTR8BrPhY="
      },
      "issued_at": "2026-03-20T17:37:47.414416+00:00"
    },
    "created_at": "2026-03-20T17:37:47.333Z"
  }
},
{
  "model": "payments.payment",
  "pk": 3,
  "fields": {
    "order": 5,
    "gateway": "esewa",
    "status": "pending",
    "amount": "13600.00",
    "external_ref": "ord5-20260320173856",
    "metadata": {
      "provider": "esewa",
      "environment": "uat",
      "checkout_url": "https://rc-epay.esewa.com.np/api/epay/main/v2/form",
      "form_fields": {
        "amount": "13600.00",
        "tax_amount": "0",
        "total_amount": "13600.00",
        "transaction_uuid": "ord5-20260320173856",
        "product_code": "EPAYTEST",
        "product_service_charge": "0",
        "product_delivery_charge": "0",
        "success_url": "http://127.0.0.1:3000/orders/esewa-return?payment_id=3",
        "failure_url": "http://127.0.0.1:3000/orders/esewa-return?payment_id=3&failed=1",
        "signed_field_names": "total_amount,transaction_uuid,product_code",
        "signature": "dTu3InAgGZZnDtsg4AOaB9X0PirZsctlhG24RfakiIw="
      },
      "issued_at": "2026-03-20T17:38:56.441261+00:00"
    },
    "created_at": "2026-03-20T17:38:56.360Z"
  }
},
{
  "model": "payments.payment",
  "pk": 4,
  "fields": {
    "order": 6,
    "gateway": "esewa",
    "status": "pending",
    "amount": "15100.00",
    "external_ref": "ord6-20260320174829",
    "metadata": {
      "provider": "esewa",
      "environment": "uat",
      "checkout_url": "https://rc-epay.esewa.com.np/api/epay/main/v2/form",
      "form_fields": {
        "amount": "15100.00",
        "tax_amount": "0",
        "total_amount": "15100.00",
        "transaction_uuid": "ord6-20260320174829",
        "product_code": "EPAYTEST",
        "product_service_charge": "0",
        "product_delivery_charge": "0",
        "success_url": "http://127.0.0.1:3000/orders/esewa-return/4",
        "failure_url": "http://127.0.0.1:3000/orders/esewa-return/failure/4",
        "signed_field_names": "total_amount,transaction_uuid,product_code",
        "signature": "A+dJnT0me7p99/P5Us4kNzSVm6vWovCrTtB1hIhlCqo="
      },
      "issued_at": "2026-03-20T17:48:29.751069+00:00"
    },
    "created_at": "2026-03-20T17:48:29.672Z"
  }
},
{
  "model": "payments.payment",
  "pk": 5,
  "fields": {
    "order": 7,
    "gateway": "esewa",
    "status": "success",
    "amount": "15100.00",
    "external_ref": "ord7-20260320174920",
    "metadata": {
      "provider": "esewa",
      "environment": "uat",
      "checkout_url": "https://rc-epay.esewa.com.np/api/epay/main/v2/form",
      "form_fields": {
        "amount": "15100.00",
        "tax_amount": "0",
        "total_amount": "15100.00",
        "transaction_uuid": "ord7-20260320174920",
        "product_code": "EPAYTEST",
        "product_service_charge": "0",
        "product_delivery_charge": "0",
        "success_url": "http://127.0.0.1:3000/orders/esewa-return/5",
        "failure_url": "http://127.0.0.1:3000/orders/esewa-return/failure/5",
        "signed_field_names": "total_amount,transaction_uuid,product_code",
        "signature": "nEdRdQFywmRcLS6fqPR4rTL9ULWHGDnyZBwLMif1BMA="
      },
      "issued_at": "2026-03-20T17:49:20.353933+00:00",
      "callback_payload": {
        "transaction_code": "000EJ2L",
        "status": "COMPLETE",
        "total_amount": "15100.0",
        "transaction_uuid": "ord7-20260320174920",
        "product_code": "EPAYTEST",
        "signed_field_names": "transaction_code,status,total_amount,transaction_uuid,product_code,signed_field_names",
        "signature": "E/+4l5SF4XzeJDIpaMvTAoGxFA47J278FMP6GFHq3T4="
      },
      "status_check": {
        "product_code": "EPAYTEST",
        "transaction_uuid": "ord7-20260320174920",
        "total_amount": 15100.0,
        "status": "COMPLETE",
        "ref_id": "000EJ2L"
      },
      "verification": {
        "callback": {
          "transaction_code": "000EJ2L",
          "status": "COMPLETE",
          "total_amount": "15100.0",
          "transaction_uuid": "ord7-20260320174920",
          "product_code": "EPAYTEST",
          "signed_field_names": "transaction_code,status,total_amount,transaction_uuid,product_code,signed_field_names",
          "signature": "E/+4l5SF4XzeJDIpaMvTAoGxFA47J278FMP6GFHq3T4="
        },
        "status_check": {
          "product_code": "EPAYTEST",
          "transaction_uuid": "ord7-20260320174920",
          "total_amount": 15100.0,
          "status": "COMPLETE",
          "ref_id": "000EJ2L"
        }
      }
    },
    "created_at": "2026-03-20T17:49:20.270Z"
  }
},
{
  "model": "payments.payment",
  "pk": 6,
  "fields": {
    "order": 8,
    "gateway": "esewa",
    "status": "success",
    "amount": "13600.00",
    "external_ref": "ord8-20260320181154",
    "metadata": {
      "provider": "esewa",
      "environment": "uat",
      "checkout_url": "https://rc-epay.esewa.com.np/api/epay/main/v2/form",
      "form_fields": {
        "amount": "13600.00",
        "tax_amount": "0",
        "total_amount": "13600.00",
        "transaction_uuid": "ord8-20260320181154",
        "product_code": "EPAYTEST",
        "product_service_charge": "0",
        "product_delivery_charge": "0",
        "success_url": "http://127.0.0.1:3000/orders/esewa-return/6",
        "failure_url": "http://127.0.0.1:3000/orders/esewa-return/failure/6",
        "signed_field_names": "total_amount,transaction_uuid,product_code",
        "signature": "8z5yzBv9zmhMvuybZ75TpO26yCtR2YwXPx3aP96lo7E="
      },
      "issued_at": "2026-03-20T18:11:54.924611+00:00",
      "callback_payload": {
        "transaction_code": "000EJ2N",
        "status": "COMPLETE",
        "total_amount": "13600.0",
        "transaction_uuid": "ord8-20260320181154",
        "product_code": "EPAYTEST",
        "signed_field_names": "transaction_code,status,total_amount,transaction_uuid,product_code,signed_field_names",
        "signature": "wauxfcBLw47jwvHz9ajLyvyGqzDv4oBLJB9jYr6r3Gs="
      },
      "status_check": {
        "product_code": "EPAYTEST",
        "transaction_uuid": "ord8-20260320181154",
        "total_amount": 13600.0,
        "status": "COMPLETE",
        "ref_id": "000EJ2N"
      },
      "verification": {
        "callback": {
          "transaction_code": "000EJ2N",
          "status": "COMPLETE",
          "total_amount": "13600.0",
          "transaction_uuid": "ord8-20260320181154",
          "product_code": "EPAYTEST",
          "signed_field_names": "transaction_code,status,total_amount,transaction_uuid,product_code,signed_field_names",
          "signature": "wauxfcBLw47jwvHz9ajLyvyGqzDv4oBLJB9jYr6r3Gs="
        },
        "status_check": {
          "product_code": "EPAYTEST",
          "transaction_uuid": "ord8-20260320181154",
          "total_amount": 13600.0,
          "status": "COMPLETE",
          "ref_id": "000EJ2N"
        }
      }
    },
    "created_at": "2026-03-20T18:11:54.839Z"
  }
},
{
  "model": "payments.payment",
  "pk": 7,
  "fields": {
    "order": 9,
    "gateway": "esewa",
    "status": "success",
    "amount": "999.00",
    "external_ref": "ord9-20260320181313",
    "metadata": {
      "provider": "esewa",
      "environment": "uat",
      "checkout_url": "https://rc-epay.esewa.com.np/api/epay/main/v2/form",
      "form_fields": {
        "amount": "999.00",
        "tax_amount": "0",
        "total_amount": "999.00",
        "transaction_uuid": "ord9-20260320181313",
        "product_code": "EPAYTEST",
        "product_service_charge": "0",
        "product_delivery_charge": "0",
        "success_url": "http://127.0.0.1:3000/orders/esewa-return/7",
        "failure_url": "http://127.0.0.1:3000/orders/esewa-return/failure/7",
        "signed_field_names": "total_amount,transaction_uuid,product_code",
        "signature": "Ij5JfV9EGwYjJmBcHrXYJxtbSkRK6/9Hh94n4PkTWZA="
      },
      "issued_at": "2026-03-20T18:13:13.227760+00:00",
      "callback_payload": {
        "transaction_code": "000EJ2O",
        "status": "COMPLETE",
        "total_amount": "999.0",
        "transaction_uuid": "ord9-20260320181313",
        "product_code": "EPAYTEST",
        "signed_field_names": "transaction_code,status,total_amount,transaction_uuid,product_code,signed_field_names",
        "signature": "Km2hwsdmm3GlChLrpjnfrmzUcV8bX+6JEFa2cP4LHQ0="
      },
      "status_check": {
        "product_code": "EPAYTEST",
        "transaction_uuid": "ord9-20260320181313",
        "total_amount": 999.0,
        "status": "COMPLETE",
        "ref_id": "000EJ2O"
      },
      "verification": {
        "callback": {
          "transaction_code": "000EJ2O",
          "status": "COMPLETE",
          "total_amount": "999.0",
          "transaction_uuid": "ord9-20260320181313",
          "product_code": "EPAYTEST",
          "signed_field_names": "transaction_code,status,total_amount,transaction_uuid,product_code,signed_field_names",
          "signature": "Km2hwsdmm3GlChLrpjnfrmzUcV8bX+6JEFa2cP4LHQ0="
        },
        "status_check": {
          "product_code": "EPAYTEST",
          "transaction_uuid": "ord9-20260320181313",
          "total_amount": 999.0,
          "status": "COMPLETE",
          "ref_id": "000EJ2O"
        }
      }
    },
    "created_at": "2026-03-20T18:13:13.143Z"
  }
},
{
  "model": "payments.payment",
  "pk": 8,
  "fields": {
    "order": 10,
    "gateway": "esewa",
    "status": "pending",
    "amount": "8300.00",
    "external_ref": "ord10-20260321064448",
    "metadata": {
      "provider": "esewa",
      "environment": "uat",
      "checkout_url": "https://rc-epay.esewa.com.np/api/epay/main/v2/form",
      "form_fields": {
        "amount": "8300.00",
        "tax_amount": "0",
        "total_amount": "8300.00",
        "transaction_uuid": "ord10-20260321064448",
        "product_code": "EPAYTEST",
        "product_service_charge": "0",
        "product_delivery_charge": "0",
        "success_url": "http://127.0.0.1:3000/orders/esewa-return/8",
        "failure_url": "http://127.0.0.1:3000/orders/esewa-return/failure/8",
        "signed_field_names": "total_amount,transaction_uuid,product_code",
        "signature": "1oj1jCHEHvdAo6pSd8Cz6QitQ2F36hvj+TYg6uRFcBs="
      },
      "issued_at": "2026-03-21T06:44:48.821801+00:00"
    },
    "created_at": "2026-03-21T06:44:48.713Z"
  }
},
{
  "model": "payments.payment",
  "pk": 9,
  "fields": {
    "order": 11,
    "gateway": "esewa",
    "status": "pending",
    "amount": "2700.00",
    "external_ref": "ord11-20260321064922",
    "metadata": {
      "provider": "esewa",
      "environment": "uat",
      "checkout_url": "https://rc-epay.esewa.com.np/api/epay/main/v2/form",
      "form_fields": {
        "amount": "2700.00",
        "tax_amount": "0",
        "total_amount": "2700.00",
        "transaction_uuid": "ord11-20260321064922",
        "product_code": "EPAYTEST",
        "product_service_charge": "0",
        "product_delivery_charge": "0",
        "success_url": "http://127.0.0.1:3000/orders/esewa-return/9",
        "failure_url": "http://127.0.0.1:3000/orders/esewa-return/failure/9",
        "signed_field_names": "total_amount,transaction_uuid,product_code",
        "signature": "urmw0VZQp0bTugML8rK/yoaC3pqEpJPlde4DMAHgmr4="
      },
      "issued_at": "2026-03-21T06:49:22.488763+00:00"
    },
    "created_at": "2026-03-21T06:49:22.399Z"
  }
},
{
  "model": "payments.payment",
  "pk": 10,
  "fields": {
    "order": 12,
    "gateway": "esewa",
    "status": "pending",
    "amount": "4200.00",
    "external_ref": "ord12-20260321065205",
    "metadata": {
      "provider": "esewa",
      "environment": "uat",
      "checkout_url": "https://rc-epay.esewa.com.np/api/epay/main/v2/form",
      "form_fields": {
        "amount": "4200.00",
        "tax_amount": "0",
        "total_amount": "4200.00",
        "transaction_uuid": "ord12-20260321065205",
        "product_code": "EPAYTEST",
        "product_service_charge": "0",
        "product_delivery_charge": "0",
        "success_url": "http://127.0.0.1:3000/orders/esewa-return/10",
        "failure_url": "http://127.0.0.1:3000/orders/esewa-return/failure/10",
        "signed_field_names": "total_amount,transaction_uuid,product_code",
        "signature": "R/9r86RPB24eABAnZc1nSmz5aiKXJnf5J2L2A490bus="
      },
      "issued_at": "2026-03-21T06:52:05.258544+00:00"
    },
    "created_at": "2026-03-21T06:52:05.174Z"
  }
},
{
  "model": "payments.payment",
  "pk": 11,
  "fields": {
    "order": 13,
    "gateway": "esewa",
    "status": "pending",
    "amount": "9800.00",
    "external_ref": "ord13-20260321072127",
    "metadata": {
      "provider": "esewa",
      "environment": "uat",
      "checkout_url": "https://rc-epay.esewa.com.np/api/epay/main/v2/form",
      "form_fields": {
        "amount": "9800.00",
        "tax_amount": "0",
        "total_amount": "9800.00",
        "transaction_uuid": "ord13-20260321072127",
        "product_code": "EPAYTEST",
        "product_service_charge": "0",
        "product_delivery_charge": "0",
        "success_url": "http://127.0.0.1:3000/orders/esewa-return/11",
        "failure_url": "http://127.0.0.1:3000/orders/esewa-return/failure/11",
        "signed_field_names": "total_amount,transaction_uuid,product_code",
        "signature": "8oF6TtWyBEHaAYF1UE0ygel2xDt5b1aXw7XZdHF1qDI="
      },
      "issued_at": "2026-03-21T07:21:27.146617+00:00"
    },
    "created_at": "2026-03-21T07:21:27.059Z"
  }
},
{
  "model": "payments.payment",
  "pk": 12,
  "fields": {
    "order": 14,
    "gateway": "esewa",
    "status": "success",
    "amount": "13800.00",
    "external_ref": "ord14-20260322070928",
    "metadata": {
      "provider": "esewa",
      "environment": "uat",
      "checkout_url": "https://rc-epay.esewa.com.np/api/epay/main/v2/form",
      "form_fields": {
        "amount": "13800.00",
        "tax_amount": "0",
        "total_amount": "13800.00",
        "transaction_uuid": "ord14-20260322070928",
        "product_code": "EPAYTEST",
        "product_service_charge": "0",
        "product_delivery_charge": "0",
        "success_url": "http://127.0.0.1:3000/orders/esewa-return/12",
        "failure_url": "http://127.0.0.1:3000/orders/esewa-return/failure/12",
        "signed_field_names": "total_amount,transaction_uuid,product_code",
        "signature": "U8XLAmOEg/mDabin8Vbcj+NQTLO+Gez+IoWMaUJYYTQ="
      },
      "issued_at": "2026-03-22T07:09:28.164086+00:00",
      "callback_payload": {
        "transaction_code": "000EJGN",
        "status": "COMPLETE",
        "total_amount": "13800.0",
        "transaction_uuid": "ord14-20260322070928",
        "product_code": "EPAYTEST",
        "signed_field_names": "transaction_code,status,total_amount,transaction_uuid,product_code,signed_field_names",
        "signature": "rnRTu84TL4v8Uzpo8xzdB5Nd5nBmreQFToWbN2KLAIo="
      },
      "status_check": {
        "product_code": "EPAYTEST",
        "transaction_uuid": "ord14-20260322070928",
        "total_amount": 13800.0,
        "status": "COMPLETE",
        "ref_id": "000EJGN"
      },
      "verification": {
        "callback": {
          "transaction_code": "000EJGN",
          "status": "COMPLETE",
          "total_amount": "13800.0",
          "transaction_uuid": "ord14-20260322070928",
          "product_code": "EPAYTEST",
          "signed_field_names": "transaction_code,status,total_amount,transaction_uuid,product_code,signed_field_names",
          "signature": "rnRTu84TL4v8Uzpo8xzdB5Nd5nBmreQFToWbN2KLAIo="
        },
        "status_check": {
          "product_code": "EPAYTEST",
          "transaction_uuid": "ord14-20260322070928",
          "total_amount": 13800.0,
          "status": "COMPLETE",
          "ref_id": "000EJGN"
        }
      }
    },
    "created_at": "2026-03-22T07:09:28.078Z"
  }
},
{
  "model": "payments.payment",
  "pk": 13,
  "fields": {
    "order": 15,
    "gateway": "esewa",
    "status": "success",
    "amount": "5698.00",
    "external_ref": "ord15-20260322133324",
    "metadata": {
      "provider": "esewa",
      "environment": "uat",
      "checkout_url": "https://rc-epay.esewa.com.np/api/epay/main/v2/form",
      "form_fields": {
        "amount": "5698.00",
        "tax_amount": "0",
        "total_amount": "5698.00",
        "transaction_uuid": "ord15-20260322133324",
        "product_code": "EPAYTEST",
        "product_service_charge": "0",
        "product_delivery_charge": "0",
        "success_url": "http://127.0.0.1:3000/orders/esewa-return/13",
        "failure_url": "http://127.0.0.1:3000/orders/esewa-return/failure/13",
        "signed_field_names": "total_amount,transaction_uuid,product_code",
        "signature": "yEAiUDPkup0L/q15Ulf/aiGsqIv7cqe+kvx9sCN5Y40="
      },
      "issued_at": "2026-03-22T13:33:24.687924+00:00",
      "callback_payload": {
        "transaction_code": "000EJOF",
        "status": "COMPLETE",
        "total_amount": "5698.0",
        "transaction_uuid": "ord15-20260322133324",
        "product_code": "EPAYTEST",
        "signed_field_names": "transaction_code,status,total_amount,transaction_uuid,product_code,signed_field_names",
        "signature": "8j2HIsMWovLKKejSgTVnrS0+2H1iElgqYeXCGs3v014="
      },
      "status_check": {
        "product_code": "EPAYTEST",
        "transaction_uuid": "ord15-20260322133324",
        "total_amount": 5698.0,
        "status": "COMPLETE",
        "ref_id": "000EJOF"
      },
      "verification": {
        "callback": {
          "transaction_code": "000EJOF",
          "status": "COMPLETE",
          "total_amount": "5698.0",
          "transaction_uuid": "ord15-20260322133324",
          "product_code": "EPAYTEST",
          "signed_field_names": "transaction_code,status,total_amount,transaction_uuid,product_code,signed_field_names",
          "signature": "8j2HIsMWovLKKejSgTVnrS0+2H1iElgqYeXCGs3v014="
        },
        "status_check": {
          "product_code": "EPAYTEST",
          "transaction_uuid": "ord15-20260322133324",
          "total_amount": 5698.0,
          "status": "COMPLETE",
          "ref_id": "000EJOF"
        }
      }
    },
    "created_at": "2026-03-22T13:33:24.566Z"
  }
},
{
  "model": "payments.payment",
  "pk": 14,
  "fields": {
    "order": 18,
    "gateway": "esewa",
    "status": "pending",
    "amount": "6200.00",
    "external_ref": "ord18-20260326193003",
    "metadata": {
      "provider": "esewa",
      "environment": "uat",
      "checkout_url": "https://rc-epay.esewa.com.np/api/epay/main/v2/form",
      "form_fields": {
        "amount": "6200.00",
        "tax_amount": "0",
        "total_amount": "6200.00",
        "transaction_uuid": "ord18-20260326193003",
        "product_code": "EPAYTEST",
        "product_service_charge": "0",
        "product_delivery_charge": "0",
        "success_url": "http://127.0.0.1:3000/orders/esewa-return/14",
        "failure_url": "http://127.0.0.1:3000/orders/esewa-return/failure/14",
        "signed_field_names": "total_amount,transaction_uuid,product_code",
        "signature": "0+Q9TnnYBIBMIpEO+3np7G+Unt8EFPxoOdVZwTz7By0="
      },
      "issued_at": "2026-03-26T19:30:03.730196+00:00"
    },
    "created_at": "2026-03-26T19:30:03.648Z"
  }
},
{
  "model": "payments.payment",
  "pk": 15,
  "fields": {
    "order": 19,
    "gateway": "esewa",
    "status": "pending",
    "amount": "1500.00",
    "external_ref": "ord19-20260326193021",
    "metadata": {
      "provider": "esewa",
      "environment": "uat",
      "checkout_url": "https://rc-epay.esewa.com.np/api/epay/main/v2/form",
      "form_fields": {
        "amount": "1500.00",
        "tax_amount": "0",
        "total_amount": "1500.00",
        "transaction_uuid": "ord19-20260326193021",
        "product_code": "EPAYTEST",
        "product_service_charge": "0",
        "product_delivery_charge": "0",
        "success_url": "http://127.0.0.1:3000/orders/esewa-return/15",
        "failure_url": "http://127.0.0.1:3000/orders/esewa-return/failure/15",
        "signed_field_names": "total_amount,transaction_uuid,product_code",
        "signature": "86FAcVYUO5PTPgVHDq7nQbOE6jmMAIH/mFBozBMdjcw="
      },
      "issued_at": "2026-03-26T19:30:21.348652+00:00"
    },
    "created_at": "2026-03-26T19:30:21.243Z"
  }
},
{
  "model": "payments.payment",
  "pk": 16,
  "fields": {
    "order": 20,
    "gateway": "esewa",
    "status": "success",
    "amount": "2500.00",
    "external_ref": "ord20-20260326193300",
    "metadata": {
      "provider": "esewa",
      "environment": "uat",
      "checkout_url": "https://rc-epay.esewa.com.np/api/epay/main/v2/form",
      "form_fields": {
        "amount": "2500.00",
        "tax_amount": "0",
        "total_amount": "2500.00",
        "transaction_uuid": "ord20-20260326193300",
        "product_code": "EPAYTEST",
        "product_service_charge": "0",
        "product_delivery_charge": "0",
        "success_url": "http://127.0.0.1:3000/orders/esewa-return/16",
        "failure_url": "http://127.0.0.1:3000/orders/esewa-return/failure/16",
        "signed_field_names": "total_amount,transaction_uuid,product_code",
        "signature": "Qx4DTyvy1TVrCA/X9s7UtkHfdCiRq0oZizPoCi08q1Y="
      },
      "issued_at": "2026-03-26T19:33:00.989375+00:00",
      "callback_payload": {
        "transaction_code": "000ELKN",
        "status": "COMPLETE",
        "total_amount": "2500.0",
        "transaction_uuid": "ord20-20260326193300",
        "product_code": "EPAYTEST",
        "signed_field_names": "transaction_code,status,total_amount,transaction_uuid,product_code,signed_field_names",
        "signature": "Bu7eIMnuToOculBgm0rrQgusgqiA4Uo+YUn7XS8GFV0="
      },
      "status_check": {
        "product_code": "EPAYTEST",
        "transaction_uuid": "ord20-20260326193300",
        "total_amount": 2500.0,
        "status": "COMPLETE",
        "ref_id": "000ELKN"
      },
      "verification": {
        "callback": {
          "transaction_code": "000ELKN",
          "status": "COMPLETE",
          "total_amount": "2500.0",
          "transaction_uuid": "ord20-20260326193300",
          "product_code": "EPAYTEST",
          "signed_field_names": "transaction_code,status,total_amount,transaction_uuid,product_code,signed_field_names",
          "signature": "Bu7eIMnuToOculBgm0rrQgusgqiA4Uo+YUn7XS8GFV0="
        },
        "status_check": {
          "product_code": "EPAYTEST",
          "transaction_uuid": "ord20-20260326193300",
          "total_amount": 2500.0,
          "status": "COMPLETE",
          "ref_id": "000ELKN"
        }
      }
    },
    "created_at": "2026-03-26T19:33:00.902Z"
  }
},
{
  "model": "payments.payment",
  "pk": 17,
  "fields": {
    "order": 21,
    "gateway": "esewa",
    "status": "pending",
    "amount": "2500.00",
    "external_ref": "ord21-20260327120059",
    "metadata": {
      "provider": "esewa",
      "environment": "uat",
      "checkout_url": "https://rc-epay.esewa.com.np/api/epay/main/v2/form",
      "form_fields": {
        "amount": "2500.00",
        "tax_amount": "0",
        "total_amount": "2500.00",
        "transaction_uuid": "ord21-20260327120059",
        "product_code": "EPAYTEST",
        "product_service_charge": "0",
        "product_delivery_charge": "0",
        "success_url": "http://127.0.0.1:3000/orders/esewa-return/17",
        "failure_url": "http://127.0.0.1:3000/orders/esewa-return/failure/17",
        "signed_field_names": "total_amount,transaction_uuid,product_code",
        "signature": "ltMYrDuJ2THNMfjXXQz92H/dFM3O4Go7u5/AGJX/B5Q="
      },
      "issued_at": "2026-03-27T12:01:00.024130+00:00"
    },
    "created_at": "2026-03-27T12:00:59.924Z"
  }
},
{
  "model": "payments.payment",
  "pk": 18,
  "fields": {
    "order": 22,
    "gateway": "esewa",
    "status": "pending",
    "amount": "1500.00",
    "external_ref": "ord22-20260327160229",
    "metadata": {
      "provider": "esewa",
      "environment": "uat",
      "checkout_url": "https://rc-epay.esewa.com.np/api/epay/main/v2/form",
      "form_fields": {
        "amount": "1500.00",
        "tax_amount": "0",
        "total_amount": "1500.00",
        "transaction_uuid": "ord22-20260327160229",
        "product_code": "EPAYTEST",
        "product_service_charge": "0",
        "product_delivery_charge": "0",
        "success_url": "http://127.0.0.1:3000/orders/esewa-return/18",
        "failure_url": "http://127.0.0.1:3000/orders/esewa-return/failure/18",
        "signed_field_names": "total_amount,transaction_uuid,product_code",
        "signature": "awmmXQmQiWHggm9yc0kO061ibKSynftopaxRqERo5PA="
      },
      "issued_at": "2026-03-27T16:02:29.276159+00:00"
    },
    "created_at": "2026-03-27T16:02:29.195Z"
  }
},
{
  "model": "payments.payment",
  "pk": 19,
  "fields": {
    "order": 23,
    "gateway": "esewa",
    "status": "pending",
    "amount": "2500.00",
    "external_ref": "ord23-20260327205844",
    "metadata": {
      "provider": "esewa",
      "environment": "uat",
      "checkout_url": "https://rc-epay.esewa.com.np/api/epay/main/v2/form",
      "form_fields": {
        "amount": "2500.00",
        "tax_amount": "0",
        "total_amount": "2500.00",
        "transaction_uuid": "ord23-20260327205844",
        "product_code": "EPAYTEST",
        "product_service_charge": "0",
        "product_delivery_charge": "0",
        "success_url": "http://127.0.0.1:3000/orders/esewa-return/19",
        "failure_url": "http://127.0.0.1:3000/orders/esewa-return/failure/19",
        "signed_field_names": "total_amount,transaction_uuid,product_code",
        "signature": "fueBzAXQAtkBA+sHnteMnJ2C66Wgwhf3VLxzdO0aYCM="
      },
      "issued_at": "2026-03-27T20:58:44.725457+00:00"
    },
    "created_at": "2026-03-27T20:58:44.548Z"
  }
},
{
  "model": "payments.payment",
  "pk": 20,
  "fields": {
    "order": 24,
    "gateway": "esewa",
    "status": "pending",
    "amount": "5000.00",
    "external_ref": "ord24-20260328030509",
    "metadata": {
      "provider": "esewa",
      "environment": "uat",
      "checkout_url": "https://rc-epay.esewa.com.np/api/epay/main/v2/form",
      "form_fields": {
        "amount": "5000.00",
        "tax_amount": "0",
        "total_amount": "5000.00",
        "transaction_uuid": "ord24-20260328030509",
        "product_code": "EPAYTEST",
        "product_service_charge": "0",
        "product_delivery_charge": "0",
        "success_url": "http://127.0.0.1:3000/orders/esewa-return/20",
        "failure_url": "http://127.0.0.1:3000/orders/esewa-return/failure/20",
        "signed_field_names": "total_amount,transaction_uuid,product_code",
        "signature": "H5ZnFsspzv3dPrMSHJlJguFGdwXpkpYN7pRS0gyh+Wg="
      },
      "issued_at": "2026-03-28T03:05:09.178681+00:00"
    },
    "created_at": "2026-03-28T03:05:09.093Z"
  }
},
{
  "model": "payments.transaction",
  "pk": 1,
  "fields": {
    "payment": 1,
    "txn_type": "initiate",
    "status": "pending",
    "raw_payload": {
      "order_id": 3
    },
    "created_at": "2026-03-20T17:20:05.428Z"
  }
},
{
  "model": "payments.transaction",
  "pk": 2,
  "fields": {
    "payment": 2,
    "txn_type": "initiate",
    "status": "pending",
    "raw_payload": {
      "order_id": 4
    },
    "created_at": "2026-03-20T17:37:47.488Z"
  }
},
{
  "model": "payments.transaction",
  "pk": 3,
  "fields": {
    "payment": 3,
    "txn_type": "initiate",
    "status": "pending",
    "raw_payload": {
      "order_id": 5
    },
    "created_at": "2026-03-20T17:38:56.525Z"
  }
},
{
  "model": "payments.transaction",
  "pk": 4,
  "fields": {
    "payment": 4,
    "txn_type": "initiate",
    "status": "pending",
    "raw_payload": {
      "order_id": 6
    },
    "created_at": "2026-03-20T17:48:29.889Z"
  }
},
{
  "model": "payments.transaction",
  "pk": 5,
  "fields": {
    "payment": 5,
    "txn_type": "initiate",
    "status": "pending",
    "raw_payload": {
      "order_id": 7
    },
    "created_at": "2026-03-20T17:49:20.428Z"
  }
},
{
  "model": "payments.transaction",
  "pk": 6,
  "fields": {
    "payment": 5,
    "txn_type": "webhook",
    "status": "success",
    "raw_payload": {
      "callback": {
        "transaction_code": "000EJ2L",
        "status": "COMPLETE",
        "total_amount": "15100.0",
        "transaction_uuid": "ord7-20260320174920",
        "product_code": "EPAYTEST",
        "signed_field_names": "transaction_code,status,total_amount,transaction_uuid,product_code,signed_field_names",
        "signature": "E/+4l5SF4XzeJDIpaMvTAoGxFA47J278FMP6GFHq3T4="
      },
      "status_check": {
        "product_code": "EPAYTEST",
        "transaction_uuid": "ord7-20260320174920",
        "total_amount": 15100.0,
        "status": "COMPLETE",
        "ref_id": "000EJ2L"
      }
    },
    "created_at": "2026-03-20T18:05:11.778Z"
  }
},
{
  "model": "payments.transaction",
  "pk": 7,
  "fields": {
    "payment": 5,
    "txn_type": "settlement",
    "status": "success",
    "raw_payload": {
      "order_id": 7,
      "verification": {
        "callback": {
          "transaction_code": "000EJ2L",
          "status": "COMPLETE",
          "total_amount": "15100.0",
          "transaction_uuid": "ord7-20260320174920",
          "product_code": "EPAYTEST",
          "signed_field_names": "transaction_code,status,total_amount,transaction_uuid,product_code,signed_field_names",
          "signature": "E/+4l5SF4XzeJDIpaMvTAoGxFA47J278FMP6GFHq3T4="
        },
        "status_check": {
          "product_code": "EPAYTEST",
          "transaction_uuid": "ord7-20260320174920",
          "total_amount": 15100.0,
          "status": "COMPLETE",
          "ref_id": "000EJ2L"
        }
      }
    },
    "created_at": "2026-03-20T18:05:11.900Z"
  }
},
{
  "model": "payments.transaction",
  "pk": 8,
  "fields": {
    "payment": 5,
    "txn_type": "webhook",
    "status": "success",
    "raw_payload": {
      "callback": {
        "transaction_code": "000EJ2L",
        "status": "COMPLETE",
        "total_amount": "15100.0",
        "transaction_uuid": "ord7-20260320174920",
        "product_code": "EPAYTEST",
        "signed_field_names": "transaction_code,status,total_amount,transaction_uuid,product_code,signed_field_names",
        "signature": "E/+4l5SF4XzeJDIpaMvTAoGxFA47J278FMP6GFHq3T4="
      },
      "status_check": {
        "product_code": "EPAYTEST",
        "transaction_uuid": "ord7-20260320174920",
        "total_amount": 15100.0,
        "status": "COMPLETE",
        "ref_id": "000EJ2L"
      }
    },
    "created_at": "2026-03-20T18:05:13.044Z"
  }
},
{
  "model": "payments.transaction",
  "pk": 9,
  "fields": {
    "payment": 5,
    "txn_type": "settlement",
    "status": "success",
    "raw_payload": {
      "order_id": 7,
      "verification": {
        "callback": {
          "transaction_code": "000EJ2L",
          "status": "COMPLETE",
          "total_amount": "15100.0",
          "transaction_uuid": "ord7-20260320174920",
          "product_code": "EPAYTEST",
          "signed_field_names": "transaction_code,status,total_amount,transaction_uuid,product_code,signed_field_names",
          "signature": "E/+4l5SF4XzeJDIpaMvTAoGxFA47J278FMP6GFHq3T4="
        },
        "status_check": {
          "product_code": "EPAYTEST",
          "transaction_uuid": "ord7-20260320174920",
          "total_amount": 15100.0,
          "status": "COMPLETE",
          "ref_id": "000EJ2L"
        }
      }
    },
    "created_at": "2026-03-20T18:05:13.153Z"
  }
},
{
  "model": "payments.transaction",
  "pk": 10,
  "fields": {
    "payment": 6,
    "txn_type": "initiate",
    "status": "pending",
    "raw_payload": {
      "order_id": 8
    },
    "created_at": "2026-03-20T18:11:54.999Z"
  }
},
{
  "model": "payments.transaction",
  "pk": 11,
  "fields": {
    "payment": 6,
    "txn_type": "webhook",
    "status": "success",
    "raw_payload": {
      "callback": {
        "transaction_code": "000EJ2N",
        "status": "COMPLETE",
        "total_amount": "13600.0",
        "transaction_uuid": "ord8-20260320181154",
        "product_code": "EPAYTEST",
        "signed_field_names": "transaction_code,status,total_amount,transaction_uuid,product_code,signed_field_names",
        "signature": "wauxfcBLw47jwvHz9ajLyvyGqzDv4oBLJB9jYr6r3Gs="
      },
      "status_check": {
        "product_code": "EPAYTEST",
        "transaction_uuid": "ord8-20260320181154",
        "total_amount": 13600.0,
        "status": "COMPLETE",
        "ref_id": "000EJ2N"
      }
    },
    "created_at": "2026-03-20T18:12:29.459Z"
  }
},
{
  "model": "payments.transaction",
  "pk": 12,
  "fields": {
    "payment": 6,
    "txn_type": "settlement",
    "status": "success",
    "raw_payload": {
      "order_id": 8,
      "verification": {
        "callback": {
          "transaction_code": "000EJ2N",
          "status": "COMPLETE",
          "total_amount": "13600.0",
          "transaction_uuid": "ord8-20260320181154",
          "product_code": "EPAYTEST",
          "signed_field_names": "transaction_code,status,total_amount,transaction_uuid,product_code,signed_field_names",
          "signature": "wauxfcBLw47jwvHz9ajLyvyGqzDv4oBLJB9jYr6r3Gs="
        },
        "status_check": {
          "product_code": "EPAYTEST",
          "transaction_uuid": "ord8-20260320181154",
          "total_amount": 13600.0,
          "status": "COMPLETE",
          "ref_id": "000EJ2N"
        }
      }
    },
    "created_at": "2026-03-20T18:12:29.561Z"
  }
},
{
  "model": "payments.transaction",
  "pk": 13,
  "fields": {
    "payment": 6,
    "txn_type": "webhook",
    "status": "success",
    "raw_payload": {
      "callback": {
        "transaction_code": "000EJ2N",
        "status": "COMPLETE",
        "total_amount": "13600.0",
        "transaction_uuid": "ord8-20260320181154",
        "product_code": "EPAYTEST",
        "signed_field_names": "transaction_code,status,total_amount,transaction_uuid,product_code,signed_field_names",
        "signature": "wauxfcBLw47jwvHz9ajLyvyGqzDv4oBLJB9jYr6r3Gs="
      },
      "status_check": {
        "product_code": "EPAYTEST",
        "transaction_uuid": "ord8-20260320181154",
        "total_amount": 13600.0,
        "status": "COMPLETE",
        "ref_id": "000EJ2N"
      }
    },
    "created_at": "2026-03-20T18:12:29.747Z"
  }
},
{
  "model": "payments.transaction",
  "pk": 14,
  "fields": {
    "payment": 6,
    "txn_type": "settlement",
    "status": "success",
    "raw_payload": {
      "order_id": 8,
      "verification": {
        "callback": {
          "transaction_code": "000EJ2N",
          "status": "COMPLETE",
          "total_amount": "13600.0",
          "transaction_uuid": "ord8-20260320181154",
          "product_code": "EPAYTEST",
          "signed_field_names": "transaction_code,status,total_amount,transaction_uuid,product_code,signed_field_names",
          "signature": "wauxfcBLw47jwvHz9ajLyvyGqzDv4oBLJB9jYr6r3Gs="
        },
        "status_check": {
          "product_code": "EPAYTEST",
          "transaction_uuid": "ord8-20260320181154",
          "total_amount": 13600.0,
          "status": "COMPLETE",
          "ref_id": "000EJ2N"
        }
      }
    },
    "created_at": "2026-03-20T18:12:29.842Z"
  }
},
{
  "model": "payments.transaction",
  "pk": 15,
  "fields": {
    "payment": 7,
    "txn_type": "initiate",
    "status": "pending",
    "raw_payload": {
      "order_id": 9
    },
    "created_at": "2026-03-20T18:13:13.302Z"
  }
},
{
  "model": "payments.transaction",
  "pk": 16,
  "fields": {
    "payment": 7,
    "txn_type": "webhook",
    "status": "success",
    "raw_payload": {
      "callback": {
        "transaction_code": "000EJ2O",
        "status": "COMPLETE",
        "total_amount": "999.0",
        "transaction_uuid": "ord9-20260320181313",
        "product_code": "EPAYTEST",
        "signed_field_names": "transaction_code,status,total_amount,transaction_uuid,product_code,signed_field_names",
        "signature": "Km2hwsdmm3GlChLrpjnfrmzUcV8bX+6JEFa2cP4LHQ0="
      },
      "status_check": {
        "product_code": "EPAYTEST",
        "transaction_uuid": "ord9-20260320181313",
        "total_amount": 999.0,
        "status": "COMPLETE",
        "ref_id": "000EJ2O"
      }
    },
    "created_at": "2026-03-20T18:13:44.130Z"
  }
},
{
  "model": "payments.transaction",
  "pk": 17,
  "fields": {
    "payment": 7,
    "txn_type": "settlement",
    "status": "success",
    "raw_payload": {
      "order_id": 9,
      "verification": {
        "callback": {
          "transaction_code": "000EJ2O",
          "status": "COMPLETE",
          "total_amount": "999.0",
          "transaction_uuid": "ord9-20260320181313",
          "product_code": "EPAYTEST",
          "signed_field_names": "transaction_code,status,total_amount,transaction_uuid,product_code,signed_field_names",
          "signature": "Km2hwsdmm3GlChLrpjnfrmzUcV8bX+6JEFa2cP4LHQ0="
        },
        "status_check": {
          "product_code": "EPAYTEST",
          "transaction_uuid": "ord9-20260320181313",
          "total_amount": 999.0,
          "status": "COMPLETE",
          "ref_id": "000EJ2O"
        }
      }
    },
    "created_at": "2026-03-20T18:13:44.244Z"
  }
},
{
  "model": "payments.transaction",
  "pk": 18,
  "fields": {
    "payment": 7,
    "txn_type": "webhook",
    "status": "success",
    "raw_payload": {
      "callback": {
        "transaction_code": "000EJ2O",
        "status": "COMPLETE",
        "total_amount": "999.0",
        "transaction_uuid": "ord9-20260320181313",
        "product_code": "EPAYTEST",
        "signed_field_names": "transaction_code,status,total_amount,transaction_uuid,product_code,signed_field_names",
        "signature": "Km2hwsdmm3GlChLrpjnfrmzUcV8bX+6JEFa2cP4LHQ0="
      },
      "status_check": {
        "product_code": "EPAYTEST",
        "transaction_uuid": "ord9-20260320181313",
        "total_amount": 999.0,
        "status": "COMPLETE",
        "ref_id": "000EJ2O"
      }
    },
    "created_at": "2026-03-20T18:13:44.418Z"
  }
},
{
  "model": "payments.transaction",
  "pk": 19,
  "fields": {
    "payment": 7,
    "txn_type": "settlement",
    "status": "success",
    "raw_payload": {
      "order_id": 9,
      "verification": {
        "callback": {
          "transaction_code": "000EJ2O",
          "status": "COMPLETE",
          "total_amount": "999.0",
          "transaction_uuid": "ord9-20260320181313",
          "product_code": "EPAYTEST",
          "signed_field_names": "transaction_code,status,total_amount,transaction_uuid,product_code,signed_field_names",
          "signature": "Km2hwsdmm3GlChLrpjnfrmzUcV8bX+6JEFa2cP4LHQ0="
        },
        "status_check": {
          "product_code": "EPAYTEST",
          "transaction_uuid": "ord9-20260320181313",
          "total_amount": 999.0,
          "status": "COMPLETE",
          "ref_id": "000EJ2O"
        }
      }
    },
    "created_at": "2026-03-20T18:13:44.506Z"
  }
},
{
  "model": "payments.transaction",
  "pk": 20,
  "fields": {
    "payment": 8,
    "txn_type": "initiate",
    "status": "pending",
    "raw_payload": {
      "order_id": 10
    },
    "created_at": "2026-03-21T06:44:48.908Z"
  }
},
{
  "model": "payments.transaction",
  "pk": 21,
  "fields": {
    "payment": 9,
    "txn_type": "initiate",
    "status": "pending",
    "raw_payload": {
      "order_id": 11
    },
    "created_at": "2026-03-21T06:49:22.576Z"
  }
},
{
  "model": "payments.transaction",
  "pk": 22,
  "fields": {
    "payment": 10,
    "txn_type": "initiate",
    "status": "pending",
    "raw_payload": {
      "order_id": 12
    },
    "created_at": "2026-03-21T06:52:05.409Z"
  }
},
{
  "model": "payments.transaction",
  "pk": 23,
  "fields": {
    "payment": 11,
    "txn_type": "initiate",
    "status": "pending",
    "raw_payload": {
      "order_id": 13
    },
    "created_at": "2026-03-21T07:21:27.232Z"
  }
},
{
  "model": "payments.transaction",
  "pk": 24,
  "fields": {
    "payment": 12,
    "txn_type": "initiate",
    "status": "pending",
    "raw_payload": {
      "order_id": 14
    },
    "created_at": "2026-03-22T07:09:28.249Z"
  }
},
{
  "model": "payments.transaction",
  "pk": 25,
  "fields": {
    "payment": 12,
    "txn_type": "webhook",
    "status": "success",
    "raw_payload": {
      "callback": {
        "transaction_code": "000EJGN",
        "status": "COMPLETE",
        "total_amount": "13800.0",
        "transaction_uuid": "ord14-20260322070928",
        "product_code": "EPAYTEST",
        "signed_field_names": "transaction_code,status,total_amount,transaction_uuid,product_code,signed_field_names",
        "signature": "rnRTu84TL4v8Uzpo8xzdB5Nd5nBmreQFToWbN2KLAIo="
      },
      "status_check": {
        "product_code": "EPAYTEST",
        "transaction_uuid": "ord14-20260322070928",
        "total_amount": 13800.0,
        "status": "COMPLETE",
        "ref_id": "000EJGN"
      }
    },
    "created_at": "2026-03-22T07:10:34.630Z"
  }
},
{
  "model": "payments.transaction",
  "pk": 26,
  "fields": {
    "payment": 12,
    "txn_type": "settlement",
    "status": "success",
    "raw_payload": {
      "order_id": 14,
      "verification": {
        "callback": {
          "transaction_code": "000EJGN",
          "status": "COMPLETE",
          "total_amount": "13800.0",
          "transaction_uuid": "ord14-20260322070928",
          "product_code": "EPAYTEST",
          "signed_field_names": "transaction_code,status,total_amount,transaction_uuid,product_code,signed_field_names",
          "signature": "rnRTu84TL4v8Uzpo8xzdB5Nd5nBmreQFToWbN2KLAIo="
        },
        "status_check": {
          "product_code": "EPAYTEST",
          "transaction_uuid": "ord14-20260322070928",
          "total_amount": 13800.0,
          "status": "COMPLETE",
          "ref_id": "000EJGN"
        }
      }
    },
    "created_at": "2026-03-22T07:10:34.789Z"
  }
},
{
  "model": "payments.transaction",
  "pk": 27,
  "fields": {
    "payment": 12,
    "txn_type": "webhook",
    "status": "success",
    "raw_payload": {
      "callback": {
        "transaction_code": "000EJGN",
        "status": "COMPLETE",
        "total_amount": "13800.0",
        "transaction_uuid": "ord14-20260322070928",
        "product_code": "EPAYTEST",
        "signed_field_names": "transaction_code,status,total_amount,transaction_uuid,product_code,signed_field_names",
        "signature": "rnRTu84TL4v8Uzpo8xzdB5Nd5nBmreQFToWbN2KLAIo="
      },
      "status_check": {
        "product_code": "EPAYTEST",
        "transaction_uuid": "ord14-20260322070928",
        "total_amount": 13800.0,
        "status": "COMPLETE",
        "ref_id": "000EJGN"
      }
    },
    "created_at": "2026-03-22T07:10:34.973Z"
  }
},
{
  "model": "payments.transaction",
  "pk": 28,
  "fields": {
    "payment": 12,
    "txn_type": "settlement",
    "status": "success",
    "raw_payload": {
      "order_id": 14,
      "verification": {
        "callback": {
          "transaction_code": "000EJGN",
          "status": "COMPLETE",
          "total_amount": "13800.0",
          "transaction_uuid": "ord14-20260322070928",
          "product_code": "EPAYTEST",
          "signed_field_names": "transaction_code,status,total_amount,transaction_uuid,product_code,signed_field_names",
          "signature": "rnRTu84TL4v8Uzpo8xzdB5Nd5nBmreQFToWbN2KLAIo="
        },
        "status_check": {
          "product_code": "EPAYTEST",
          "transaction_uuid": "ord14-20260322070928",
          "total_amount": 13800.0,
          "status": "COMPLETE",
          "ref_id": "000EJGN"
        }
      }
    },
    "created_at": "2026-03-22T07:10:35.088Z"
  }
},
{
  "model": "payments.transaction",
  "pk": 29,
  "fields": {
    "payment": 13,
    "txn_type": "initiate",
    "status": "pending",
    "raw_payload": {
      "order_id": 15
    },
    "created_at": "2026-03-22T13:33:24.774Z"
  }
},
{
  "model": "payments.transaction",
  "pk": 30,
  "fields": {
    "payment": 13,
    "txn_type": "webhook",
    "status": "success",
    "raw_payload": {
      "callback": {
        "transaction_code": "000EJOF",
        "status": "COMPLETE",
        "total_amount": "5698.0",
        "transaction_uuid": "ord15-20260322133324",
        "product_code": "EPAYTEST",
        "signed_field_names": "transaction_code,status,total_amount,transaction_uuid,product_code,signed_field_names",
        "signature": "8j2HIsMWovLKKejSgTVnrS0+2H1iElgqYeXCGs3v014="
      },
      "status_check": {
        "product_code": "EPAYTEST",
        "transaction_uuid": "ord15-20260322133324",
        "total_amount": 5698.0,
        "status": "COMPLETE",
        "ref_id": "000EJOF"
      }
    },
    "created_at": "2026-03-22T13:34:19.776Z"
  }
},
{
  "model": "payments.transaction",
  "pk": 31,
  "fields": {
    "payment": 13,
    "txn_type": "settlement",
    "status": "success",
    "raw_payload": {
      "order_id": 15,
      "verification": {
        "callback": {
          "transaction_code": "000EJOF",
          "status": "COMPLETE",
          "total_amount": "5698.0",
          "transaction_uuid": "ord15-20260322133324",
          "product_code": "EPAYTEST",
          "signed_field_names": "transaction_code,status,total_amount,transaction_uuid,product_code,signed_field_names",
          "signature": "8j2HIsMWovLKKejSgTVnrS0+2H1iElgqYeXCGs3v014="
        },
        "status_check": {
          "product_code": "EPAYTEST",
          "transaction_uuid": "ord15-20260322133324",
          "total_amount": 5698.0,
          "status": "COMPLETE",
          "ref_id": "000EJOF"
        }
      }
    },
    "created_at": "2026-03-22T13:34:20.284Z"
  }
},
{
  "model": "payments.transaction",
  "pk": 32,
  "fields": {
    "payment": 13,
    "txn_type": "webhook",
    "status": "success",
    "raw_payload": {
      "callback": {
        "transaction_code": "000EJOF",
        "status": "COMPLETE",
        "total_amount": "5698.0",
        "transaction_uuid": "ord15-20260322133324",
        "product_code": "EPAYTEST",
        "signed_field_names": "transaction_code,status,total_amount,transaction_uuid,product_code,signed_field_names",
        "signature": "8j2HIsMWovLKKejSgTVnrS0+2H1iElgqYeXCGs3v014="
      },
      "status_check": {
        "product_code": "EPAYTEST",
        "transaction_uuid": "ord15-20260322133324",
        "total_amount": 5698.0,
        "status": "COMPLETE",
        "ref_id": "000EJOF"
      }
    },
    "created_at": "2026-03-22T13:34:19.907Z"
  }
},
{
  "model": "payments.transaction",
  "pk": 33,
  "fields": {
    "payment": 13,
    "txn_type": "settlement",
    "status": "success",
    "raw_payload": {
      "order_id": 15,
      "verification": {
        "callback": {
          "transaction_code": "000EJOF",
          "status": "COMPLETE",
          "total_amount": "5698.0",
          "transaction_uuid": "ord15-20260322133324",
          "product_code": "EPAYTEST",
          "signed_field_names": "transaction_code,status,total_amount,transaction_uuid,product_code,signed_field_names",
          "signature": "8j2HIsMWovLKKejSgTVnrS0+2H1iElgqYeXCGs3v014="
        },
        "status_check": {
          "product_code": "EPAYTEST",
          "transaction_uuid": "ord15-20260322133324",
          "total_amount": 5698.0,
          "status": "COMPLETE",
          "ref_id": "000EJOF"
        }
      }
    },
    "created_at": "2026-03-22T13:34:20.648Z"
  }
},
{
  "model": "payments.transaction",
  "pk": 34,
  "fields": {
    "payment": 14,
    "txn_type": "initiate",
    "status": "pending",
    "raw_payload": {
      "order_id": 18
    },
    "created_at": "2026-03-26T19:30:03.818Z"
  }
},
{
  "model": "payments.transaction",
  "pk": 35,
  "fields": {
    "payment": 15,
    "txn_type": "initiate",
    "status": "pending",
    "raw_payload": {
      "order_id": 19
    },
    "created_at": "2026-03-26T19:30:21.434Z"
  }
},
{
  "model": "payments.transaction",
  "pk": 36,
  "fields": {
    "payment": 16,
    "txn_type": "initiate",
    "status": "pending",
    "raw_payload": {
      "order_id": 20
    },
    "created_at": "2026-03-26T19:33:01.085Z"
  }
},
{
  "model": "payments.transaction",
  "pk": 37,
  "fields": {
    "payment": 16,
    "txn_type": "webhook",
    "status": "success",
    "raw_payload": {
      "callback": {
        "transaction_code": "000ELKN",
        "status": "COMPLETE",
        "total_amount": "2500.0",
        "transaction_uuid": "ord20-20260326193300",
        "product_code": "EPAYTEST",
        "signed_field_names": "transaction_code,status,total_amount,transaction_uuid,product_code,signed_field_names",
        "signature": "Bu7eIMnuToOculBgm0rrQgusgqiA4Uo+YUn7XS8GFV0="
      },
      "status_check": {
        "product_code": "EPAYTEST",
        "transaction_uuid": "ord20-20260326193300",
        "total_amount": 2500.0,
        "status": "COMPLETE",
        "ref_id": "000ELKN"
      }
    },
    "created_at": "2026-03-26T19:33:37.033Z"
  }
},
{
  "model": "payments.transaction",
  "pk": 38,
  "fields": {
    "payment": 16,
    "txn_type": "settlement",
    "status": "success",
    "raw_payload": {
      "order_id": 20,
      "verification": {
        "callback": {
          "transaction_code": "000ELKN",
          "status": "COMPLETE",
          "total_amount": "2500.0",
          "transaction_uuid": "ord20-20260326193300",
          "product_code": "EPAYTEST",
          "signed_field_names": "transaction_code,status,total_amount,transaction_uuid,product_code,signed_field_names",
          "signature": "Bu7eIMnuToOculBgm0rrQgusgqiA4Uo+YUn7XS8GFV0="
        },
        "status_check": {
          "product_code": "EPAYTEST",
          "transaction_uuid": "ord20-20260326193300",
          "total_amount": 2500.0,
          "status": "COMPLETE",
          "ref_id": "000ELKN"
        }
      }
    },
    "created_at": "2026-03-26T19:33:37.242Z"
  }
},
{
  "model": "payments.transaction",
  "pk": 39,
  "fields": {
    "payment": 17,
    "txn_type": "initiate",
    "status": "pending",
    "raw_payload": {
      "order_id": 21
    },
    "created_at": "2026-03-27T12:01:00.153Z"
  }
},
{
  "model": "payments.transaction",
  "pk": 40,
  "fields": {
    "payment": 18,
    "txn_type": "initiate",
    "status": "pending",
    "raw_payload": {
      "order_id": 22
    },
    "created_at": "2026-03-27T16:02:29.350Z"
  }
},
{
  "model": "payments.transaction",
  "pk": 41,
  "fields": {
    "payment": 19,
    "txn_type": "initiate",
    "status": "pending",
    "raw_payload": {
      "order_id": 23
    },
    "created_at": "2026-03-27T20:58:44.799Z"
  }
},
{
  "model": "payments.transaction",
  "pk": 42,
  "fields": {
    "payment": 20,
    "txn_type": "initiate",
    "status": "pending",
    "raw_payload": {
      "order_id": 24
    },
    "created_at": "2026-03-28T03:05:09.264Z"
  }
},
{
  "model": "payments.producerwallet",
  "pk": 1,
  "fields": {
    "producer": [
      "sagar"
    ],
    "balance": "176.40",
    "updated_at": "2026-03-22T13:34:20.644Z"
  }
},
{
  "model": "payments.producerwallet",
  "pk": 2,
  "fields": {
    "producer": [
      "xxx"
    ],
    "balance": "0.00",
    "updated_at": "2026-03-14T18:06:14.377Z"
  }
},
{
  "model": "payments.producerwallet",
  "pk": 3,
  "fields": {
    "producer": [
      "4093yoge"
    ],
    "balance": "0.00",
    "updated_at": "2026-03-17T17:59:10.606Z"
  }
},
{
  "model": "payments.producerwallet",
  "pk": 4,
  "fields": {
    "producer": [
      "lashang"
    ],
    "balance": "90628.20",
    "updated_at": "2026-03-26T19:33:37.232Z"
  }
},
{
  "model": "payments.producerwallet",
  "pk": 5,
  "fields": {
    "producer": [
      "sagarthapamagar977"
    ],
    "balance": "0.00",
    "updated_at": "2026-03-22T23:44:43.497Z"
  }
},
{
  "model": "payments.producerwallet",
  "pk": 6,
  "fields": {
    "producer": [
      "realog977"
    ],
    "balance": "0.00",
    "updated_at": "2026-03-22T23:57:05.921Z"
  }
},
{
  "model": "payments.producerwallet",
  "pk": 7,
  "fields": {
    "producer": [
      "lafasworld"
    ],
    "balance": "0.00",
    "updated_at": "2026-03-23T18:53:54.446Z"
  }
},
{
  "model": "payments.walletledgerentry",
  "pk": 1,
  "fields": {
    "wallet": 4,
    "payment": 5,
    "amount": "1350.00",
    "note": "Settlement for order #7",
    "created_at": "2026-03-20T18:05:11.895Z"
  }
},
{
  "model": "payments.walletledgerentry",
  "pk": 2,
  "fields": {
    "wallet": 4,
    "payment": 5,
    "amount": "5040.00",
    "note": "Settlement for order #7",
    "created_at": "2026-03-20T18:05:11.897Z"
  }
},
{
  "model": "payments.walletledgerentry",
  "pk": 3,
  "fields": {
    "wallet": 4,
    "payment": 5,
    "amount": "7200.00",
    "note": "Settlement for order #7",
    "created_at": "2026-03-20T18:05:11.900Z"
  }
},
{
  "model": "payments.walletledgerentry",
  "pk": 4,
  "fields": {
    "wallet": 4,
    "payment": 5,
    "amount": "1350.00",
    "note": "Settlement for order #7",
    "created_at": "2026-03-20T18:05:13.147Z"
  }
},
{
  "model": "payments.walletledgerentry",
  "pk": 5,
  "fields": {
    "wallet": 4,
    "payment": 5,
    "amount": "5040.00",
    "note": "Settlement for order #7",
    "created_at": "2026-03-20T18:05:13.150Z"
  }
},
{
  "model": "payments.walletledgerentry",
  "pk": 6,
  "fields": {
    "wallet": 4,
    "payment": 5,
    "amount": "7200.00",
    "note": "Settlement for order #7",
    "created_at": "2026-03-20T18:05:13.152Z"
  }
},
{
  "model": "payments.walletledgerentry",
  "pk": 7,
  "fields": {
    "wallet": 4,
    "payment": 6,
    "amount": "7200.00",
    "note": "Settlement for order #8",
    "created_at": "2026-03-20T18:12:29.557Z"
  }
},
{
  "model": "payments.walletledgerentry",
  "pk": 8,
  "fields": {
    "wallet": 4,
    "payment": 6,
    "amount": "5040.00",
    "note": "Settlement for order #8",
    "created_at": "2026-03-20T18:12:29.560Z"
  }
},
{
  "model": "payments.walletledgerentry",
  "pk": 9,
  "fields": {
    "wallet": 4,
    "payment": 6,
    "amount": "7200.00",
    "note": "Settlement for order #8",
    "created_at": "2026-03-20T18:12:29.838Z"
  }
},
{
  "model": "payments.walletledgerentry",
  "pk": 10,
  "fields": {
    "wallet": 4,
    "payment": 6,
    "amount": "5040.00",
    "note": "Settlement for order #8",
    "created_at": "2026-03-20T18:12:29.841Z"
  }
},
{
  "model": "payments.walletledgerentry",
  "pk": 11,
  "fields": {
    "wallet": 4,
    "payment": 7,
    "amount": "899.10",
    "note": "Settlement for order #9",
    "created_at": "2026-03-20T18:13:44.243Z"
  }
},
{
  "model": "payments.walletledgerentry",
  "pk": 12,
  "fields": {
    "wallet": 4,
    "payment": 7,
    "amount": "899.10",
    "note": "Settlement for order #9",
    "created_at": "2026-03-20T18:13:44.505Z"
  }
},
{
  "model": "payments.walletledgerentry",
  "pk": 13,
  "fields": {
    "wallet": 4,
    "payment": 12,
    "amount": "3600.00",
    "note": "Settlement for order #14",
    "created_at": "2026-03-22T07:10:34.779Z"
  }
},
{
  "model": "payments.walletledgerentry",
  "pk": 14,
  "fields": {
    "wallet": 4,
    "payment": 12,
    "amount": "5040.00",
    "note": "Settlement for order #14",
    "created_at": "2026-03-22T07:10:34.784Z"
  }
},
{
  "model": "payments.walletledgerentry",
  "pk": 15,
  "fields": {
    "wallet": 4,
    "payment": 12,
    "amount": "1350.00",
    "note": "Settlement for order #14",
    "created_at": "2026-03-22T07:10:34.786Z"
  }
},
{
  "model": "payments.walletledgerentry",
  "pk": 16,
  "fields": {
    "wallet": 4,
    "payment": 12,
    "amount": "2430.00",
    "note": "Settlement for order #14",
    "created_at": "2026-03-22T07:10:34.789Z"
  }
},
{
  "model": "payments.walletledgerentry",
  "pk": 17,
  "fields": {
    "wallet": 4,
    "payment": 12,
    "amount": "3600.00",
    "note": "Settlement for order #14",
    "created_at": "2026-03-22T07:10:35.078Z"
  }
},
{
  "model": "payments.walletledgerentry",
  "pk": 18,
  "fields": {
    "wallet": 4,
    "payment": 12,
    "amount": "5040.00",
    "note": "Settlement for order #14",
    "created_at": "2026-03-22T07:10:35.082Z"
  }
},
{
  "model": "payments.walletledgerentry",
  "pk": 19,
  "fields": {
    "wallet": 4,
    "payment": 12,
    "amount": "1350.00",
    "note": "Settlement for order #14",
    "created_at": "2026-03-22T07:10:35.084Z"
  }
},
{
  "model": "payments.walletledgerentry",
  "pk": 20,
  "fields": {
    "wallet": 4,
    "payment": 12,
    "amount": "2430.00",
    "note": "Settlement for order #14",
    "created_at": "2026-03-22T07:10:35.088Z"
  }
},
{
  "model": "payments.walletledgerentry",
  "pk": 21,
  "fields": {
    "wallet": 4,
    "payment": 13,
    "amount": "5040.00",
    "note": "Settlement for order #15",
    "created_at": "2026-03-22T13:34:20.262Z"
  }
},
{
  "model": "payments.walletledgerentry",
  "pk": 22,
  "fields": {
    "wallet": 1,
    "payment": 13,
    "amount": "88.20",
    "note": "Settlement for order #15",
    "created_at": "2026-03-22T13:34:20.283Z"
  }
},
{
  "model": "payments.walletledgerentry",
  "pk": 23,
  "fields": {
    "wallet": 4,
    "payment": 13,
    "amount": "5040.00",
    "note": "Settlement for order #15",
    "created_at": "2026-03-22T13:34:20.638Z"
  }
},
{
  "model": "payments.walletledgerentry",
  "pk": 24,
  "fields": {
    "wallet": 1,
    "payment": 13,
    "amount": "88.20",
    "note": "Settlement for order #15",
    "created_at": "2026-03-22T13:34:20.646Z"
  }
},
{
  "model": "payments.walletledgerentry",
  "pk": 25,
  "fields": {
    "wallet": 4,
    "payment": 16,
    "amount": "2250.00",
    "note": "Settlement for order #20",
    "created_at": "2026-03-26T19:33:37.238Z"
  }
},
{
  "model": "payments.producerplan",
  "pk": 1,
  "fields": {
    "code": "starter-monthly",
    "name": "Starter",
    "price": "0.00",
    "billing_cycle": "monthly",
    "features": [
      "basic upload",
      "marketplace listing"
    ],
    "is_active": true,
    "created_at": "2026-03-08T19:44:10.635Z"
  }
},
{
  "model": "payments.producerplan",
  "pk": 2,
  "fields": {
    "code": "pro-monthly",
    "name": "Pro",
    "price": "29.00",
    "billing_cycle": "monthly",
    "features": [
      "priority listing",
      "advanced analytics",
      "creator tools"
    ],
    "is_active": true,
    "created_at": "2026-03-08T19:44:10.639Z"
  }
},
{
  "model": "projects.projectrequest",
  "pk": 1,
  "fields": {
    "artist": [
      "sagar"
    ],
    "producer": null,
    "title": "babaji",
    "description": "hello",
    "project_type": "custom_single",
    "expected_track_count": 1,
    "preferred_genre": "Hip Hop",
    "instrument_types": [
      "Acoustic Guitar",
      "Bass Guitar",
      "Synthesizer",
      "Flute"
    ],
    "mood_types": [
      "Bright",
      "Cheerful",
      "Cold"
    ],
    "target_genre_style": "chill",
    "reference_links": [],
    "delivery_timeline_days": 14,
    "revision_allowance": 2,
    "budget": "3000.00",
    "offer_price": "3300.00",
    "status": "pending",
    "created_at": "2026-03-24T06:00:14.906Z"
  }
},
{
  "model": "projects.projectrequest",
  "pk": 2,
  "fields": {
    "artist": [
      "sagar"
    ],
    "producer": null,
    "title": "babji",
    "description": "hhh",
    "project_type": "custom_single",
    "expected_track_count": 1,
    "preferred_genre": "Hip Hop",
    "instrument_types": [
      "Accordion"
    ],
    "mood_types": [
      "Angry"
    ],
    "target_genre_style": "hh",
    "reference_links": [
      "hh"
    ],
    "delivery_timeline_days": 14,
    "revision_allowance": 2,
    "budget": "3000.00",
    "offer_price": "3300.00",
    "status": "pending",
    "created_at": "2026-03-24T06:02:21.431Z"
  }
},
{
  "model": "projects.projectrequest",
  "pk": 3,
  "fields": {
    "artist": [
      "sagar"
    ],
    "producer": [
      "freecodex100"
    ],
    "title": "BOM BHOLE",
    "description": "YOYO",
    "project_type": "custom_single",
    "expected_track_count": 1,
    "preferred_genre": "Hip Hop",
    "instrument_types": [
      "Synthesizer"
    ],
    "mood_types": [
      "Bright"
    ],
    "target_genre_style": "",
    "reference_links": [],
    "delivery_timeline_days": 14,
    "revision_allowance": 2,
    "budget": "3000.00",
    "offer_price": "4125.00",
    "status": "accepted",
    "created_at": "2026-03-24T06:11:47.977Z"
  }
},
{
  "model": "projects.projectrequest",
  "pk": 4,
  "fields": {
    "artist": [
      "sagar"
    ],
    "producer": [
      "sagarthapagtasa"
    ],
    "title": "Himalayan  Chronicles",
    "description": "hello dm me",
    "project_type": "custom_single",
    "expected_track_count": 3,
    "preferred_genre": "Beats",
    "instrument_types": [
      "Banjo",
      "Dafli"
    ],
    "mood_types": [
      "Wistful",
      "Uplifting",
      "Upbeat"
    ],
    "target_genre_style": "vibe full",
    "reference_links": [],
    "delivery_timeline_days": 14,
    "revision_allowance": 2,
    "budget": "9000.00",
    "offer_price": "7650.00",
    "status": "accepted",
    "created_at": "2026-03-24T08:52:51.689Z"
  }
},
{
  "model": "projects.projectrequest",
  "pk": 5,
  "fields": {
    "artist": [
      "sagarthapamagar977"
    ],
    "producer": [
      "sagar"
    ],
    "title": "alt 80s",
    "description": "asap",
    "project_type": "album",
    "expected_track_count": 5,
    "preferred_genre": "Alternative Rock",
    "instrument_types": [
      "Arpeggio",
      "Brass"
    ],
    "mood_types": [
      "Complex",
      "Dark"
    ],
    "target_genre_style": "",
    "reference_links": [],
    "delivery_timeline_days": 14,
    "revision_allowance": 2,
    "budget": "15000.00",
    "offer_price": "16500.00",
    "status": "accepted",
    "created_at": "2026-03-26T19:06:14.881Z"
  }
},
{
  "model": "projects.projectrequest",
  "pk": 6,
  "fields": {
    "artist": [
      "sagarthapagtasa"
    ],
    "producer": null,
    "title": "hiamalyan sounds ",
    "description": "I need producer asap",
    "project_type": "album",
    "expected_track_count": 10,
    "preferred_genre": "Afro Beat",
    "instrument_types": [
      "Electric Guitar",
      "Acoustic Guitar"
    ],
    "mood_types": [
      "Bright"
    ],
    "target_genre_style": "",
    "reference_links": [],
    "delivery_timeline_days": 14,
    "revision_allowance": 2,
    "budget": "27000.00",
    "offer_price": "21600.00",
    "status": "draft",
    "created_at": "2026-03-28T02:26:09.789Z"
  }
},
{
  "model": "projects.projectrequest",
  "pk": 7,
  "fields": {
    "artist": [
      "sagarthapagtasa"
    ],
    "producer": null,
    "title": "hiamalyan sounds",
    "description": "I need producer asap",
    "project_type": "album",
    "expected_track_count": 10,
    "preferred_genre": "Afro Beat",
    "instrument_types": [
      "Electric Guitar",
      "Acoustic Guitar"
    ],
    "mood_types": [
      "Bright"
    ],
    "target_genre_style": "",
    "reference_links": [],
    "delivery_timeline_days": 14,
    "revision_allowance": 2,
    "budget": "27000.00",
    "offer_price": "21600.00",
    "status": "pending",
    "created_at": "2026-03-28T02:26:10.745Z"
  }
},
{
  "model": "projects.projectrequest",
  "pk": 8,
  "fields": {
    "artist": [
      "sagarthapagtasa"
    ],
    "producer": null,
    "title": "boom bap beat",
    "description": "inneed this beat asap",
    "project_type": "sound_design",
    "expected_track_count": 5,
    "preferred_genre": "Hip Hop",
    "instrument_types": [
      "Acoustic Guitar",
      "Piano"
    ],
    "mood_types": [
      "Bright",
      "Cheerful"
    ],
    "target_genre_style": "",
    "reference_links": [],
    "delivery_timeline_days": 14,
    "revision_allowance": 2,
    "budget": "11000.00",
    "offer_price": "13200.00",
    "status": "pending",
    "created_at": "2026-03-28T06:03:03.160Z"
  }
},
{
  "model": "projects.proposal",
  "pk": 1,
  "fields": {
    "project_request": 4,
    "producer": [
      "sagarthapagtasa"
    ],
    "amount": "7650.00",
    "message": "im the best",
    "created_at": "2026-03-24T13:50:17.956Z"
  }
},
{
  "model": "projects.proposal",
  "pk": 2,
  "fields": {
    "project_request": 5,
    "producer": [
      "sagar"
    ],
    "amount": "16500.00",
    "message": "",
    "created_at": "2026-03-26T19:07:32.352Z"
  }
},
{
  "model": "projects.proposal",
  "pk": 3,
  "fields": {
    "project_request": 3,
    "producer": [
      "4093yoge"
    ],
    "amount": "3300.00",
    "message": "",
    "created_at": "2026-03-27T08:29:46.420Z"
  }
},
{
  "model": "projects.proposal",
  "pk": 4,
  "fields": {
    "project_request": 3,
    "producer": [
      "freecodex100"
    ],
    "amount": "4125.00",
    "message": "",
    "created_at": "2026-03-27T08:54:10.846Z"
  }
},
{
  "model": "projects.proposal",
  "pk": 5,
  "fields": {
    "project_request": 2,
    "producer": [
      "sagarthapagtasa"
    ],
    "amount": "3300.00",
    "message": "",
    "created_at": "2026-03-27T21:03:17.464Z"
  }
},
{
  "model": "projects.proposal",
  "pk": 6,
  "fields": {
    "project_request": 2,
    "producer": [
      "sagarthapagtasa"
    ],
    "amount": "3795.00",
    "message": "",
    "created_at": "2026-03-27T21:17:59.038Z"
  }
},
{
  "model": "projects.project",
  "pk": 1,
  "fields": {
    "artist": [
      "sagar"
    ],
    "producer": [
      "sagarthapagtasa"
    ],
    "title": "Himalayan  Chronicles",
    "description": "hello dm me",
    "project_type": "custom_single",
    "expected_track_count": 3,
    "preferred_genre": "Beats",
    "instrument_types": [
      "Banjo",
      "Dafli"
    ],
    "mood_types": [
      "Wistful",
      "Uplifting",
      "Upbeat"
    ],
    "target_genre_style": "vibe full",
    "reference_links": [],
    "delivery_timeline_days": 14,
    "revision_allowance": 2,
    "linked_conversation_hint": "Discuss revisions for Himalayan  Chronicles in shared chat",
    "budget": "9000.00",
    "offer_price": "7650.00",
    "status": "active",
    "workflow_stage": "proposal_accepted",
    "created_at": "2026-03-24T13:52:27.884Z"
  }
},
{
  "model": "projects.project",
  "pk": 2,
  "fields": {
    "artist": [
      "sagarthapamagar977"
    ],
    "producer": [
      "sagar"
    ],
    "title": "alt 80s",
    "description": "asap",
    "project_type": "album",
    "expected_track_count": 5,
    "preferred_genre": "Alternative Rock",
    "instrument_types": [
      "Arpeggio",
      "Brass"
    ],
    "mood_types": [
      "Complex",
      "Dark"
    ],
    "target_genre_style": "",
    "reference_links": [],
    "delivery_timeline_days": 14,
    "revision_allowance": 2,
    "linked_conversation_hint": "Discuss revisions for alt 80s in shared chat",
    "budget": "15000.00",
    "offer_price": "16500.00",
    "status": "active",
    "workflow_stage": "proposal_accepted",
    "created_at": "2026-03-26T19:09:03.461Z"
  }
},
{
  "model": "projects.project",
  "pk": 3,
  "fields": {
    "artist": [
      "sagar"
    ],
    "producer": [
      "freecodex100"
    ],
    "title": "BOM BHOLE",
    "description": "YOYO",
    "project_type": "custom_single",
    "expected_track_count": 1,
    "preferred_genre": "Hip Hop",
    "instrument_types": [
      "Synthesizer"
    ],
    "mood_types": [
      "Bright"
    ],
    "target_genre_style": "",
    "reference_links": [],
    "delivery_timeline_days": 14,
    "revision_allowance": 2,
    "linked_conversation_hint": "Discuss revisions for BOM BHOLE in shared chat",
    "budget": "3000.00",
    "offer_price": "4125.00",
    "status": "active",
    "workflow_stage": "proposal_accepted",
    "created_at": "2026-03-27T08:55:04.214Z"
  }
},
{
  "model": "messaging.conversation",
  "pk": 1,
  "fields": {
    "project": 2,
    "created_at": "2026-03-26T21:46:43.360Z",
    "participants": [
      [
        "sagar"
      ],
      [
        "sagarthapamagar977"
      ]
    ]
  }
},
{
  "model": "messaging.conversation",
  "pk": 2,
  "fields": {
    "project": 1,
    "created_at": "2026-03-27T08:54:39.843Z",
    "participants": [
      [
        "sagar"
      ],
      [
        "sagarthapagtasa"
      ]
    ]
  }
},
{
  "model": "messaging.conversation",
  "pk": 3,
  "fields": {
    "project": 3,
    "created_at": "2026-03-27T08:55:04.301Z",
    "participants": [
      [
        "sagar"
      ],
      [
        "freecodex100"
      ]
    ]
  }
},
{
  "model": "messaging.message",
  "pk": 1,
  "fields": {
    "conversation": 1,
    "sender": [
      "sagar"
    ],
    "content": "helllo",
    "timestamp": "2026-03-26T21:46:57.348Z"
  }
},
{
  "model": "messaging.message",
  "pk": 2,
  "fields": {
    "conversation": 3,
    "sender": [
      "sagar"
    ],
    "content": "helllo",
    "timestamp": "2026-03-27T14:54:55.835Z"
  }
},
{
  "model": "messaging.message",
  "pk": 3,
  "fields": {
    "conversation": 3,
    "sender": [
      "sagar"
    ],
    "content": "can us end me the demo file",
    "timestamp": "2026-03-27T14:55:25.035Z"
  }
},
{
  "model": "messaging.message",
  "pk": 4,
  "fields": {
    "conversation": 1,
    "sender": [
      "sagarthapamagar977"
    ],
    "content": "yes please",
    "timestamp": "2026-03-27T14:55:58.175Z"
  }
},
{
  "model": "messaging.message",
  "pk": 5,
  "fields": {
    "conversation": 1,
    "sender": [
      "sagar"
    ],
    "content": "ok and do u have the sample",
    "timestamp": "2026-03-27T14:57:10.301Z"
  }
},
{
  "model": "messaging.message",
  "pk": 6,
  "fields": {
    "conversation": 1,
    "sender": [
      "sagar"
    ],
    "content": "",
    "timestamp": "2026-03-27T17:59:33.222Z"
  }
},
{
  "model": "messaging.message",
  "pk": 7,
  "fields": {
    "conversation": 1,
    "sender": [
      "sagar"
    ],
    "content": "",
    "timestamp": "2026-03-27T19:29:26.937Z"
  }
},
{
  "model": "messaging.message",
  "pk": 8,
  "fields": {
    "conversation": 1,
    "sender": [
      "sagar"
    ],
    "content": "",
    "timestamp": "2026-03-27T19:29:43.836Z"
  }
},
{
  "model": "messaging.message",
  "pk": 9,
  "fields": {
    "conversation": 2,
    "sender": [
      "sagarthapagtasa"
    ],
    "content": "hello",
    "timestamp": "2026-03-27T20:03:53.380Z"
  }
},
{
  "model": "messaging.messageattachment",
  "pk": 1,
  "fields": {
    "message": 6,
    "file": "messages/attachments/2026/03/27/7.jpg",
    "original_name": "7.jpg",
    "content_type": "image/jpeg",
    "size": 55803,
    "uploaded_at": "2026-03-27T17:59:33.339Z"
  }
},
{
  "model": "messaging.messageattachment",
  "pk": 2,
  "fields": {
    "message": 7,
    "file": "messages/attachments/2026/03/28/c9ol.jpg",
    "original_name": "c9ol.jpg",
    "content_type": "image/jpeg",
    "size": 85581,
    "uploaded_at": "2026-03-27T19:29:27.026Z"
  }
},
{
  "model": "messaging.messageattachment",
  "pk": 3,
  "fields": {
    "message": 8,
    "file": "messages/attachments/2026/03/28/FREE_JID_x_Kendrick_LNnnT21._Cole_Type_Beat____Meridian_MP3_320K.mp3",
    "original_name": "[FREE] JID x Kendrick Lamar x J. Cole Type Beat _ _Meridian_(MP3_320K).mp3",
    "content_type": "audio/mpeg",
    "size": 8350063,
    "uploaded_at": "2026-03-27T19:29:43.975Z"
  }
},
{
  "model": "analytics_app.analyticsevent",
  "pk": 1,
  "fields": {
    "event_type": "play",
    "user": [
      "4093yoge"
    ],
    "producer": [
      "sagar"
    ],
    "beat_id": 3,
    "metadata": {
      "source": "related-tracks"
    },
    "created_at": "2026-03-17T18:49:36.414Z"
  }
},
{
  "model": "analytics_app.analyticsevent",
  "pk": 2,
  "fields": {
    "event_type": "play",
    "user": [
      "sagar"
    ],
    "producer": [
      "sagar"
    ],
    "beat_id": 4,
    "metadata": {
      "source": "producer-profile"
    },
    "created_at": "2026-03-18T15:33:26.413Z"
  }
},
{
  "model": "analytics_app.analyticsevent",
  "pk": 3,
  "fields": {
    "event_type": "play",
    "user": [
      "sagar"
    ],
    "producer": [
      "sagar"
    ],
    "beat_id": 6,
    "metadata": {
      "source": "producer-profile"
    },
    "created_at": "2026-03-19T20:30:50.286Z"
  }
},
{
  "model": "analytics_app.analyticsevent",
  "pk": 4,
  "fields": {
    "event_type": "play",
    "user": [
      "sagar"
    ],
    "producer": [
      "sagar"
    ],
    "beat_id": 9,
    "metadata": {
      "source": "related-tracks"
    },
    "created_at": "2026-03-19T21:03:38.906Z"
  }
},
{
  "model": "analytics_app.analyticsevent",
  "pk": 5,
  "fields": {
    "event_type": "play",
    "user": [
      "sagar"
    ],
    "producer": [
      "sagar"
    ],
    "beat_id": 9,
    "metadata": {
      "source": "producer-history"
    },
    "created_at": "2026-03-19T21:31:28.597Z"
  }
},
{
  "model": "analytics_app.analyticsevent",
  "pk": 6,
  "fields": {
    "event_type": "play",
    "user": [
      "sagar"
    ],
    "producer": [
      "sagar"
    ],
    "beat_id": 10,
    "metadata": {
      "source": "producer-private-profile"
    },
    "created_at": "2026-03-19T21:31:34.224Z"
  }
},
{
  "model": "analytics_app.analyticsevent",
  "pk": 7,
  "fields": {
    "event_type": "play",
    "user": [
      "sagar"
    ],
    "producer": [
      "sagar"
    ],
    "beat_id": 11,
    "metadata": {
      "source": "producer-private-profile"
    },
    "created_at": "2026-03-19T22:13:39.121Z"
  }
},
{
  "model": "analytics_app.analyticsevent",
  "pk": 8,
  "fields": {
    "event_type": "play",
    "user": [
      "sagar"
    ],
    "producer": [
      "sagar"
    ],
    "beat_id": 11,
    "metadata": {
      "source": "producer-private-profile"
    },
    "created_at": "2026-03-19T23:27:17.349Z"
  }
},
{
  "model": "analytics_app.analyticsevent",
  "pk": 9,
  "fields": {
    "event_type": "play",
    "user": [
      "sagar"
    ],
    "producer": [
      "sagar"
    ],
    "beat_id": 11,
    "metadata": {
      "source": "producer-private-profile"
    },
    "created_at": "2026-03-20T05:38:30.841Z"
  }
},
{
  "model": "analytics_app.analyticsevent",
  "pk": 10,
  "fields": {
    "event_type": "play",
    "user": [
      "sagar"
    ],
    "producer": [
      "sagar"
    ],
    "beat_id": 10,
    "metadata": {
      "source": "producer-private-profile"
    },
    "created_at": "2026-03-20T05:38:33.189Z"
  }
},
{
  "model": "analytics_app.analyticsevent",
  "pk": 11,
  "fields": {
    "event_type": "play",
    "user": [
      "sagar"
    ],
    "producer": [
      "sagar"
    ],
    "beat_id": 6,
    "metadata": {
      "source": "producer-private-profile"
    },
    "created_at": "2026-03-20T06:19:51.239Z"
  }
},
{
  "model": "analytics_app.analyticsevent",
  "pk": 12,
  "fields": {
    "event_type": "play",
    "user": [
      "sagar"
    ],
    "producer": [
      "sagar"
    ],
    "beat_id": 11,
    "metadata": {
      "source": "producer-private-profile"
    },
    "created_at": "2026-03-20T08:22:03.644Z"
  }
},
{
  "model": "analytics_app.analyticsevent",
  "pk": 13,
  "fields": {
    "event_type": "play",
    "user": [
      "sagar"
    ],
    "producer": [
      "sagar"
    ],
    "beat_id": 11,
    "metadata": {
      "source": "producer-private-profile"
    },
    "created_at": "2026-03-20T08:50:16.876Z"
  }
},
{
  "model": "analytics_app.analyticsevent",
  "pk": 14,
  "fields": {
    "event_type": "play",
    "user": [
      "sagar"
    ],
    "producer": [
      "lashang"
    ],
    "beat_id": 17,
    "metadata": {
      "source": "producer-public-profile"
    },
    "created_at": "2026-03-20T17:11:16.786Z"
  }
},
{
  "model": "analytics_app.analyticsevent",
  "pk": 15,
  "fields": {
    "event_type": "play",
    "user": [
      "sagar"
    ],
    "producer": [
      "lashang"
    ],
    "beat_id": 14,
    "metadata": {
      "source": "producer-public-profile"
    },
    "created_at": "2026-03-20T17:11:29.898Z"
  }
},
{
  "model": "analytics_app.analyticsevent",
  "pk": 16,
  "fields": {
    "event_type": "play",
    "user": [
      "sagar"
    ],
    "producer": [
      "lashang"
    ],
    "beat_id": 16,
    "metadata": {
      "source": "producer-public-profile"
    },
    "created_at": "2026-03-20T17:11:41.355Z"
  }
},
{
  "model": "analytics_app.analyticsevent",
  "pk": 17,
  "fields": {
    "event_type": "play",
    "user": [
      "sagar"
    ],
    "producer": [
      "lashang"
    ],
    "beat_id": 12,
    "metadata": {
      "source": "producer-public-profile"
    },
    "created_at": "2026-03-20T17:11:49.859Z"
  }
},
{
  "model": "analytics_app.analyticsevent",
  "pk": 18,
  "fields": {
    "event_type": "play",
    "user": [
      "sagar"
    ],
    "producer": [
      "lashang"
    ],
    "beat_id": 12,
    "metadata": {
      "source": "producer-public-profile"
    },
    "created_at": "2026-03-20T17:11:57.362Z"
  }
},
{
  "model": "analytics_app.analyticsevent",
  "pk": 19,
  "fields": {
    "event_type": "play",
    "user": [
      "sagar"
    ],
    "producer": [
      "lashang"
    ],
    "beat_id": 18,
    "metadata": {
      "source": "producer-public-profile"
    },
    "created_at": "2026-03-20T17:12:05.189Z"
  }
},
{
  "model": "analytics_app.analyticsevent",
  "pk": 20,
  "fields": {
    "event_type": "play",
    "user": [
      "sagar"
    ],
    "producer": [
      "lashang"
    ],
    "beat_id": 12,
    "metadata": {
      "source": "producer-public-profile"
    },
    "created_at": "2026-03-20T17:12:16.976Z"
  }
},
{
  "model": "analytics_app.analyticsevent",
  "pk": 21,
  "fields": {
    "event_type": "play",
    "user": [
      "sagar"
    ],
    "producer": [
      "lashang"
    ],
    "beat_id": 18,
    "metadata": {
      "source": "producer-public-profile"
    },
    "created_at": "2026-03-20T17:12:24.503Z"
  }
},
{
  "model": "analytics_app.analyticsevent",
  "pk": 22,
  "fields": {
    "event_type": "play",
    "user": [
      "sagar"
    ],
    "producer": [
      "sagar"
    ],
    "beat_id": 11,
    "metadata": {
      "source": "producer-public-profile"
    },
    "created_at": "2026-03-20T17:13:35.001Z"
  }
},
{
  "model": "analytics_app.analyticsevent",
  "pk": 23,
  "fields": {
    "event_type": "play",
    "user": [
      "sagar"
    ],
    "producer": [
      "lashang"
    ],
    "beat_id": 17,
    "metadata": {
      "source": "producer-public-profile"
    },
    "created_at": "2026-03-20T17:13:56.528Z"
  }
},
{
  "model": "analytics_app.analyticsevent",
  "pk": 24,
  "fields": {
    "event_type": "play",
    "user": [
      "sagar"
    ],
    "producer": [
      "sagar"
    ],
    "beat_id": 11,
    "metadata": {
      "source": "producer-public-profile"
    },
    "created_at": "2026-03-22T05:41:50.673Z"
  }
},
{
  "model": "analytics_app.analyticsevent",
  "pk": 25,
  "fields": {
    "event_type": "play",
    "user": [
      "sagar"
    ],
    "producer": [
      "sagar"
    ],
    "beat_id": 19,
    "metadata": {
      "source": "producer-private-hero"
    },
    "created_at": "2026-03-22T07:19:08.900Z"
  }
},
{
  "model": "analytics_app.analyticsevent",
  "pk": 26,
  "fields": {
    "event_type": "play",
    "user": [
      "sagar"
    ],
    "producer": [
      "sagar"
    ],
    "beat_id": 11,
    "metadata": {
      "source": "producer-private-profile"
    },
    "created_at": "2026-03-22T07:19:17.982Z"
  }
},
{
  "model": "analytics_app.analyticsevent",
  "pk": 27,
  "fields": {
    "event_type": "play",
    "user": [
      "sagar"
    ],
    "producer": [
      "sagar"
    ],
    "beat_id": 10,
    "metadata": {
      "source": "producer-private-profile"
    },
    "created_at": "2026-03-22T07:19:19.883Z"
  }
},
{
  "model": "analytics_app.analyticsevent",
  "pk": 28,
  "fields": {
    "event_type": "play",
    "user": [
      "sagar"
    ],
    "producer": [
      "sagar"
    ],
    "beat_id": 9,
    "metadata": {
      "source": "producer-private-profile"
    },
    "created_at": "2026-03-22T07:19:20.808Z"
  }
},
{
  "model": "analytics_app.analyticsevent",
  "pk": 29,
  "fields": {
    "event_type": "play",
    "user": [
      "sagar"
    ],
    "producer": [
      "sagar"
    ],
    "beat_id": 6,
    "metadata": {
      "source": "producer-private-profile"
    },
    "created_at": "2026-03-22T07:19:22.258Z"
  }
},
{
  "model": "analytics_app.analyticsevent",
  "pk": 30,
  "fields": {
    "event_type": "play",
    "user": [
      "sagar"
    ],
    "producer": [
      "sagar"
    ],
    "beat_id": 19,
    "metadata": {
      "source": "producer-private-profile"
    },
    "created_at": "2026-03-22T07:51:58.963Z"
  }
},
{
  "model": "analytics_app.analyticsevent",
  "pk": 31,
  "fields": {
    "event_type": "play",
    "user": [
      "sagar"
    ],
    "producer": [
      "sagar"
    ],
    "beat_id": 11,
    "metadata": {
      "source": "producer-private-profile"
    },
    "created_at": "2026-03-22T07:52:00.261Z"
  }
},
{
  "model": "analytics_app.analyticsevent",
  "pk": 32,
  "fields": {
    "event_type": "play",
    "user": [
      "sagar"
    ],
    "producer": [
      "sagar"
    ],
    "beat_id": 10,
    "metadata": {
      "source": "producer-private-profile"
    },
    "created_at": "2026-03-22T07:52:01.341Z"
  }
},
{
  "model": "analytics_app.analyticsevent",
  "pk": 33,
  "fields": {
    "event_type": "play",
    "user": [
      "sagar"
    ],
    "producer": [
      "sagar"
    ],
    "beat_id": 6,
    "metadata": {
      "source": "producer-private-profile"
    },
    "created_at": "2026-03-22T07:52:07.371Z"
  }
},
{
  "model": "analytics_app.analyticsevent",
  "pk": 34,
  "fields": {
    "event_type": "play",
    "user": [
      "sagar"
    ],
    "producer": [
      "sagar"
    ],
    "beat_id": 19,
    "metadata": {
      "source": "producer-private-profile"
    },
    "created_at": "2026-03-22T07:52:23.790Z"
  }
},
{
  "model": "analytics_app.analyticsevent",
  "pk": 35,
  "fields": {
    "event_type": "play",
    "user": [
      "sagar"
    ],
    "producer": [
      "sagar"
    ],
    "beat_id": 19,
    "metadata": {
      "source": "producer-private-hero"
    },
    "created_at": "2026-03-22T13:34:41.159Z"
  }
},
{
  "model": "analytics_app.analyticsevent",
  "pk": 36,
  "fields": {
    "event_type": "play",
    "user": [
      "sagar"
    ],
    "producer": [
      "sagar"
    ],
    "beat_id": 11,
    "metadata": {
      "source": "producer-private-profile"
    },
    "created_at": "2026-03-22T13:34:44.014Z"
  }
},
{
  "model": "analytics_app.analyticsevent",
  "pk": 37,
  "fields": {
    "event_type": "play",
    "user": [
      "sagar"
    ],
    "producer": [
      "sagar"
    ],
    "beat_id": 10,
    "metadata": {
      "source": "producer-private-profile"
    },
    "created_at": "2026-03-22T13:34:45.619Z"
  }
},
{
  "model": "analytics_app.analyticsevent",
  "pk": 38,
  "fields": {
    "event_type": "play",
    "user": [
      "sagar"
    ],
    "producer": [
      "sagar"
    ],
    "beat_id": 11,
    "metadata": {
      "source": "producer-private-profile"
    },
    "created_at": "2026-03-22T13:34:47.451Z"
  }
},
{
  "model": "analytics_app.analyticsevent",
  "pk": 39,
  "fields": {
    "event_type": "play",
    "user": [
      "sagar"
    ],
    "producer": [
      "sagar"
    ],
    "beat_id": 10,
    "metadata": {
      "source": "producer-private-profile"
    },
    "created_at": "2026-03-22T13:34:48.850Z"
  }
},
{
  "model": "analytics_app.analyticsevent",
  "pk": 40,
  "fields": {
    "event_type": "play",
    "user": [
      "sagar"
    ],
    "producer": [
      "sagar"
    ],
    "beat_id": 9,
    "metadata": {
      "source": "producer-private-profile"
    },
    "created_at": "2026-03-22T13:34:51.984Z"
  }
},
{
  "model": "analytics_app.analyticsevent",
  "pk": 41,
  "fields": {
    "event_type": "play",
    "user": [
      "sagar"
    ],
    "producer": [
      "sagar"
    ],
    "beat_id": 11,
    "metadata": {
      "source": "producer-private-profile"
    },
    "created_at": "2026-03-22T13:34:53.695Z"
  }
},
{
  "model": "analytics_app.analyticsevent",
  "pk": 42,
  "fields": {
    "event_type": "play",
    "user": [
      "sagar"
    ],
    "producer": [
      "sagar"
    ],
    "beat_id": 9,
    "metadata": {
      "source": "producer-private-profile"
    },
    "created_at": "2026-03-22T13:34:55.391Z"
  }
},
{
  "model": "analytics_app.analyticsevent",
  "pk": 43,
  "fields": {
    "event_type": "play",
    "user": [
      "sagar"
    ],
    "producer": [
      "sagar"
    ],
    "beat_id": 6,
    "metadata": {
      "source": "producer-private-profile"
    },
    "created_at": "2026-03-22T13:34:58.046Z"
  }
},
{
  "model": "analytics_app.analyticsevent",
  "pk": 44,
  "fields": {
    "event_type": "play",
    "user": [
      "sagar"
    ],
    "producer": [
      "lashang"
    ],
    "beat_id": 18,
    "metadata": {
      "source": "beat-detail-hero"
    },
    "created_at": "2026-03-22T14:14:24.248Z"
  }
},
{
  "model": "analytics_app.analyticsevent",
  "pk": 45,
  "fields": {
    "event_type": "play",
    "user": [
      "sagarthapamagar977"
    ],
    "producer": [
      "lashang"
    ],
    "beat_id": 17,
    "metadata": {
      "source": "beat-detail-hero"
    },
    "created_at": "2026-03-22T23:44:59.965Z"
  }
},
{
  "model": "analytics_app.analyticsevent",
  "pk": 46,
  "fields": {
    "event_type": "play",
    "user": [
      "realog977"
    ],
    "producer": [
      "lashang"
    ],
    "beat_id": 18,
    "metadata": {
      "source": "producer-public-profile"
    },
    "created_at": "2026-03-22T23:45:49.113Z"
  }
},
{
  "model": "analytics_app.analyticsevent",
  "pk": 47,
  "fields": {
    "event_type": "play",
    "user": [
      "realog977"
    ],
    "producer": [
      "lashang"
    ],
    "beat_id": 17,
    "metadata": {
      "source": "beat-detail-hero"
    },
    "created_at": "2026-03-22T23:59:55.188Z"
  }
},
{
  "model": "analytics_app.analyticsevent",
  "pk": 48,
  "fields": {
    "event_type": "play",
    "user": [
      "sagar"
    ],
    "producer": [
      "sagar"
    ],
    "beat_id": 9,
    "metadata": {
      "source": "beat-detail-hero"
    },
    "created_at": "2026-03-23T07:28:34.128Z"
  }
},
{
  "model": "analytics_app.analyticsevent",
  "pk": 49,
  "fields": {
    "event_type": "skip",
    "user": [
      "sagar"
    ],
    "producer": [
      "sagar"
    ],
    "beat_id": 9,
    "metadata": {
      "source": "beat-detail-hero",
      "completion_percent": 2
    },
    "created_at": "2026-03-23T07:28:39.064Z"
  }
},
{
  "model": "analytics_app.analyticsevent",
  "pk": 50,
  "fields": {
    "event_type": "play",
    "user": [
      "sagar"
    ],
    "producer": [
      "sagar"
    ],
    "beat_id": 9,
    "metadata": {
      "source": "beat-detail-hero"
    },
    "created_at": "2026-03-23T12:12:46.271Z"
  }
},
{
  "model": "analytics_app.analyticsevent",
  "pk": 51,
  "fields": {
    "event_type": "skip",
    "user": [
      "sagar"
    ],
    "producer": [
      "sagar"
    ],
    "beat_id": 9,
    "metadata": {
      "source": "beat-detail-hero",
      "completion_percent": 2
    },
    "created_at": "2026-03-23T12:12:49.917Z"
  }
},
{
  "model": "analytics_app.analyticsevent",
  "pk": 52,
  "fields": {
    "event_type": "play",
    "user": [
      "sagar"
    ],
    "producer": [
      "sagar"
    ],
    "beat_id": 11,
    "metadata": {
      "source": "related-tracks"
    },
    "created_at": "2026-03-23T12:12:50.773Z"
  }
},
{
  "model": "analytics_app.analyticsevent",
  "pk": 53,
  "fields": {
    "event_type": "skip",
    "user": [
      "sagar"
    ],
    "producer": [
      "sagar"
    ],
    "beat_id": 11,
    "metadata": {
      "source": "related-tracks",
      "completion_percent": 3
    },
    "created_at": "2026-03-23T12:13:01.808Z"
  }
},
{
  "model": "analytics_app.analyticsevent",
  "pk": 54,
  "fields": {
    "event_type": "play",
    "user": [
      "sagar"
    ],
    "producer": [
      "sagar"
    ],
    "beat_id": 6,
    "metadata": {
      "source": "beat-detail-hero"
    },
    "created_at": "2026-03-23T12:16:25.446Z"
  }
},
{
  "model": "analytics_app.analyticsevent",
  "pk": 55,
  "fields": {
    "event_type": "skip",
    "user": [
      "sagar"
    ],
    "producer": [
      "sagar"
    ],
    "beat_id": 6,
    "metadata": {
      "source": "beat-detail-hero",
      "completion_percent": 3
    },
    "created_at": "2026-03-23T12:16:30.997Z"
  }
},
{
  "model": "analytics_app.analyticsevent",
  "pk": 56,
  "fields": {
    "event_type": "play",
    "user": [
      "sagar"
    ],
    "producer": [
      "lashang"
    ],
    "beat_id": 14,
    "metadata": {
      "source": "related-tracks"
    },
    "created_at": "2026-03-23T12:16:31.916Z"
  }
},
{
  "model": "analytics_app.analyticsevent",
  "pk": 57,
  "fields": {
    "event_type": "skip",
    "user": [
      "sagar"
    ],
    "producer": [
      "lashang"
    ],
    "beat_id": 14,
    "metadata": {
      "source": "related-tracks",
      "completion_percent": 20
    },
    "created_at": "2026-03-23T12:16:43.121Z"
  }
},
{
  "model": "analytics_app.analyticsevent",
  "pk": 58,
  "fields": {
    "event_type": "play",
    "user": [
      "sagar"
    ],
    "producer": [
      "sagar"
    ],
    "beat_id": 6,
    "metadata": {
      "source": "related-tracks"
    },
    "created_at": "2026-03-23T12:16:44.021Z"
  }
},
{
  "model": "analytics_app.analyticsevent",
  "pk": 59,
  "fields": {
    "event_type": "play",
    "user": [
      "sagar"
    ],
    "producer": [
      "sagar"
    ],
    "beat_id": 19,
    "metadata": {
      "source": "global-player"
    },
    "created_at": "2026-03-23T13:16:06.857Z"
  }
},
{
  "model": "analytics_app.analyticsevent",
  "pk": 60,
  "fields": {
    "event_type": "skip",
    "user": [
      "sagar"
    ],
    "producer": [
      "sagar"
    ],
    "beat_id": 19,
    "metadata": {
      "source": "global-player",
      "completion_percent": 2
    },
    "created_at": "2026-03-23T13:16:08.417Z"
  }
},
{
  "model": "analytics_app.analyticsevent",
  "pk": 61,
  "fields": {
    "event_type": "play",
    "user": [
      "sagar"
    ],
    "producer": [
      "lashang"
    ],
    "beat_id": 18,
    "metadata": {
      "source": "beat-detail-hero"
    },
    "created_at": "2026-03-23T13:23:47.793Z"
  }
},
{
  "model": "analytics_app.analyticsevent",
  "pk": 62,
  "fields": {
    "event_type": "skip",
    "user": [
      "sagar"
    ],
    "producer": [
      "lashang"
    ],
    "beat_id": 18,
    "metadata": {
      "source": "beat-detail-hero",
      "completion_percent": 31
    },
    "created_at": "2026-03-23T13:24:07.525Z"
  }
},
{
  "model": "analytics_app.analyticsevent",
  "pk": 63,
  "fields": {
    "event_type": "skip",
    "user": [
      "sagar"
    ],
    "producer": [
      "lashang"
    ],
    "beat_id": 18,
    "metadata": {
      "source": "beat-detail-hero",
      "completion_percent": 48
    },
    "created_at": "2026-03-23T13:24:19.221Z"
  }
},
{
  "model": "analytics_app.analyticsevent",
  "pk": 64,
  "fields": {
    "event_type": "play",
    "user": [
      "sagar"
    ],
    "producer": [
      "lashang"
    ],
    "beat_id": 18,
    "metadata": {
      "source": "global-player"
    },
    "created_at": "2026-03-23T14:18:06.406Z"
  }
},
{
  "model": "analytics_app.analyticsevent",
  "pk": 65,
  "fields": {
    "event_type": "skip",
    "user": [
      "sagar"
    ],
    "producer": [
      "lashang"
    ],
    "beat_id": 18,
    "metadata": {
      "source": "global-player",
      "completion_percent": 2
    },
    "created_at": "2026-03-23T14:18:07.800Z"
  }
},
{
  "model": "analytics_app.analyticsevent",
  "pk": 66,
  "fields": {
    "event_type": "play",
    "user": [
      "sagar"
    ],
    "producer": [
      "lashang"
    ],
    "beat_id": 17,
    "metadata": {
      "source": "beat-detail-hero"
    },
    "created_at": "2026-03-23T15:06:55.572Z"
  }
},
{
  "model": "analytics_app.analyticsevent",
  "pk": 67,
  "fields": {
    "event_type": "play",
    "user": [
      "sagar"
    ],
    "producer": [
      "lashang"
    ],
    "beat_id": 18,
    "metadata": {
      "source": "beat-detail-hero"
    },
    "created_at": "2026-03-23T15:51:53.694Z"
  }
},
{
  "model": "analytics_app.analyticsevent",
  "pk": 68,
  "fields": {
    "event_type": "skip",
    "user": [
      "sagar"
    ],
    "producer": [
      "lashang"
    ],
    "beat_id": 18,
    "metadata": {
      "source": "beat-detail-hero",
      "completion_percent": 5
    },
    "created_at": "2026-03-23T15:51:57.859Z"
  }
},
{
  "model": "analytics_app.analyticsevent",
  "pk": 69,
  "fields": {
    "event_type": "play",
    "user": [
      "sagar"
    ],
    "producer": [
      "lashang"
    ],
    "beat_id": 18,
    "metadata": {
      "source": "beat-detail-hero"
    },
    "created_at": "2026-03-23T15:54:11.382Z"
  }
},
{
  "model": "analytics_app.analyticsevent",
  "pk": 70,
  "fields": {
    "event_type": "skip",
    "user": [
      "sagar"
    ],
    "producer": [
      "lashang"
    ],
    "beat_id": 18,
    "metadata": {
      "source": "beat-detail-hero",
      "completion_percent": 13
    },
    "created_at": "2026-03-23T15:54:19.570Z"
  }
},
{
  "model": "analytics_app.analyticsevent",
  "pk": 71,
  "fields": {
    "event_type": "play",
    "user": [
      "sagarthapamagar977"
    ],
    "producer": [
      "lashang"
    ],
    "beat_id": 13,
    "metadata": {
      "source": "beat-detail-hero"
    },
    "created_at": "2026-03-23T18:01:01.827Z"
  }
},
{
  "model": "analytics_app.analyticsevent",
  "pk": 72,
  "fields": {
    "event_type": "skip",
    "user": [
      "sagarthapamagar977"
    ],
    "producer": [
      "lashang"
    ],
    "beat_id": 13,
    "metadata": {
      "source": "beat-detail-hero",
      "completion_percent": 20
    },
    "created_at": "2026-03-23T18:01:22.960Z"
  }
},
{
  "model": "analytics_app.analyticsevent",
  "pk": 73,
  "fields": {
    "event_type": "play",
    "user": [
      "sagarthapagtasa"
    ],
    "producer": [
      "lashang"
    ],
    "beat_id": 17,
    "metadata": {
      "source": "beat-detail-hero"
    },
    "created_at": "2026-03-23T18:03:30.255Z"
  }
},
{
  "model": "analytics_app.analyticsevent",
  "pk": 74,
  "fields": {
    "event_type": "play",
    "user": [
      "sagarthapagtasa"
    ],
    "producer": [
      "lashang"
    ],
    "beat_id": 17,
    "metadata": {
      "source": "related-tracks"
    },
    "created_at": "2026-03-23T18:12:59.997Z"
  }
},
{
  "model": "analytics_app.analyticsevent",
  "pk": 75,
  "fields": {
    "event_type": "skip",
    "user": [
      "sagarthapagtasa"
    ],
    "producer": [
      "lashang"
    ],
    "beat_id": 17,
    "metadata": {
      "source": "related-tracks",
      "completion_percent": 2
    },
    "created_at": "2026-03-23T18:13:02.590Z"
  }
},
{
  "model": "analytics_app.analyticsevent",
  "pk": 76,
  "fields": {
    "event_type": "play",
    "user": [
      "sagarthapagtasa"
    ],
    "producer": [
      "lashang"
    ],
    "beat_id": 16,
    "metadata": {
      "source": "related-tracks"
    },
    "created_at": "2026-03-23T18:13:03.573Z"
  }
},
{
  "model": "analytics_app.analyticsevent",
  "pk": 77,
  "fields": {
    "event_type": "skip",
    "user": [
      "sagarthapagtasa"
    ],
    "producer": [
      "lashang"
    ],
    "beat_id": 16,
    "metadata": {
      "source": "related-tracks",
      "completion_percent": 12
    },
    "created_at": "2026-03-23T18:13:17.954Z"
  }
},
{
  "model": "analytics_app.analyticsevent",
  "pk": 78,
  "fields": {
    "event_type": "play",
    "user": [
      "sagarthapagtasa"
    ],
    "producer": [
      "lashang"
    ],
    "beat_id": 18,
    "metadata": {
      "source": "beat-detail-hero"
    },
    "created_at": "2026-03-23T18:13:51.081Z"
  }
},
{
  "model": "analytics_app.analyticsevent",
  "pk": 79,
  "fields": {
    "event_type": "skip",
    "user": [
      "sagarthapagtasa"
    ],
    "producer": [
      "lashang"
    ],
    "beat_id": 18,
    "metadata": {
      "source": "beat-detail-hero",
      "completion_percent": 55
    },
    "created_at": "2026-03-23T18:14:25.907Z"
  }
},
{
  "model": "analytics_app.analyticsevent",
  "pk": 80,
  "fields": {
    "event_type": "play",
    "user": [
      "lafasworld"
    ],
    "producer": [
      "lashang"
    ],
    "beat_id": 14,
    "metadata": {
      "source": "related-tracks"
    },
    "created_at": "2026-03-23T19:07:34.642Z"
  }
},
{
  "model": "analytics_app.analyticsevent",
  "pk": 81,
  "fields": {
    "event_type": "play",
    "user": [
      "sagar"
    ],
    "producer": [
      "sagar"
    ],
    "beat_id": 10,
    "metadata": {
      "source": "producer-private-profile"
    },
    "created_at": "2026-03-23T21:09:29.421Z"
  }
},
{
  "model": "analytics_app.analyticsevent",
  "pk": 82,
  "fields": {
    "event_type": "skip",
    "user": [
      "sagar"
    ],
    "producer": [
      "sagar"
    ],
    "beat_id": 10,
    "metadata": {
      "source": "producer-private-profile",
      "completion_percent": 1
    },
    "created_at": "2026-03-23T21:09:31.696Z"
  }
},
{
  "model": "analytics_app.analyticsevent",
  "pk": 83,
  "fields": {
    "event_type": "play",
    "user": [
      "sagar"
    ],
    "producer": [
      "sagar"
    ],
    "beat_id": 19,
    "metadata": {
      "source": "producer-private-sidebar"
    },
    "created_at": "2026-03-24T06:27:28.185Z"
  }
},
{
  "model": "analytics_app.analyticsevent",
  "pk": 84,
  "fields": {
    "event_type": "skip",
    "user": [
      "sagar"
    ],
    "producer": [
      "sagar"
    ],
    "beat_id": 19,
    "metadata": {
      "source": "producer-private-sidebar",
      "completion_percent": 2
    },
    "created_at": "2026-03-24T06:27:29.456Z"
  }
},
{
  "model": "analytics_app.analyticsevent",
  "pk": 85,
  "fields": {
    "event_type": "skip",
    "user": [
      "sagar"
    ],
    "producer": [
      "sagar"
    ],
    "beat_id": 19,
    "metadata": {
      "source": "producer-private-sidebar",
      "completion_percent": 6
    },
    "created_at": "2026-03-24T06:27:31.850Z"
  }
},
{
  "model": "analytics_app.analyticsevent",
  "pk": 86,
  "fields": {
    "event_type": "play",
    "user": [
      "sagar"
    ],
    "producer": [
      "sagar"
    ],
    "beat_id": 10,
    "metadata": {
      "source": "producer-private-sidebar"
    },
    "created_at": "2026-03-24T06:27:35.605Z"
  }
},
{
  "model": "analytics_app.analyticsevent",
  "pk": 87,
  "fields": {
    "event_type": "skip",
    "user": [
      "sagar"
    ],
    "producer": [
      "sagar"
    ],
    "beat_id": 10,
    "metadata": {
      "source": "producer-private-sidebar",
      "completion_percent": 4
    },
    "created_at": "2026-03-24T06:27:42.049Z"
  }
},
{
  "model": "analytics_app.analyticsevent",
  "pk": 88,
  "fields": {
    "event_type": "play",
    "user": [
      "sagar"
    ],
    "producer": [
      "sagar"
    ],
    "beat_id": 11,
    "metadata": {
      "source": "producer-public-profile"
    },
    "created_at": "2026-03-24T06:52:13.907Z"
  }
},
{
  "model": "analytics_app.analyticsevent",
  "pk": 89,
  "fields": {
    "event_type": "play",
    "user": [
      "sagar"
    ],
    "producer": [
      "sagar"
    ],
    "beat_id": 11,
    "metadata": {
      "source": "producer-public-profile"
    },
    "created_at": "2026-03-24T06:52:14.402Z"
  }
},
{
  "model": "analytics_app.analyticsevent",
  "pk": 90,
  "fields": {
    "event_type": "skip",
    "user": [
      "sagar"
    ],
    "producer": [
      "sagar"
    ],
    "beat_id": 11,
    "metadata": {
      "source": "producer-public-profile",
      "completion_percent": 0
    },
    "created_at": "2026-03-24T06:52:15.656Z"
  }
},
{
  "model": "analytics_app.analyticsevent",
  "pk": 91,
  "fields": {
    "event_type": "play",
    "user": [
      "sagar"
    ],
    "producer": [
      "sagar"
    ],
    "beat_id": 19,
    "metadata": {
      "source": "activity-browse"
    },
    "created_at": "2026-03-24T06:54:00.147Z"
  }
},
{
  "model": "analytics_app.analyticsevent",
  "pk": 92,
  "fields": {
    "event_type": "skip",
    "user": [
      "sagar"
    ],
    "producer": [
      "sagar"
    ],
    "beat_id": 19,
    "metadata": {
      "source": "activity-browse",
      "completion_percent": 30
    },
    "created_at": "2026-03-24T06:54:16.747Z"
  }
},
{
  "model": "analytics_app.analyticsevent",
  "pk": 93,
  "fields": {
    "event_type": "skip",
    "user": [
      "sagar"
    ],
    "producer": [
      "sagar"
    ],
    "beat_id": 19,
    "metadata": {
      "source": "activity-browse",
      "completion_percent": 35
    },
    "created_at": "2026-03-24T06:54:20.181Z"
  }
},
{
  "model": "analytics_app.analyticsevent",
  "pk": 94,
  "fields": {
    "event_type": "skip",
    "user": [
      "sagar"
    ],
    "producer": [
      "sagar"
    ],
    "beat_id": 19,
    "metadata": {
      "source": "activity-browse",
      "completion_percent": 41
    },
    "created_at": "2026-03-24T06:55:26.672Z"
  }
},
{
  "model": "analytics_app.analyticsevent",
  "pk": 95,
  "fields": {
    "event_type": "play",
    "user": [
      "sagar"
    ],
    "producer": [
      "lashang"
    ],
    "beat_id": 16,
    "metadata": {
      "source": "activity-browse"
    },
    "created_at": "2026-03-24T07:02:04.148Z"
  }
},
{
  "model": "analytics_app.analyticsevent",
  "pk": 96,
  "fields": {
    "event_type": "skip",
    "user": [
      "sagar"
    ],
    "producer": [
      "lashang"
    ],
    "beat_id": 16,
    "metadata": {
      "source": "activity-browse",
      "completion_percent": 1
    },
    "created_at": "2026-03-24T07:02:04.799Z"
  }
},
{
  "model": "analytics_app.analyticsevent",
  "pk": 97,
  "fields": {
    "event_type": "skip",
    "user": [
      "sagar"
    ],
    "producer": [
      "lashang"
    ],
    "beat_id": 16,
    "metadata": {
      "source": "activity-browse",
      "completion_percent": 2
    },
    "created_at": "2026-03-24T07:02:07.621Z"
  }
},
{
  "model": "analytics_app.analyticsevent",
  "pk": 98,
  "fields": {
    "event_type": "skip",
    "user": [
      "sagar"
    ],
    "producer": [
      "lashang"
    ],
    "beat_id": 16,
    "metadata": {
      "source": "activity-browse",
      "completion_percent": 9
    },
    "created_at": "2026-03-24T07:02:18.525Z"
  }
},
{
  "model": "analytics_app.analyticsevent",
  "pk": 99,
  "fields": {
    "event_type": "play",
    "user": [
      "sagar"
    ],
    "producer": [
      "lashang"
    ],
    "beat_id": 16,
    "metadata": {
      "source": "related-tracks"
    },
    "created_at": "2026-03-24T07:02:50.698Z"
  }
},
{
  "model": "analytics_app.analyticsevent",
  "pk": 100,
  "fields": {
    "event_type": "skip",
    "user": [
      "sagar"
    ],
    "producer": [
      "lashang"
    ],
    "beat_id": 16,
    "metadata": {
      "source": "related-tracks",
      "completion_percent": 1
    },
    "created_at": "2026-03-24T07:02:52.651Z"
  }
},
{
  "model": "analytics_app.analyticsevent",
  "pk": 101,
  "fields": {
    "event_type": "skip",
    "user": [
      "sagar"
    ],
    "producer": [
      "lashang"
    ],
    "beat_id": 16,
    "metadata": {
      "source": "related-tracks",
      "completion_percent": 3
    },
    "created_at": "2026-03-24T07:03:02.941Z"
  }
},
{
  "model": "analytics_app.analyticsevent",
  "pk": 102,
  "fields": {
    "event_type": "skip",
    "user": [
      "sagar"
    ],
    "producer": [
      "lashang"
    ],
    "beat_id": 16,
    "metadata": {
      "source": "related-tracks",
      "completion_percent": 3
    },
    "created_at": "2026-03-24T07:03:04.651Z"
  }
},
{
  "model": "analytics_app.analyticsevent",
  "pk": 103,
  "fields": {
    "event_type": "skip",
    "user": [
      "sagar"
    ],
    "producer": [
      "lashang"
    ],
    "beat_id": 16,
    "metadata": {
      "source": "related-tracks",
      "completion_percent": 5
    },
    "created_at": "2026-03-24T07:03:07.984Z"
  }
},
{
  "model": "analytics_app.analyticsevent",
  "pk": 104,
  "fields": {
    "event_type": "play",
    "user": [
      "sagar"
    ],
    "producer": [
      "sagar"
    ],
    "beat_id": 19,
    "metadata": {
      "source": "producer-private-profile"
    },
    "created_at": "2026-03-24T08:26:11.338Z"
  }
},
{
  "model": "analytics_app.analyticsevent",
  "pk": 105,
  "fields": {
    "event_type": "skip",
    "user": [
      "sagar"
    ],
    "producer": [
      "sagar"
    ],
    "beat_id": 19,
    "metadata": {
      "source": "producer-private-profile",
      "completion_percent": 2
    },
    "created_at": "2026-03-24T08:26:12.900Z"
  }
},
{
  "model": "analytics_app.analyticsevent",
  "pk": 106,
  "fields": {
    "event_type": "play",
    "user": [
      "sagar"
    ],
    "producer": [
      "sagar"
    ],
    "beat_id": 11,
    "metadata": {
      "source": "producer-private-profile"
    },
    "created_at": "2026-03-24T08:26:13.863Z"
  }
},
{
  "model": "analytics_app.analyticsevent",
  "pk": 107,
  "fields": {
    "event_type": "play",
    "user": [
      "sagar"
    ],
    "producer": [
      "sagar"
    ],
    "beat_id": 10,
    "metadata": {
      "source": "producer-private-profile"
    },
    "created_at": "2026-03-24T08:26:15.027Z"
  }
},
{
  "model": "analytics_app.analyticsevent",
  "pk": 108,
  "fields": {
    "event_type": "skip",
    "user": [
      "sagar"
    ],
    "producer": [
      "sagar"
    ],
    "beat_id": 10,
    "metadata": {
      "source": "producer-private-profile",
      "completion_percent": 1
    },
    "created_at": "2026-03-24T08:26:17.056Z"
  }
},
{
  "model": "analytics_app.analyticsevent",
  "pk": 109,
  "fields": {
    "event_type": "play",
    "user": [
      "sagar"
    ],
    "producer": [
      "sagar"
    ],
    "beat_id": 9,
    "metadata": {
      "source": "producer-private-sidebar"
    },
    "created_at": "2026-03-24T08:26:20.617Z"
  }
},
{
  "model": "analytics_app.analyticsevent",
  "pk": 110,
  "fields": {
    "event_type": "skip",
    "user": [
      "sagar"
    ],
    "producer": [
      "sagar"
    ],
    "beat_id": 9,
    "metadata": {
      "source": "producer-private-sidebar",
      "completion_percent": 2
    },
    "created_at": "2026-03-24T08:26:25.325Z"
  }
},
{
  "model": "analytics_app.analyticsevent",
  "pk": 111,
  "fields": {
    "event_type": "play",
    "user": [
      "sagar"
    ],
    "producer": [
      "sagar"
    ],
    "beat_id": 10,
    "metadata": {
      "source": "global-player"
    },
    "created_at": "2026-03-24T08:50:45.668Z"
  }
},
{
  "model": "analytics_app.analyticsevent",
  "pk": 112,
  "fields": {
    "event_type": "skip",
    "user": [
      "sagar"
    ],
    "producer": [
      "sagar"
    ],
    "beat_id": 10,
    "metadata": {
      "source": "global-player",
      "completion_percent": 8
    },
    "created_at": "2026-03-24T08:51:00.443Z"
  }
},
{
  "model": "analytics_app.analyticsevent",
  "pk": 113,
  "fields": {
    "event_type": "play",
    "user": [
      "sagarthapagtasa"
    ],
    "producer": [
      "sagar"
    ],
    "beat_id": 10,
    "metadata": {
      "source": "activity-browse"
    },
    "created_at": "2026-03-24T19:08:31.516Z"
  }
},
{
  "model": "analytics_app.analyticsevent",
  "pk": 114,
  "fields": {
    "event_type": "skip",
    "user": [
      "sagarthapagtasa"
    ],
    "producer": [
      "sagar"
    ],
    "beat_id": 10,
    "metadata": {
      "source": "activity-browse",
      "completion_percent": 14
    },
    "created_at": "2026-03-24T19:08:56.317Z"
  }
},
{
  "model": "analytics_app.analyticsevent",
  "pk": 115,
  "fields": {
    "event_type": "play",
    "user": [
      "sagarthapagtasa"
    ],
    "producer": [
      "lashang"
    ],
    "beat_id": 18,
    "metadata": {
      "source": "activity-browse"
    },
    "created_at": "2026-03-24T19:08:57.274Z"
  }
},
{
  "model": "analytics_app.analyticsevent",
  "pk": 116,
  "fields": {
    "event_type": "play",
    "user": [
      "sagarthapagtasa"
    ],
    "producer": [
      "lashang"
    ],
    "beat_id": 13,
    "metadata": {
      "source": "activity-browse"
    },
    "created_at": "2026-03-24T19:09:55.869Z"
  }
},
{
  "model": "analytics_app.analyticsevent",
  "pk": 117,
  "fields": {
    "event_type": "skip",
    "user": [
      "sagarthapagtasa"
    ],
    "producer": [
      "lashang"
    ],
    "beat_id": 13,
    "metadata": {
      "source": "activity-browse",
      "completion_percent": 35
    },
    "created_at": "2026-03-24T19:10:32.065Z"
  }
},
{
  "model": "analytics_app.analyticsevent",
  "pk": 118,
  "fields": {
    "event_type": "play",
    "user": [
      "sagarthapagtasa"
    ],
    "producer": [
      "lashang"
    ],
    "beat_id": 14,
    "metadata": {
      "source": "global-player"
    },
    "created_at": "2026-03-24T19:10:33.151Z"
  }
},
{
  "model": "analytics_app.analyticsevent",
  "pk": 119,
  "fields": {
    "event_type": "skip",
    "user": [
      "sagarthapagtasa"
    ],
    "producer": [
      "lashang"
    ],
    "beat_id": 14,
    "metadata": {
      "source": "global-player",
      "completion_percent": 14
    },
    "created_at": "2026-03-24T19:10:40.643Z"
  }
},
{
  "model": "analytics_app.analyticsevent",
  "pk": 120,
  "fields": {
    "event_type": "play",
    "user": [
      "sagarthapagtasa"
    ],
    "producer": [
      "lashang"
    ],
    "beat_id": 15,
    "metadata": {
      "source": "global-player"
    },
    "created_at": "2026-03-24T19:10:41.452Z"
  }
},
{
  "model": "analytics_app.analyticsevent",
  "pk": 121,
  "fields": {
    "event_type": "skip",
    "user": [
      "sagarthapagtasa"
    ],
    "producer": [
      "lashang"
    ],
    "beat_id": 15,
    "metadata": {
      "source": "global-player",
      "completion_percent": 42
    },
    "created_at": "2026-03-24T19:11:05.540Z"
  }
},
{
  "model": "analytics_app.analyticsevent",
  "pk": 122,
  "fields": {
    "event_type": "play",
    "user": [
      "sagarthapagtasa"
    ],
    "producer": [
      "sagar"
    ],
    "beat_id": 19,
    "metadata": {
      "source": "global-player"
    },
    "created_at": "2026-03-24T19:11:09.080Z"
  }
},
{
  "model": "analytics_app.analyticsevent",
  "pk": 123,
  "fields": {
    "event_type": "skip",
    "user": [
      "sagarthapagtasa"
    ],
    "producer": [
      "sagar"
    ],
    "beat_id": 19,
    "metadata": {
      "source": "global-player",
      "completion_percent": 33
    },
    "created_at": "2026-03-24T19:11:26.990Z"
  }
},
{
  "model": "analytics_app.analyticsevent",
  "pk": 124,
  "fields": {
    "event_type": "play",
    "user": [
      "sagarthapagtasa"
    ],
    "producer": [
      "lashang"
    ],
    "beat_id": 18,
    "metadata": {
      "source": "beat-detail-hero"
    },
    "created_at": "2026-03-24T19:11:27.770Z"
  }
},
{
  "model": "analytics_app.analyticsevent",
  "pk": 125,
  "fields": {
    "event_type": "skip",
    "user": [
      "sagarthapagtasa"
    ],
    "producer": [
      "lashang"
    ],
    "beat_id": 18,
    "metadata": {
      "source": "beat-detail-hero",
      "completion_percent": 6
    },
    "created_at": "2026-03-24T19:11:32.315Z"
  }
},
{
  "model": "analytics_app.analyticsevent",
  "pk": 126,
  "fields": {
    "event_type": "play",
    "user": [
      "sagarthapagtasa"
    ],
    "producer": [
      "lashang"
    ],
    "beat_id": 13,
    "metadata": {
      "source": "related-tracks"
    },
    "created_at": "2026-03-24T19:11:33.128Z"
  }
},
{
  "model": "analytics_app.analyticsevent",
  "pk": 127,
  "fields": {
    "event_type": "skip",
    "user": [
      "sagarthapagtasa"
    ],
    "producer": [
      "lashang"
    ],
    "beat_id": 13,
    "metadata": {
      "source": "related-tracks",
      "completion_percent": 22
    },
    "created_at": "2026-03-24T19:11:56.659Z"
  }
},
{
  "model": "analytics_app.analyticsevent",
  "pk": 128,
  "fields": {
    "event_type": "play",
    "user": [
      "sagarthapagtasa"
    ],
    "producer": [
      "lashang"
    ],
    "beat_id": 18,
    "metadata": {
      "source": "activity-browse"
    },
    "created_at": "2026-03-24T19:11:57.541Z"
  }
},
{
  "model": "analytics_app.analyticsevent",
  "pk": 129,
  "fields": {
    "event_type": "skip",
    "user": [
      "sagarthapagtasa"
    ],
    "producer": [
      "lashang"
    ],
    "beat_id": 18,
    "metadata": {
      "source": "activity-browse",
      "completion_percent": 10
    },
    "created_at": "2026-03-24T19:12:03.762Z"
  }
},
{
  "model": "analytics_app.analyticsevent",
  "pk": 130,
  "fields": {
    "event_type": "play",
    "user": [
      "sagarthapagtasa"
    ],
    "producer": [
      "lashang"
    ],
    "beat_id": 13,
    "metadata": {
      "source": "activity-browse"
    },
    "created_at": "2026-03-24T19:12:04.615Z"
  }
},
{
  "model": "analytics_app.analyticsevent",
  "pk": 131,
  "fields": {
    "event_type": "skip",
    "user": [
      "sagarthapagtasa"
    ],
    "producer": [
      "lashang"
    ],
    "beat_id": 13,
    "metadata": {
      "source": "activity-browse",
      "completion_percent": 19
    },
    "created_at": "2026-03-24T19:15:54.241Z"
  }
},
{
  "model": "analytics_app.analyticsevent",
  "pk": 132,
  "fields": {
    "event_type": "play",
    "user": [
      "sagar"
    ],
    "producer": [
      "lashang"
    ],
    "beat_id": 18,
    "metadata": {
      "source": "beat-detail-hero"
    },
    "created_at": "2026-03-26T19:00:46.734Z"
  }
},
{
  "model": "analytics_app.analyticsevent",
  "pk": 133,
  "fields": {
    "event_type": "skip",
    "user": [
      "sagar"
    ],
    "producer": [
      "lashang"
    ],
    "beat_id": 18,
    "metadata": {
      "source": "beat-detail-hero",
      "completion_percent": 2
    },
    "created_at": "2026-03-26T19:00:48.323Z"
  }
},
{
  "model": "analytics_app.analyticsevent",
  "pk": 134,
  "fields": {
    "event_type": "play",
    "user": [
      "sagar"
    ],
    "producer": [
      "lashang"
    ],
    "beat_id": 13,
    "metadata": {
      "source": "beat-detail-hero"
    },
    "created_at": "2026-03-26T19:18:06.172Z"
  }
},
{
  "model": "analytics_app.analyticsevent",
  "pk": 135,
  "fields": {
    "event_type": "skip",
    "user": [
      "sagar"
    ],
    "producer": [
      "lashang"
    ],
    "beat_id": 13,
    "metadata": {
      "source": "beat-detail-hero",
      "completion_percent": 9
    },
    "created_at": "2026-03-26T19:18:16.061Z"
  }
},
{
  "model": "analytics_app.analyticsevent",
  "pk": 136,
  "fields": {
    "event_type": "skip",
    "user": [
      "sagar"
    ],
    "producer": [
      "lashang"
    ],
    "beat_id": 13,
    "metadata": {
      "source": "beat-detail-hero",
      "completion_percent": 11
    },
    "created_at": "2026-03-26T19:18:19.346Z"
  }
},
{
  "model": "analytics_app.analyticsevent",
  "pk": 137,
  "fields": {
    "event_type": "play",
    "user": [
      "sagarthapamagar977"
    ],
    "producer": [
      "lashang"
    ],
    "beat_id": 16,
    "metadata": {
      "source": "related-tracks"
    },
    "created_at": "2026-03-26T19:19:58.779Z"
  }
},
{
  "model": "analytics_app.analyticsevent",
  "pk": 138,
  "fields": {
    "event_type": "skip",
    "user": [
      "sagarthapamagar977"
    ],
    "producer": [
      "lashang"
    ],
    "beat_id": 16,
    "metadata": {
      "source": "related-tracks",
      "completion_percent": 9
    },
    "created_at": "2026-03-26T19:20:09.668Z"
  }
},
{
  "model": "analytics_app.analyticsevent",
  "pk": 139,
  "fields": {
    "event_type": "skip",
    "user": [
      "sagarthapamagar977"
    ],
    "producer": [
      "lashang"
    ],
    "beat_id": 16,
    "metadata": {
      "source": "related-tracks",
      "completion_percent": 10
    },
    "created_at": "2026-03-26T19:20:14.054Z"
  }
},
{
  "model": "analytics_app.analyticsevent",
  "pk": 140,
  "fields": {
    "event_type": "play",
    "user": [
      "sagar"
    ],
    "producer": [
      "sagar"
    ],
    "beat_id": 19,
    "metadata": {
      "source": "producer-private-profile"
    },
    "created_at": "2026-03-26T19:32:21.849Z"
  }
},
{
  "model": "analytics_app.analyticsevent",
  "pk": 141,
  "fields": {
    "event_type": "skip",
    "user": [
      "sagar"
    ],
    "producer": [
      "sagar"
    ],
    "beat_id": 19,
    "metadata": {
      "source": "producer-private-profile",
      "completion_percent": 6
    },
    "created_at": "2026-03-26T19:32:26.193Z"
  }
},
{
  "model": "analytics_app.analyticsevent",
  "pk": 142,
  "fields": {
    "event_type": "play",
    "user": [
      "sagar"
    ],
    "producer": [
      "sagar"
    ],
    "beat_id": 9,
    "metadata": {
      "source": "producer-private-profile"
    },
    "created_at": "2026-03-26T19:34:26.909Z"
  }
},
{
  "model": "analytics_app.analyticsevent",
  "pk": 143,
  "fields": {
    "event_type": "skip",
    "user": [
      "sagar"
    ],
    "producer": [
      "sagar"
    ],
    "beat_id": 9,
    "metadata": {
      "source": "producer-private-profile",
      "completion_percent": 1
    },
    "created_at": "2026-03-26T19:34:28.887Z"
  }
},
{
  "model": "analytics_app.analyticsevent",
  "pk": 144,
  "fields": {
    "event_type": "play",
    "user": [
      "sagar"
    ],
    "producer": [
      "sagar"
    ],
    "beat_id": 9,
    "metadata": {
      "source": "listen-later-playlist"
    },
    "created_at": "2026-03-26T19:50:08.151Z"
  }
},
{
  "model": "analytics_app.analyticsevent",
  "pk": 145,
  "fields": {
    "event_type": "skip",
    "user": [
      "sagar"
    ],
    "producer": [
      "sagar"
    ],
    "beat_id": 9,
    "metadata": {
      "source": "listen-later-playlist",
      "completion_percent": 1
    },
    "created_at": "2026-03-26T19:50:09.667Z"
  }
},
{
  "model": "analytics_app.analyticsevent",
  "pk": 146,
  "fields": {
    "event_type": "play",
    "user": [
      "sagar"
    ],
    "producer": [
      "sagar"
    ],
    "beat_id": 11,
    "metadata": {
      "source": "listen-later-playlist"
    },
    "created_at": "2026-03-26T19:50:10.461Z"
  }
},
{
  "model": "analytics_app.analyticsevent",
  "pk": 147,
  "fields": {
    "event_type": "skip",
    "user": [
      "sagar"
    ],
    "producer": [
      "sagar"
    ],
    "beat_id": 11,
    "metadata": {
      "source": "listen-later-playlist",
      "completion_percent": 0
    },
    "created_at": "2026-03-26T19:50:11.898Z"
  }
},
{
  "model": "analytics_app.analyticsevent",
  "pk": 148,
  "fields": {
    "event_type": "play",
    "user": [
      "sagar"
    ],
    "producer": [
      "sagar"
    ],
    "beat_id": 9,
    "metadata": {
      "source": "listen-later-playlist"
    },
    "created_at": "2026-03-26T19:50:12.573Z"
  }
},
{
  "model": "analytics_app.analyticsevent",
  "pk": 149,
  "fields": {
    "event_type": "skip",
    "user": [
      "sagar"
    ],
    "producer": [
      "sagar"
    ],
    "beat_id": 9,
    "metadata": {
      "source": "listen-later-playlist",
      "completion_percent": 1
    },
    "created_at": "2026-03-26T19:50:15.694Z"
  }
},
{
  "model": "analytics_app.analyticsevent",
  "pk": 150,
  "fields": {
    "event_type": "play",
    "user": [
      "sagar"
    ],
    "producer": [
      "sagar"
    ],
    "beat_id": 11,
    "metadata": {
      "source": "producer-private-profile"
    },
    "created_at": "2026-03-26T21:17:46.713Z"
  }
},
{
  "model": "analytics_app.analyticsevent",
  "pk": 151,
  "fields": {
    "event_type": "play",
    "user": [
      "sagar"
    ],
    "producer": [
      "sagar"
    ],
    "beat_id": 19,
    "metadata": {
      "source": "activity-browse"
    },
    "created_at": "2026-03-26T21:43:26.249Z"
  }
},
{
  "model": "analytics_app.analyticsevent",
  "pk": 152,
  "fields": {
    "event_type": "skip",
    "user": [
      "sagar"
    ],
    "producer": [
      "sagar"
    ],
    "beat_id": 19,
    "metadata": {
      "source": "activity-browse",
      "completion_percent": 2
    },
    "created_at": "2026-03-26T21:43:27.730Z"
  }
},
{
  "model": "analytics_app.analyticsevent",
  "pk": 153,
  "fields": {
    "event_type": "play",
    "user": [
      "4093yoge"
    ],
    "producer": [
      "sagar"
    ],
    "beat_id": 6,
    "metadata": {
      "source": "related-tracks"
    },
    "created_at": "2026-03-27T08:28:58.846Z"
  }
},
{
  "model": "analytics_app.analyticsevent",
  "pk": 154,
  "fields": {
    "event_type": "skip",
    "user": [
      "4093yoge"
    ],
    "producer": [
      "sagar"
    ],
    "beat_id": 6,
    "metadata": {
      "source": "related-tracks",
      "completion_percent": 1
    },
    "created_at": "2026-03-27T08:29:01.680Z"
  }
},
{
  "model": "analytics_app.analyticsevent",
  "pk": 155,
  "fields": {
    "event_type": "play",
    "user": [
      "4093yoge"
    ],
    "producer": [
      "lashang"
    ],
    "beat_id": 17,
    "metadata": {
      "source": "beat-detail-hero"
    },
    "created_at": "2026-03-27T08:44:06.399Z"
  }
},
{
  "model": "analytics_app.analyticsevent",
  "pk": 156,
  "fields": {
    "event_type": "skip",
    "user": [
      "4093yoge"
    ],
    "producer": [
      "lashang"
    ],
    "beat_id": 17,
    "metadata": {
      "source": "beat-detail-hero",
      "completion_percent": 2
    },
    "created_at": "2026-03-27T08:44:08.905Z"
  }
},
{
  "model": "analytics_app.analyticsevent",
  "pk": 157,
  "fields": {
    "event_type": "play",
    "user": [
      "freecodex100"
    ],
    "producer": [
      "freecodex100"
    ],
    "beat_id": 20,
    "metadata": {
      "source": "producer-private-profile"
    },
    "created_at": "2026-03-27T08:51:44.802Z"
  }
},
{
  "model": "analytics_app.analyticsevent",
  "pk": 158,
  "fields": {
    "event_type": "skip",
    "user": [
      "freecodex100"
    ],
    "producer": [
      "freecodex100"
    ],
    "beat_id": 20,
    "metadata": {
      "source": "producer-private-profile",
      "completion_percent": 28
    },
    "created_at": "2026-03-27T08:53:02.639Z"
  }
},
{
  "model": "analytics_app.analyticsevent",
  "pk": 159,
  "fields": {
    "event_type": "play",
    "user": [
      "sagar"
    ],
    "producer": [
      "sagar"
    ],
    "beat_id": 19,
    "metadata": {
      "source": "beat-detail-hero"
    },
    "created_at": "2026-03-27T12:00:05.459Z"
  }
},
{
  "model": "analytics_app.analyticsevent",
  "pk": 160,
  "fields": {
    "event_type": "play",
    "user": [
      "sagar"
    ],
    "producer": [
      "sagar"
    ],
    "beat_id": 10,
    "metadata": {
      "source": "related-tracks"
    },
    "created_at": "2026-03-27T12:00:15.246Z"
  }
},
{
  "model": "analytics_app.analyticsevent",
  "pk": 161,
  "fields": {
    "event_type": "skip",
    "user": [
      "sagar"
    ],
    "producer": [
      "sagar"
    ],
    "beat_id": 10,
    "metadata": {
      "source": "related-tracks",
      "completion_percent": 1
    },
    "created_at": "2026-03-27T12:00:17.869Z"
  }
},
{
  "model": "analytics_app.analyticsevent",
  "pk": 162,
  "fields": {
    "event_type": "play",
    "user": [
      "sagar"
    ],
    "producer": [
      "freecodex100"
    ],
    "beat_id": 20,
    "metadata": {
      "source": "related-tracks"
    },
    "created_at": "2026-03-27T12:00:18.780Z"
  }
},
{
  "model": "analytics_app.analyticsevent",
  "pk": 163,
  "fields": {
    "event_type": "play",
    "user": [
      "sagar"
    ],
    "producer": [
      "sagar"
    ],
    "beat_id": 11,
    "metadata": {
      "source": "beat-detail-hero"
    },
    "created_at": "2026-03-27T12:03:34.728Z"
  }
},
{
  "model": "analytics_app.analyticsevent",
  "pk": 164,
  "fields": {
    "event_type": "play",
    "user": [
      "sagar"
    ],
    "producer": [
      "sagar"
    ],
    "beat_id": 11,
    "metadata": {
      "source": "beat-detail-hero"
    },
    "created_at": "2026-03-27T12:03:57.169Z"
  }
},
{
  "model": "analytics_app.analyticsevent",
  "pk": 165,
  "fields": {
    "event_type": "play",
    "user": [
      "sagar"
    ],
    "producer": [
      "lashang"
    ],
    "beat_id": 18,
    "metadata": {
      "source": "activity-browse"
    },
    "created_at": "2026-03-27T12:04:46.979Z"
  }
},
{
  "model": "analytics_app.analyticsevent",
  "pk": 166,
  "fields": {
    "event_type": "play",
    "user": [
      "sagar"
    ],
    "producer": [
      "sagar"
    ],
    "beat_id": 10,
    "metadata": {
      "source": "beat-detail-hero"
    },
    "created_at": "2026-03-27T12:14:39.879Z"
  }
},
{
  "model": "analytics_app.analyticsevent",
  "pk": 167,
  "fields": {
    "event_type": "skip",
    "user": [
      "sagar"
    ],
    "producer": [
      "sagar"
    ],
    "beat_id": 10,
    "metadata": {
      "source": "beat-detail-hero",
      "completion_percent": 1
    },
    "created_at": "2026-03-27T12:14:42.086Z"
  }
},
{
  "model": "analytics_app.analyticsevent",
  "pk": 168,
  "fields": {
    "event_type": "play",
    "user": [
      "sagar"
    ],
    "producer": [
      "lashang"
    ],
    "beat_id": 13,
    "metadata": {
      "source": "audio-assets"
    },
    "created_at": "2026-03-27T15:32:06.727Z"
  }
},
{
  "model": "analytics_app.analyticsevent",
  "pk": 169,
  "fields": {
    "event_type": "skip",
    "user": [
      "sagar"
    ],
    "producer": [
      "lashang"
    ],
    "beat_id": 13,
    "metadata": {
      "source": "audio-assets",
      "completion_percent": 7
    },
    "created_at": "2026-03-27T15:32:14.807Z"
  }
},
{
  "model": "analytics_app.analyticsevent",
  "pk": 170,
  "fields": {
    "event_type": "play",
    "user": [
      "sagar"
    ],
    "producer": [
      "sagar"
    ],
    "beat_id": 19,
    "metadata": {
      "source": "audio-assets"
    },
    "created_at": "2026-03-27T15:32:16.171Z"
  }
},
{
  "model": "analytics_app.analyticsevent",
  "pk": 171,
  "fields": {
    "event_type": "skip",
    "user": [
      "sagar"
    ],
    "producer": [
      "sagar"
    ],
    "beat_id": 19,
    "metadata": {
      "source": "audio-assets",
      "completion_percent": 39
    },
    "created_at": "2026-03-27T15:32:38.204Z"
  }
},
{
  "model": "analytics_app.analyticsevent",
  "pk": 172,
  "fields": {
    "event_type": "play",
    "user": [
      "sagar"
    ],
    "producer": [
      "lashang"
    ],
    "beat_id": 13,
    "metadata": {
      "source": "beat-detail-hero"
    },
    "created_at": "2026-03-27T15:32:45.940Z"
  }
},
{
  "model": "analytics_app.analyticsevent",
  "pk": 173,
  "fields": {
    "event_type": "play",
    "user": [
      "sagarthapamagar977"
    ],
    "producer": [
      "freecodex100"
    ],
    "beat_id": 20,
    "metadata": {
      "source": "activity-browse"
    },
    "created_at": "2026-03-27T15:32:58.559Z"
  }
},
{
  "model": "analytics_app.analyticsevent",
  "pk": 174,
  "fields": {
    "event_type": "skip",
    "user": [
      "sagarthapamagar977"
    ],
    "producer": [
      "freecodex100"
    ],
    "beat_id": 20,
    "metadata": {
      "source": "activity-browse",
      "completion_percent": 2
    },
    "created_at": "2026-03-27T15:33:05.067Z"
  }
},
{
  "model": "analytics_app.analyticsevent",
  "pk": 175,
  "fields": {
    "event_type": "skip",
    "user": [
      "sagar"
    ],
    "producer": [
      "lashang"
    ],
    "beat_id": 13,
    "metadata": {
      "source": "beat-detail-hero",
      "completion_percent": 24
    },
    "created_at": "2026-03-27T15:33:12.823Z"
  }
},
{
  "model": "analytics_app.analyticsevent",
  "pk": 176,
  "fields": {
    "event_type": "skip",
    "user": [
      "sagar"
    ],
    "producer": [
      "lashang"
    ],
    "beat_id": 13,
    "metadata": {
      "source": "beat-detail-hero",
      "completion_percent": 26
    },
    "created_at": "2026-03-27T15:33:15.219Z"
  }
},
{
  "model": "analytics_app.analyticsevent",
  "pk": 177,
  "fields": {
    "event_type": "play",
    "user": [
      "sagar"
    ],
    "producer": [
      "lashang"
    ],
    "beat_id": 13,
    "metadata": {
      "source": "audio-assets"
    },
    "created_at": "2026-03-27T15:33:25.148Z"
  }
},
{
  "model": "analytics_app.analyticsevent",
  "pk": 178,
  "fields": {
    "event_type": "skip",
    "user": [
      "sagar"
    ],
    "producer": [
      "lashang"
    ],
    "beat_id": 13,
    "metadata": {
      "source": "audio-assets",
      "completion_percent": 26
    },
    "created_at": "2026-03-27T15:33:53.291Z"
  }
},
{
  "model": "analytics_app.analyticsevent",
  "pk": 179,
  "fields": {
    "event_type": "play",
    "user": [
      "sagar"
    ],
    "producer": [
      "sagar"
    ],
    "beat_id": 19,
    "metadata": {
      "source": "audio-assets"
    },
    "created_at": "2026-03-27T15:33:54.736Z"
  }
},
{
  "model": "analytics_app.analyticsevent",
  "pk": 180,
  "fields": {
    "event_type": "skip",
    "user": [
      "sagar"
    ],
    "producer": [
      "sagar"
    ],
    "beat_id": 19,
    "metadata": {
      "source": "audio-assets",
      "completion_percent": 4
    },
    "created_at": "2026-03-27T15:33:57.000Z"
  }
},
{
  "model": "analytics_app.analyticsevent",
  "pk": 181,
  "fields": {
    "event_type": "play",
    "user": [
      "sagar"
    ],
    "producer": [
      "sagar"
    ],
    "beat_id": 19,
    "metadata": {
      "source": "producer-private-profile"
    },
    "created_at": "2026-03-27T16:43:07.548Z"
  }
},
{
  "model": "analytics_app.analyticsevent",
  "pk": 182,
  "fields": {
    "event_type": "play",
    "user": [
      "sagar"
    ],
    "producer": [
      "sagar"
    ],
    "beat_id": 19,
    "metadata": {
      "source": "activity-browse"
    },
    "created_at": "2026-03-27T16:51:05.727Z"
  }
},
{
  "model": "analytics_app.analyticsevent",
  "pk": 183,
  "fields": {
    "event_type": "skip",
    "user": [
      "sagar"
    ],
    "producer": [
      "sagar"
    ],
    "beat_id": 19,
    "metadata": {
      "source": "activity-browse",
      "completion_percent": 2
    },
    "created_at": "2026-03-27T16:51:08.055Z"
  }
},
{
  "model": "analytics_app.analyticsevent",
  "pk": 184,
  "fields": {
    "event_type": "play",
    "user": [
      "sagar"
    ],
    "producer": [
      "sagar"
    ],
    "beat_id": 10,
    "metadata": {
      "source": "producer-private-profile"
    },
    "created_at": "2026-03-27T16:52:27.485Z"
  }
},
{
  "model": "analytics_app.analyticsevent",
  "pk": 185,
  "fields": {
    "event_type": "skip",
    "user": [
      "sagar"
    ],
    "producer": [
      "sagar"
    ],
    "beat_id": 10,
    "metadata": {
      "source": "producer-private-profile",
      "completion_percent": 4
    },
    "created_at": "2026-03-27T16:52:34.183Z"
  }
},
{
  "model": "analytics_app.analyticsevent",
  "pk": 186,
  "fields": {
    "event_type": "play",
    "user": [
      "sagar"
    ],
    "producer": [
      "lashang"
    ],
    "beat_id": 13,
    "metadata": {
      "source": "activity-browse"
    },
    "created_at": "2026-03-27T17:06:13.037Z"
  }
},
{
  "model": "analytics_app.analyticsevent",
  "pk": 187,
  "fields": {
    "event_type": "skip",
    "user": [
      "sagar"
    ],
    "producer": [
      "lashang"
    ],
    "beat_id": 13,
    "metadata": {
      "source": "activity-browse",
      "completion_percent": 2
    },
    "created_at": "2026-03-27T17:06:15.409Z"
  }
},
{
  "model": "analytics_app.analyticsevent",
  "pk": 188,
  "fields": {
    "event_type": "play",
    "user": [
      "sagar"
    ],
    "producer": [
      "sagar"
    ],
    "beat_id": 19,
    "metadata": {
      "source": "activity-browse"
    },
    "created_at": "2026-03-27T17:06:16.292Z"
  }
},
{
  "model": "analytics_app.analyticsevent",
  "pk": 189,
  "fields": {
    "event_type": "skip",
    "user": [
      "sagar"
    ],
    "producer": [
      "sagar"
    ],
    "beat_id": 19,
    "metadata": {
      "source": "activity-browse",
      "completion_percent": 2
    },
    "created_at": "2026-03-27T17:06:17.766Z"
  }
},
{
  "model": "analytics_app.analyticsevent",
  "pk": 190,
  "fields": {
    "event_type": "play",
    "user": [
      "sagar"
    ],
    "producer": [
      "lashang"
    ],
    "beat_id": 18,
    "metadata": {
      "source": "activity-browse"
    },
    "created_at": "2026-03-27T17:06:18.681Z"
  }
},
{
  "model": "analytics_app.analyticsevent",
  "pk": 191,
  "fields": {
    "event_type": "skip",
    "user": [
      "sagar"
    ],
    "producer": [
      "lashang"
    ],
    "beat_id": 18,
    "metadata": {
      "source": "activity-browse",
      "completion_percent": 6
    },
    "created_at": "2026-03-27T17:06:22.985Z"
  }
},
{
  "model": "analytics_app.analyticsevent",
  "pk": 192,
  "fields": {
    "event_type": "play",
    "user": [
      "sagar"
    ],
    "producer": [
      "lashang"
    ],
    "beat_id": 17,
    "metadata": {
      "source": "activity-browse"
    },
    "created_at": "2026-03-27T17:06:23.842Z"
  }
},
{
  "model": "analytics_app.analyticsevent",
  "pk": 193,
  "fields": {
    "event_type": "skip",
    "user": [
      "sagar"
    ],
    "producer": [
      "lashang"
    ],
    "beat_id": 17,
    "metadata": {
      "source": "activity-browse",
      "completion_percent": 2
    },
    "created_at": "2026-03-27T17:06:27.723Z"
  }
},
{
  "model": "analytics_app.analyticsevent",
  "pk": 194,
  "fields": {
    "event_type": "play",
    "user": [
      "sagar"
    ],
    "producer": [
      "lashang"
    ],
    "beat_id": 18,
    "metadata": {
      "source": "activity-browse"
    },
    "created_at": "2026-03-27T17:06:36.098Z"
  }
},
{
  "model": "analytics_app.analyticsevent",
  "pk": 195,
  "fields": {
    "event_type": "skip",
    "user": [
      "sagar"
    ],
    "producer": [
      "lashang"
    ],
    "beat_id": 18,
    "metadata": {
      "source": "activity-browse",
      "completion_percent": 5
    },
    "created_at": "2026-03-27T17:06:39.688Z"
  }
},
{
  "model": "analytics_app.analyticsevent",
  "pk": 196,
  "fields": {
    "event_type": "play",
    "user": [
      "sagar"
    ],
    "producer": [
      "lashang"
    ],
    "beat_id": 18,
    "metadata": {
      "source": "global-player"
    },
    "created_at": "2026-03-27T17:06:52.631Z"
  }
},
{
  "model": "analytics_app.analyticsevent",
  "pk": 197,
  "fields": {
    "event_type": "skip",
    "user": [
      "sagar"
    ],
    "producer": [
      "lashang"
    ],
    "beat_id": 18,
    "metadata": {
      "source": "global-player",
      "completion_percent": 3
    },
    "created_at": "2026-03-27T17:06:55.682Z"
  }
},
{
  "model": "analytics_app.analyticsevent",
  "pk": 198,
  "fields": {
    "event_type": "play",
    "user": [
      "sagar"
    ],
    "producer": [
      "sagar"
    ],
    "beat_id": 19,
    "metadata": {
      "source": "playlist-1"
    },
    "created_at": "2026-03-27T17:09:24.711Z"
  }
},
{
  "model": "analytics_app.analyticsevent",
  "pk": 199,
  "fields": {
    "event_type": "play",
    "user": [
      "sagar"
    ],
    "producer": [
      "sagar"
    ],
    "beat_id": 10,
    "metadata": {
      "source": "producer-private-profile"
    },
    "created_at": "2026-03-27T18:01:29.070Z"
  }
},
{
  "model": "analytics_app.analyticsevent",
  "pk": 200,
  "fields": {
    "event_type": "play",
    "user": [
      "sagar"
    ],
    "producer": [
      "lashang"
    ],
    "beat_id": 18,
    "metadata": {
      "source": "beat-detail-hero"
    },
    "created_at": "2026-03-27T19:00:52.141Z"
  }
},
{
  "model": "analytics_app.analyticsevent",
  "pk": 201,
  "fields": {
    "event_type": "play",
    "user": [
      "sagar"
    ],
    "producer": [
      "lashang"
    ],
    "beat_id": 17,
    "metadata": {
      "source": "beat-detail-hero"
    },
    "created_at": "2026-03-27T19:01:56.484Z"
  }
},
{
  "model": "analytics_app.analyticsevent",
  "pk": 202,
  "fields": {
    "event_type": "play",
    "user": [
      "sagarthapagtasa"
    ],
    "producer": [
      "freecodex100"
    ],
    "beat_id": 20,
    "metadata": {
      "source": "beat-detail-hero"
    },
    "created_at": "2026-03-27T20:55:37.636Z"
  }
},
{
  "model": "analytics_app.analyticsevent",
  "pk": 203,
  "fields": {
    "event_type": "skip",
    "user": [
      "sagarthapagtasa"
    ],
    "producer": [
      "freecodex100"
    ],
    "beat_id": 20,
    "metadata": {
      "source": "beat-detail-hero",
      "completion_percent": 62
    },
    "created_at": "2026-03-27T20:58:28.807Z"
  }
},
{
  "model": "analytics_app.analyticsevent",
  "pk": 204,
  "fields": {
    "event_type": "skip",
    "user": [
      "sagarthapagtasa"
    ],
    "producer": [
      "freecodex100"
    ],
    "beat_id": 20,
    "metadata": {
      "source": "beat-detail-hero",
      "completion_percent": 62
    },
    "created_at": "2026-03-27T20:58:33.461Z"
  }
},
{
  "model": "analytics_app.analyticsevent",
  "pk": 205,
  "fields": {
    "event_type": "play",
    "user": [
      "sagarthapagtasa"
    ],
    "producer": [
      "lashang"
    ],
    "beat_id": 18,
    "metadata": {
      "source": "related-tracks"
    },
    "created_at": "2026-03-27T21:06:10.475Z"
  }
},
{
  "model": "analytics_app.analyticsevent",
  "pk": 206,
  "fields": {
    "event_type": "play",
    "user": [
      "sagarthapagtasa"
    ],
    "producer": [
      "sagar"
    ],
    "beat_id": 11,
    "metadata": {
      "source": "global-player"
    },
    "created_at": "2026-03-28T03:00:41.035Z"
  }
},
{
  "model": "analytics_app.analyticsevent",
  "pk": 207,
  "fields": {
    "event_type": "skip",
    "user": [
      "sagarthapagtasa"
    ],
    "producer": [
      "sagar"
    ],
    "beat_id": 11,
    "metadata": {
      "source": "global-player",
      "completion_percent": 0
    },
    "created_at": "2026-03-28T03:00:42.989Z"
  }
},
{
  "model": "analytics_app.analyticsevent",
  "pk": 208,
  "fields": {
    "event_type": "play",
    "user": [
      "sagar"
    ],
    "producer": [
      "lashang"
    ],
    "beat_id": 17,
    "metadata": {
      "source": "beat-detail-hero"
    },
    "created_at": "2026-03-28T06:10:53.498Z"
  }
},
{
  "model": "analytics_app.analyticsevent",
  "pk": 209,
  "fields": {
    "event_type": "skip",
    "user": [
      "sagar"
    ],
    "producer": [
      "lashang"
    ],
    "beat_id": 17,
    "metadata": {
      "source": "beat-detail-hero",
      "completion_percent": 1
    },
    "created_at": "2026-03-28T06:10:54.669Z"
  }
},
{
  "model": "analytics_app.listeninghistory",
  "pk": 3,
  "fields": {
    "user": [
      "sagar"
    ],
    "beat": 6,
    "play_count": 7,
    "last_played_at": "2026-03-23T12:16:43.940Z"
  }
},
{
  "model": "analytics_app.listeninghistory",
  "pk": 4,
  "fields": {
    "user": [
      "sagar"
    ],
    "beat": 9,
    "play_count": 11,
    "last_played_at": "2026-03-26T19:50:12.469Z"
  }
},
{
  "model": "analytics_app.listeninghistory",
  "pk": 5,
  "fields": {
    "user": [
      "sagar"
    ],
    "beat": 10,
    "play_count": 14,
    "last_played_at": "2026-03-27T18:01:28.986Z"
  }
},
{
  "model": "analytics_app.listeninghistory",
  "pk": 6,
  "fields": {
    "user": [
      "sagar"
    ],
    "beat": 11,
    "play_count": 20,
    "last_played_at": "2026-03-27T12:03:57.084Z"
  }
},
{
  "model": "analytics_app.listeninghistory",
  "pk": 7,
  "fields": {
    "user": [
      "sagar"
    ],
    "beat": 17,
    "play_count": 6,
    "last_played_at": "2026-03-28T06:10:53.315Z"
  }
},
{
  "model": "analytics_app.listeninghistory",
  "pk": 8,
  "fields": {
    "user": [
      "sagar"
    ],
    "beat": 14,
    "play_count": 2,
    "last_played_at": "2026-03-23T12:16:31.822Z"
  }
},
{
  "model": "analytics_app.listeninghistory",
  "pk": 9,
  "fields": {
    "user": [
      "sagar"
    ],
    "beat": 16,
    "play_count": 3,
    "last_played_at": "2026-03-24T07:02:50.614Z"
  }
},
{
  "model": "analytics_app.listeninghistory",
  "pk": 10,
  "fields": {
    "user": [
      "sagar"
    ],
    "beat": 12,
    "play_count": 3,
    "last_played_at": "2026-03-20T17:12:16.806Z"
  }
},
{
  "model": "analytics_app.listeninghistory",
  "pk": 11,
  "fields": {
    "user": [
      "sagar"
    ],
    "beat": 18,
    "play_count": 13,
    "last_played_at": "2026-03-27T19:00:51.914Z"
  }
},
{
  "model": "analytics_app.listeninghistory",
  "pk": 12,
  "fields": {
    "user": [
      "sagar"
    ],
    "beat": 19,
    "play_count": 17,
    "last_played_at": "2026-03-27T17:09:24.627Z"
  }
},
{
  "model": "analytics_app.listeninghistory",
  "pk": 13,
  "fields": {
    "user": [
      "sagarthapamagar977"
    ],
    "beat": 17,
    "play_count": 1,
    "last_played_at": "2026-03-22T23:44:59.879Z"
  }
},
{
  "model": "analytics_app.listeninghistory",
  "pk": 14,
  "fields": {
    "user": [
      "realog977"
    ],
    "beat": 18,
    "play_count": 1,
    "last_played_at": "2026-03-22T23:45:49.038Z"
  }
},
{
  "model": "analytics_app.listeninghistory",
  "pk": 15,
  "fields": {
    "user": [
      "realog977"
    ],
    "beat": 17,
    "play_count": 1,
    "last_played_at": "2026-03-22T23:59:55.031Z"
  }
},
{
  "model": "analytics_app.listeninghistory",
  "pk": 16,
  "fields": {
    "user": [
      "sagarthapamagar977"
    ],
    "beat": 13,
    "play_count": 1,
    "last_played_at": "2026-03-23T18:01:01.740Z"
  }
},
{
  "model": "analytics_app.listeninghistory",
  "pk": 17,
  "fields": {
    "user": [
      "sagarthapagtasa"
    ],
    "beat": 17,
    "play_count": 2,
    "last_played_at": "2026-03-23T18:12:59.916Z"
  }
},
{
  "model": "analytics_app.listeninghistory",
  "pk": 18,
  "fields": {
    "user": [
      "sagarthapagtasa"
    ],
    "beat": 16,
    "play_count": 1,
    "last_played_at": "2026-03-23T18:13:03.495Z"
  }
},
{
  "model": "analytics_app.listeninghistory",
  "pk": 19,
  "fields": {
    "user": [
      "sagarthapagtasa"
    ],
    "beat": 18,
    "play_count": 5,
    "last_played_at": "2026-03-27T21:06:10.362Z"
  }
},
{
  "model": "analytics_app.listeninghistory",
  "pk": 20,
  "fields": {
    "user": [
      "lafasworld"
    ],
    "beat": 14,
    "play_count": 1,
    "last_played_at": "2026-03-23T19:07:34.557Z"
  }
},
{
  "model": "analytics_app.listeninghistory",
  "pk": 21,
  "fields": {
    "user": [
      "sagarthapagtasa"
    ],
    "beat": 10,
    "play_count": 1,
    "last_played_at": "2026-03-24T19:08:31.427Z"
  }
},
{
  "model": "analytics_app.listeninghistory",
  "pk": 22,
  "fields": {
    "user": [
      "sagarthapagtasa"
    ],
    "beat": 13,
    "play_count": 3,
    "last_played_at": "2026-03-24T19:12:04.529Z"
  }
},
{
  "model": "analytics_app.listeninghistory",
  "pk": 23,
  "fields": {
    "user": [
      "sagarthapagtasa"
    ],
    "beat": 14,
    "play_count": 1,
    "last_played_at": "2026-03-24T19:10:33.066Z"
  }
},
{
  "model": "analytics_app.listeninghistory",
  "pk": 24,
  "fields": {
    "user": [
      "sagarthapagtasa"
    ],
    "beat": 15,
    "play_count": 1,
    "last_played_at": "2026-03-24T19:10:41.365Z"
  }
},
{
  "model": "analytics_app.listeninghistory",
  "pk": 25,
  "fields": {
    "user": [
      "sagarthapagtasa"
    ],
    "beat": 19,
    "play_count": 1,
    "last_played_at": "2026-03-24T19:11:08.985Z"
  }
},
{
  "model": "analytics_app.listeninghistory",
  "pk": 26,
  "fields": {
    "user": [
      "sagar"
    ],
    "beat": 13,
    "play_count": 5,
    "last_played_at": "2026-03-27T17:06:12.957Z"
  }
},
{
  "model": "analytics_app.listeninghistory",
  "pk": 27,
  "fields": {
    "user": [
      "sagarthapamagar977"
    ],
    "beat": 16,
    "play_count": 1,
    "last_played_at": "2026-03-26T19:19:58.593Z"
  }
},
{
  "model": "analytics_app.listeninghistory",
  "pk": 28,
  "fields": {
    "user": [
      "4093yoge"
    ],
    "beat": 6,
    "play_count": 1,
    "last_played_at": "2026-03-27T08:28:58.771Z"
  }
},
{
  "model": "analytics_app.listeninghistory",
  "pk": 29,
  "fields": {
    "user": [
      "4093yoge"
    ],
    "beat": 17,
    "play_count": 1,
    "last_played_at": "2026-03-27T08:44:06.318Z"
  }
},
{
  "model": "analytics_app.listeninghistory",
  "pk": 30,
  "fields": {
    "user": [
      "freecodex100"
    ],
    "beat": 20,
    "play_count": 1,
    "last_played_at": "2026-03-27T08:51:44.581Z"
  }
},
{
  "model": "analytics_app.listeninghistory",
  "pk": 31,
  "fields": {
    "user": [
      "sagar"
    ],
    "beat": 20,
    "play_count": 1,
    "last_played_at": "2026-03-27T12:00:18.694Z"
  }
},
{
  "model": "analytics_app.listeninghistory",
  "pk": 32,
  "fields": {
    "user": [
      "sagarthapamagar977"
    ],
    "beat": 20,
    "play_count": 1,
    "last_played_at": "2026-03-27T15:32:58.460Z"
  }
},
{
  "model": "analytics_app.listeninghistory",
  "pk": 33,
  "fields": {
    "user": [
      "sagarthapagtasa"
    ],
    "beat": 20,
    "play_count": 1,
    "last_played_at": "2026-03-27T20:55:37.562Z"
  }
},
{
  "model": "analytics_app.listeninghistory",
  "pk": 34,
  "fields": {
    "user": [
      "sagarthapagtasa"
    ],
    "beat": 11,
    "play_count": 1,
    "last_played_at": "2026-03-28T03:00:40.950Z"
  }
},
{
  "model": "analytics_app.listeningsession",
  "pk": 1,
  "fields": {
    "user": [
      "sagar"
    ],
    "beat": 9,
    "source": "beat-detail-hero",
    "started_at": "2026-03-23T07:28:33.950Z",
    "last_event_at": "2026-03-23T07:28:38.889Z",
    "listened_seconds": 4,
    "duration_seconds": 162,
    "completion_percent": 2,
    "is_completed": false,
    "is_skipped": true,
    "end_reason": "pause"
  }
},
{
  "model": "analytics_app.listeningsession",
  "pk": 2,
  "fields": {
    "user": [
      "sagar"
    ],
    "beat": 9,
    "source": "beat-detail-hero",
    "started_at": "2026-03-23T12:12:45.994Z",
    "last_event_at": "2026-03-23T12:12:49.823Z",
    "listened_seconds": 3,
    "duration_seconds": 162,
    "completion_percent": 2,
    "is_completed": false,
    "is_skipped": true,
    "end_reason": "switch"
  }
},
{
  "model": "analytics_app.listeningsession",
  "pk": 3,
  "fields": {
    "user": [
      "sagar"
    ],
    "beat": 11,
    "source": "related-tracks",
    "started_at": "2026-03-23T12:12:50.602Z",
    "last_event_at": "2026-03-23T12:13:01.621Z",
    "listened_seconds": 10,
    "duration_seconds": 291,
    "completion_percent": 3,
    "is_completed": false,
    "is_skipped": true,
    "end_reason": "pause"
  }
},
{
  "model": "analytics_app.listeningsession",
  "pk": 4,
  "fields": {
    "user": [
      "sagar"
    ],
    "beat": 6,
    "source": "beat-detail-hero",
    "started_at": "2026-03-23T12:16:25.203Z",
    "last_event_at": "2026-03-23T12:16:30.807Z",
    "listened_seconds": 5,
    "duration_seconds": 162,
    "completion_percent": 3,
    "is_completed": false,
    "is_skipped": true,
    "end_reason": "switch"
  }
},
{
  "model": "analytics_app.listeningsession",
  "pk": 5,
  "fields": {
    "user": [
      "sagar"
    ],
    "beat": 14,
    "source": "related-tracks",
    "started_at": "2026-03-23T12:16:31.638Z",
    "last_event_at": "2026-03-23T12:16:42.937Z",
    "listened_seconds": 10,
    "duration_seconds": 49,
    "completion_percent": 20,
    "is_completed": false,
    "is_skipped": true,
    "end_reason": "switch"
  }
},
{
  "model": "analytics_app.listeningsession",
  "pk": 6,
  "fields": {
    "user": [
      "sagar"
    ],
    "beat": 6,
    "source": "related-tracks",
    "started_at": "2026-03-23T12:16:43.758Z",
    "last_event_at": "2026-03-23T12:16:43.758Z",
    "listened_seconds": 0,
    "duration_seconds": 0,
    "completion_percent": 0,
    "is_completed": false,
    "is_skipped": false,
    "end_reason": "unknown"
  }
},
{
  "model": "analytics_app.listeningsession",
  "pk": 7,
  "fields": {
    "user": [
      "sagar"
    ],
    "beat": 19,
    "source": "global-player",
    "started_at": "2026-03-23T13:16:06.678Z",
    "last_event_at": "2026-03-23T13:16:08.246Z",
    "listened_seconds": 1,
    "duration_seconds": 54,
    "completion_percent": 2,
    "is_completed": false,
    "is_skipped": true,
    "end_reason": "pause"
  }
},
{
  "model": "analytics_app.listeningsession",
  "pk": 8,
  "fields": {
    "user": [
      "sagar"
    ],
    "beat": 14,
    "source": "beat-detail-hero",
    "started_at": "2026-03-23T13:22:54.652Z",
    "last_event_at": "2026-03-23T13:23:44.216Z",
    "listened_seconds": 49,
    "duration_seconds": 49,
    "completion_percent": 100,
    "is_completed": true,
    "is_skipped": false,
    "end_reason": "ended"
  }
},
{
  "model": "analytics_app.listeningsession",
  "pk": 9,
  "fields": {
    "user": [
      "sagar"
    ],
    "beat": 18,
    "source": "beat-detail-hero",
    "started_at": "2026-03-23T13:23:47.585Z",
    "last_event_at": "2026-03-23T13:24:07.355Z",
    "listened_seconds": 19,
    "duration_seconds": 62,
    "completion_percent": 31,
    "is_completed": false,
    "is_skipped": true,
    "end_reason": "pause"
  }
},
{
  "model": "analytics_app.listeningsession",
  "pk": 10,
  "fields": {
    "user": [
      "sagar"
    ],
    "beat": 18,
    "source": "beat-detail-hero",
    "started_at": "2026-03-23T13:24:09.180Z",
    "last_event_at": "2026-03-23T13:24:19.045Z",
    "listened_seconds": 30,
    "duration_seconds": 62,
    "completion_percent": 48,
    "is_completed": false,
    "is_skipped": true,
    "end_reason": "pause"
  }
},
{
  "model": "analytics_app.listeningsession",
  "pk": 11,
  "fields": {
    "user": [
      "sagar"
    ],
    "beat": 18,
    "source": "global-player",
    "started_at": "2026-03-23T14:18:06.184Z",
    "last_event_at": "2026-03-23T14:18:07.667Z",
    "listened_seconds": 1,
    "duration_seconds": 62,
    "completion_percent": 2,
    "is_completed": false,
    "is_skipped": true,
    "end_reason": "pause"
  }
},
{
  "model": "analytics_app.listeningsession",
  "pk": 12,
  "fields": {
    "user": [
      "sagar"
    ],
    "beat": 17,
    "source": "beat-detail-hero",
    "started_at": "2026-03-23T15:06:55.405Z",
    "last_event_at": "2026-03-23T15:06:56.172Z",
    "listened_seconds": 0,
    "duration_seconds": 121,
    "completion_percent": 0,
    "is_completed": false,
    "is_skipped": false,
    "end_reason": "pause"
  }
},
{
  "model": "analytics_app.listeningsession",
  "pk": 13,
  "fields": {
    "user": [
      "sagar"
    ],
    "beat": 18,
    "source": "beat-detail-hero",
    "started_at": "2026-03-23T15:51:53.497Z",
    "last_event_at": "2026-03-23T15:51:57.685Z",
    "listened_seconds": 3,
    "duration_seconds": 62,
    "completion_percent": 5,
    "is_completed": false,
    "is_skipped": true,
    "end_reason": "pause"
  }
},
{
  "model": "analytics_app.listeningsession",
  "pk": 14,
  "fields": {
    "user": [
      "sagar"
    ],
    "beat": 18,
    "source": "beat-detail-hero",
    "started_at": "2026-03-23T15:54:11.069Z",
    "last_event_at": "2026-03-23T15:54:19.368Z",
    "listened_seconds": 8,
    "duration_seconds": 62,
    "completion_percent": 13,
    "is_completed": false,
    "is_skipped": true,
    "end_reason": "pause"
  }
},
{
  "model": "analytics_app.listeningsession",
  "pk": 15,
  "fields": {
    "user": [
      "sagarthapamagar977"
    ],
    "beat": 13,
    "source": "beat-detail-hero",
    "started_at": "2026-03-23T18:01:01.434Z",
    "last_event_at": "2026-03-23T18:01:22.787Z",
    "listened_seconds": 21,
    "duration_seconds": 103,
    "completion_percent": 20,
    "is_completed": false,
    "is_skipped": true,
    "end_reason": "pause"
  }
},
{
  "model": "analytics_app.listeningsession",
  "pk": 16,
  "fields": {
    "user": [
      "sagarthapagtasa"
    ],
    "beat": 17,
    "source": "beat-detail-hero",
    "started_at": "2026-03-23T18:03:30.001Z",
    "last_event_at": "2026-03-23T18:05:32.128Z",
    "listened_seconds": 121,
    "duration_seconds": 121,
    "completion_percent": 100,
    "is_completed": true,
    "is_skipped": false,
    "end_reason": "ended"
  }
},
{
  "model": "analytics_app.listeningsession",
  "pk": 17,
  "fields": {
    "user": [
      "sagarthapagtasa"
    ],
    "beat": 17,
    "source": "related-tracks",
    "started_at": "2026-03-23T18:12:59.721Z",
    "last_event_at": "2026-03-23T18:13:02.401Z",
    "listened_seconds": 2,
    "duration_seconds": 121,
    "completion_percent": 2,
    "is_completed": false,
    "is_skipped": true,
    "end_reason": "switch"
  }
},
{
  "model": "analytics_app.listeningsession",
  "pk": 18,
  "fields": {
    "user": [
      "sagarthapagtasa"
    ],
    "beat": 16,
    "source": "related-tracks",
    "started_at": "2026-03-23T18:13:03.197Z",
    "last_event_at": "2026-03-23T18:13:17.777Z",
    "listened_seconds": 14,
    "duration_seconds": 115,
    "completion_percent": 12,
    "is_completed": false,
    "is_skipped": true,
    "end_reason": "pause"
  }
},
{
  "model": "analytics_app.listeningsession",
  "pk": 19,
  "fields": {
    "user": [
      "sagarthapagtasa"
    ],
    "beat": 18,
    "source": "beat-detail-hero",
    "started_at": "2026-03-23T18:13:50.517Z",
    "last_event_at": "2026-03-23T18:14:25.733Z",
    "listened_seconds": 34,
    "duration_seconds": 62,
    "completion_percent": 55,
    "is_completed": false,
    "is_skipped": true,
    "end_reason": "pause"
  }
},
{
  "model": "analytics_app.listeningsession",
  "pk": 20,
  "fields": {
    "user": [
      "lafasworld"
    ],
    "beat": 14,
    "source": "related-tracks",
    "started_at": "2026-03-23T19:07:34.295Z",
    "last_event_at": "2026-03-23T19:07:35.577Z",
    "listened_seconds": 0,
    "duration_seconds": 49,
    "completion_percent": 0,
    "is_completed": false,
    "is_skipped": false,
    "end_reason": "pause"
  }
},
{
  "model": "analytics_app.listeningsession",
  "pk": 21,
  "fields": {
    "user": [
      "sagar"
    ],
    "beat": 10,
    "source": "producer-private-profile",
    "started_at": "2026-03-23T21:09:29.169Z",
    "last_event_at": "2026-03-23T21:09:31.528Z",
    "listened_seconds": 2,
    "duration_seconds": 167,
    "completion_percent": 1,
    "is_completed": false,
    "is_skipped": true,
    "end_reason": "pause"
  }
},
{
  "model": "analytics_app.listeningsession",
  "pk": 22,
  "fields": {
    "user": [
      "sagar"
    ],
    "beat": 19,
    "source": "producer-private-sidebar",
    "started_at": "2026-03-24T06:27:27.578Z",
    "last_event_at": "2026-03-24T06:27:29.110Z",
    "listened_seconds": 1,
    "duration_seconds": 54,
    "completion_percent": 2,
    "is_completed": false,
    "is_skipped": true,
    "end_reason": "pause"
  }
},
{
  "model": "analytics_app.listeningsession",
  "pk": 23,
  "fields": {
    "user": [
      "sagar"
    ],
    "beat": 19,
    "source": "producer-private-sidebar",
    "started_at": "2026-03-24T06:27:30.390Z",
    "last_event_at": "2026-03-24T06:27:31.567Z",
    "listened_seconds": 3,
    "duration_seconds": 54,
    "completion_percent": 6,
    "is_completed": false,
    "is_skipped": true,
    "end_reason": "pause"
  }
},
{
  "model": "analytics_app.listeningsession",
  "pk": 24,
  "fields": {
    "user": [
      "sagar"
    ],
    "beat": 10,
    "source": "producer-private-sidebar",
    "started_at": "2026-03-24T06:27:35.194Z",
    "last_event_at": "2026-03-24T06:27:41.820Z",
    "listened_seconds": 6,
    "duration_seconds": 167,
    "completion_percent": 4,
    "is_completed": false,
    "is_skipped": true,
    "end_reason": "pause"
  }
},
{
  "model": "analytics_app.listeningsession",
  "pk": 25,
  "fields": {
    "user": [
      "sagar"
    ],
    "beat": 10,
    "source": "producer-private-sidebar",
    "started_at": "2026-03-24T06:27:45.796Z",
    "last_event_at": "2026-03-24T06:30:27.810Z",
    "listened_seconds": 167,
    "duration_seconds": 167,
    "completion_percent": 100,
    "is_completed": true,
    "is_skipped": false,
    "end_reason": "ended"
  }
},
{
  "model": "analytics_app.listeningsession",
  "pk": 26,
  "fields": {
    "user": [
      "sagar"
    ],
    "beat": 11,
    "source": "producer-public-profile",
    "started_at": "2026-03-24T06:52:13.355Z",
    "last_event_at": "2026-03-24T06:52:15.509Z",
    "listened_seconds": 1,
    "duration_seconds": 291,
    "completion_percent": 0,
    "is_completed": false,
    "is_skipped": true,
    "end_reason": "pause"
  }
},
{
  "model": "analytics_app.listeningsession",
  "pk": 27,
  "fields": {
    "user": [
      "sagar"
    ],
    "beat": 19,
    "source": "activity-browse",
    "started_at": "2026-03-24T06:53:59.891Z",
    "last_event_at": "2026-03-24T06:54:16.568Z",
    "listened_seconds": 16,
    "duration_seconds": 54,
    "completion_percent": 30,
    "is_completed": false,
    "is_skipped": true,
    "end_reason": "pause"
  }
},
{
  "model": "analytics_app.listeningsession",
  "pk": 28,
  "fields": {
    "user": [
      "sagar"
    ],
    "beat": 19,
    "source": "activity-browse",
    "started_at": "2026-03-24T06:54:17.839Z",
    "last_event_at": "2026-03-24T06:54:20.006Z",
    "listened_seconds": 19,
    "duration_seconds": 54,
    "completion_percent": 35,
    "is_completed": false,
    "is_skipped": true,
    "end_reason": "pause"
  }
},
{
  "model": "analytics_app.listeningsession",
  "pk": 29,
  "fields": {
    "user": [
      "sagar"
    ],
    "beat": 19,
    "source": "activity-browse",
    "started_at": "2026-03-24T06:55:23.937Z",
    "last_event_at": "2026-03-24T06:55:26.495Z",
    "listened_seconds": 22,
    "duration_seconds": 54,
    "completion_percent": 41,
    "is_completed": false,
    "is_skipped": true,
    "end_reason": "pause"
  }
},
{
  "model": "analytics_app.listeningsession",
  "pk": 30,
  "fields": {
    "user": [
      "sagar"
    ],
    "beat": 16,
    "source": "activity-browse",
    "started_at": "2026-03-24T07:02:03.275Z",
    "last_event_at": "2026-03-24T07:02:04.626Z",
    "listened_seconds": 1,
    "duration_seconds": 115,
    "completion_percent": 1,
    "is_completed": false,
    "is_skipped": true,
    "end_reason": "pause"
  }
},
{
  "model": "analytics_app.listeningsession",
  "pk": 31,
  "fields": {
    "user": [
      "sagar"
    ],
    "beat": 16,
    "source": "activity-browse",
    "started_at": "2026-03-24T07:02:07.016Z",
    "last_event_at": "2026-03-24T07:02:07.446Z",
    "listened_seconds": 2,
    "duration_seconds": 115,
    "completion_percent": 2,
    "is_completed": false,
    "is_skipped": true,
    "end_reason": "pause"
  }
},
{
  "model": "analytics_app.listeningsession",
  "pk": 32,
  "fields": {
    "user": [
      "sagar"
    ],
    "beat": 16,
    "source": "activity-browse",
    "started_at": "2026-03-24T07:02:10.416Z",
    "last_event_at": "2026-03-24T07:02:18.357Z",
    "listened_seconds": 10,
    "duration_seconds": 115,
    "completion_percent": 9,
    "is_completed": false,
    "is_skipped": true,
    "end_reason": "close"
  }
},
{
  "model": "analytics_app.listeningsession",
  "pk": 33,
  "fields": {
    "user": [
      "sagar"
    ],
    "beat": 16,
    "source": "related-tracks",
    "started_at": "2026-03-24T07:02:50.434Z",
    "last_event_at": "2026-03-24T07:02:52.558Z",
    "listened_seconds": 1,
    "duration_seconds": 115,
    "completion_percent": 1,
    "is_completed": false,
    "is_skipped": true,
    "end_reason": "pause"
  }
},
{
  "model": "analytics_app.listeningsession",
  "pk": 34,
  "fields": {
    "user": [
      "sagar"
    ],
    "beat": 16,
    "source": "related-tracks",
    "started_at": "2026-03-24T07:03:01.562Z",
    "last_event_at": "2026-03-24T07:03:02.600Z",
    "listened_seconds": 3,
    "duration_seconds": 115,
    "completion_percent": 3,
    "is_completed": false,
    "is_skipped": true,
    "end_reason": "pause"
  }
},
{
  "model": "analytics_app.listeningsession",
  "pk": 35,
  "fields": {
    "user": [
      "sagar"
    ],
    "beat": 16,
    "source": "related-tracks",
    "started_at": "2026-03-24T07:03:03.652Z",
    "last_event_at": "2026-03-24T07:03:04.484Z",
    "listened_seconds": 4,
    "duration_seconds": 115,
    "completion_percent": 3,
    "is_completed": false,
    "is_skipped": true,
    "end_reason": "pause"
  }
},
{
  "model": "analytics_app.listeningsession",
  "pk": 36,
  "fields": {
    "user": [
      "sagar"
    ],
    "beat": 16,
    "source": "related-tracks",
    "started_at": "2026-03-24T07:03:06.577Z",
    "last_event_at": "2026-03-24T07:03:07.554Z",
    "listened_seconds": 6,
    "duration_seconds": 115,
    "completion_percent": 5,
    "is_completed": false,
    "is_skipped": true,
    "end_reason": "pause"
  }
},
{
  "model": "analytics_app.listeningsession",
  "pk": 37,
  "fields": {
    "user": [
      "sagar"
    ],
    "beat": 19,
    "source": "producer-private-profile",
    "started_at": "2026-03-24T08:26:11.063Z",
    "last_event_at": "2026-03-24T08:26:12.697Z",
    "listened_seconds": 1,
    "duration_seconds": 54,
    "completion_percent": 2,
    "is_completed": false,
    "is_skipped": true,
    "end_reason": "switch"
  }
},
{
  "model": "analytics_app.listeningsession",
  "pk": 38,
  "fields": {
    "user": [
      "sagar"
    ],
    "beat": 11,
    "source": "producer-private-profile",
    "started_at": "2026-03-24T08:26:13.601Z",
    "last_event_at": "2026-03-24T08:26:14.186Z",
    "listened_seconds": 0,
    "duration_seconds": 291,
    "completion_percent": 0,
    "is_completed": false,
    "is_skipped": false,
    "end_reason": "switch"
  }
},
{
  "model": "analytics_app.listeningsession",
  "pk": 39,
  "fields": {
    "user": [
      "sagar"
    ],
    "beat": 10,
    "source": "producer-private-profile",
    "started_at": "2026-03-24T08:26:14.862Z",
    "last_event_at": "2026-03-24T08:26:16.869Z",
    "listened_seconds": 1,
    "duration_seconds": 167,
    "completion_percent": 1,
    "is_completed": false,
    "is_skipped": true,
    "end_reason": "pause"
  }
},
{
  "model": "analytics_app.listeningsession",
  "pk": 40,
  "fields": {
    "user": [
      "sagar"
    ],
    "beat": 9,
    "source": "producer-private-sidebar",
    "started_at": "2026-03-24T08:26:20.292Z",
    "last_event_at": "2026-03-24T08:26:25.144Z",
    "listened_seconds": 4,
    "duration_seconds": 162,
    "completion_percent": 2,
    "is_completed": false,
    "is_skipped": true,
    "end_reason": "pause"
  }
},
{
  "model": "analytics_app.listeningsession",
  "pk": 41,
  "fields": {
    "user": [
      "sagar"
    ],
    "beat": 10,
    "source": "global-player",
    "started_at": "2026-03-24T08:50:45.333Z",
    "last_event_at": "2026-03-24T08:51:00.312Z",
    "listened_seconds": 14,
    "duration_seconds": 167,
    "completion_percent": 8,
    "is_completed": false,
    "is_skipped": true,
    "end_reason": "pause"
  }
},
{
  "model": "analytics_app.listeningsession",
  "pk": 42,
  "fields": {
    "user": [
      "sagarthapagtasa"
    ],
    "beat": 10,
    "source": "activity-browse",
    "started_at": "2026-03-24T19:08:31.093Z",
    "last_event_at": "2026-03-24T19:08:55.797Z",
    "listened_seconds": 24,
    "duration_seconds": 167,
    "completion_percent": 14,
    "is_completed": false,
    "is_skipped": true,
    "end_reason": "switch"
  }
},
{
  "model": "analytics_app.listeningsession",
  "pk": 43,
  "fields": {
    "user": [
      "sagarthapagtasa"
    ],
    "beat": 18,
    "source": "activity-browse",
    "started_at": "2026-03-24T19:08:57.007Z",
    "last_event_at": "2026-03-24T19:09:54.498Z",
    "listened_seconds": 57,
    "duration_seconds": 62,
    "completion_percent": 92,
    "is_completed": true,
    "is_skipped": false,
    "end_reason": "switch"
  }
},
{
  "model": "analytics_app.listeningsession",
  "pk": 44,
  "fields": {
    "user": [
      "sagarthapagtasa"
    ],
    "beat": 13,
    "source": "activity-browse",
    "started_at": "2026-03-24T19:09:55.582Z",
    "last_event_at": "2026-03-24T19:10:31.887Z",
    "listened_seconds": 36,
    "duration_seconds": 103,
    "completion_percent": 35,
    "is_completed": false,
    "is_skipped": true,
    "end_reason": "switch"
  }
},
{
  "model": "analytics_app.listeningsession",
  "pk": 45,
  "fields": {
    "user": [
      "sagarthapagtasa"
    ],
    "beat": 14,
    "source": "global-player",
    "started_at": "2026-03-24T19:10:32.794Z",
    "last_event_at": "2026-03-24T19:10:40.457Z",
    "listened_seconds": 7,
    "duration_seconds": 49,
    "completion_percent": 14,
    "is_completed": false,
    "is_skipped": true,
    "end_reason": "switch"
  }
},
{
  "model": "analytics_app.listeningsession",
  "pk": 46,
  "fields": {
    "user": [
      "sagarthapagtasa"
    ],
    "beat": 15,
    "source": "global-player",
    "started_at": "2026-03-24T19:10:41.152Z",
    "last_event_at": "2026-03-24T19:11:05.364Z",
    "listened_seconds": 23,
    "duration_seconds": 55,
    "completion_percent": 42,
    "is_completed": false,
    "is_skipped": true,
    "end_reason": "close"
  }
},
{
  "model": "analytics_app.listeningsession",
  "pk": 47,
  "fields": {
    "user": [
      "sagarthapagtasa"
    ],
    "beat": 19,
    "source": "global-player",
    "started_at": "2026-03-24T19:11:08.718Z",
    "last_event_at": "2026-03-24T19:11:26.913Z",
    "listened_seconds": 18,
    "duration_seconds": 54,
    "completion_percent": 33,
    "is_completed": false,
    "is_skipped": true,
    "end_reason": "switch"
  }
},
{
  "model": "analytics_app.listeningsession",
  "pk": 48,
  "fields": {
    "user": [
      "sagarthapagtasa"
    ],
    "beat": 18,
    "source": "beat-detail-hero",
    "started_at": "2026-03-24T19:11:27.466Z",
    "last_event_at": "2026-03-24T19:11:32.123Z",
    "listened_seconds": 4,
    "duration_seconds": 62,
    "completion_percent": 6,
    "is_completed": false,
    "is_skipped": true,
    "end_reason": "switch"
  }
},
{
  "model": "analytics_app.listeningsession",
  "pk": 49,
  "fields": {
    "user": [
      "sagarthapagtasa"
    ],
    "beat": 13,
    "source": "related-tracks",
    "started_at": "2026-03-24T19:11:32.864Z",
    "last_event_at": "2026-03-24T19:11:56.477Z",
    "listened_seconds": 23,
    "duration_seconds": 103,
    "completion_percent": 22,
    "is_completed": false,
    "is_skipped": true,
    "end_reason": "switch"
  }
},
{
  "model": "analytics_app.listeningsession",
  "pk": 50,
  "fields": {
    "user": [
      "sagarthapagtasa"
    ],
    "beat": 18,
    "source": "activity-browse",
    "started_at": "2026-03-24T19:11:57.292Z",
    "last_event_at": "2026-03-24T19:12:03.570Z",
    "listened_seconds": 6,
    "duration_seconds": 62,
    "completion_percent": 10,
    "is_completed": false,
    "is_skipped": true,
    "end_reason": "switch"
  }
},
{
  "model": "analytics_app.listeningsession",
  "pk": 51,
  "fields": {
    "user": [
      "sagarthapagtasa"
    ],
    "beat": 13,
    "source": "activity-browse",
    "started_at": "2026-03-24T19:12:04.368Z",
    "last_event_at": "2026-03-24T19:15:53.724Z",
    "listened_seconds": 20,
    "duration_seconds": 103,
    "completion_percent": 19,
    "is_completed": false,
    "is_skipped": true,
    "end_reason": "pause"
  }
},
{
  "model": "analytics_app.listeningsession",
  "pk": 52,
  "fields": {
    "user": [
      "sagar"
    ],
    "beat": 18,
    "source": "beat-detail-hero",
    "started_at": "2026-03-26T19:00:46.562Z",
    "last_event_at": "2026-03-26T19:00:48.116Z",
    "listened_seconds": 1,
    "duration_seconds": 62,
    "completion_percent": 2,
    "is_completed": false,
    "is_skipped": true,
    "end_reason": "pause"
  }
},
{
  "model": "analytics_app.listeningsession",
  "pk": 53,
  "fields": {
    "user": [
      "sagar"
    ],
    "beat": 13,
    "source": "beat-detail-hero",
    "started_at": "2026-03-26T19:18:05.778Z",
    "last_event_at": "2026-03-26T19:18:15.649Z",
    "listened_seconds": 9,
    "duration_seconds": 103,
    "completion_percent": 9,
    "is_completed": false,
    "is_skipped": true,
    "end_reason": "pause"
  }
},
{
  "model": "analytics_app.listeningsession",
  "pk": 54,
  "fields": {
    "user": [
      "sagar"
    ],
    "beat": 13,
    "source": "beat-detail-hero",
    "started_at": "2026-03-26T19:18:17.885Z",
    "last_event_at": "2026-03-26T19:18:19.165Z",
    "listened_seconds": 11,
    "duration_seconds": 103,
    "completion_percent": 11,
    "is_completed": false,
    "is_skipped": true,
    "end_reason": "pause"
  }
},
{
  "model": "analytics_app.listeningsession",
  "pk": 55,
  "fields": {
    "user": [
      "sagarthapamagar977"
    ],
    "beat": 16,
    "source": "related-tracks",
    "started_at": "2026-03-26T19:19:58.426Z",
    "last_event_at": "2026-03-26T19:20:09.432Z",
    "listened_seconds": 10,
    "duration_seconds": 115,
    "completion_percent": 9,
    "is_completed": false,
    "is_skipped": true,
    "end_reason": "pause"
  }
},
{
  "model": "analytics_app.listeningsession",
  "pk": 56,
  "fields": {
    "user": [
      "sagarthapamagar977"
    ],
    "beat": 16,
    "source": "related-tracks",
    "started_at": "2026-03-26T19:20:12.895Z",
    "last_event_at": "2026-03-26T19:20:13.830Z",
    "listened_seconds": 12,
    "duration_seconds": 115,
    "completion_percent": 10,
    "is_completed": false,
    "is_skipped": true,
    "end_reason": "pause"
  }
},
{
  "model": "analytics_app.listeningsession",
  "pk": 57,
  "fields": {
    "user": [
      "sagar"
    ],
    "beat": 19,
    "source": "producer-private-profile",
    "started_at": "2026-03-26T19:32:21.363Z",
    "last_event_at": "2026-03-26T19:32:22.731Z",
    "listened_seconds": 0,
    "duration_seconds": 54,
    "completion_percent": 0,
    "is_completed": false,
    "is_skipped": false,
    "end_reason": "pause"
  }
},
{
  "model": "analytics_app.listeningsession",
  "pk": 58,
  "fields": {
    "user": [
      "sagar"
    ],
    "beat": 19,
    "source": "producer-private-profile",
    "started_at": "2026-03-26T19:32:24.334Z",
    "last_event_at": "2026-03-26T19:32:25.996Z",
    "listened_seconds": 3,
    "duration_seconds": 54,
    "completion_percent": 6,
    "is_completed": false,
    "is_skipped": true,
    "end_reason": "pause"
  }
},
{
  "model": "analytics_app.listeningsession",
  "pk": 59,
  "fields": {
    "user": [
      "sagar"
    ],
    "beat": 9,
    "source": "producer-private-profile",
    "started_at": "2026-03-26T19:34:26.725Z",
    "last_event_at": "2026-03-26T19:34:28.705Z",
    "listened_seconds": 1,
    "duration_seconds": 162,
    "completion_percent": 1,
    "is_completed": false,
    "is_skipped": true,
    "end_reason": "pause"
  }
},
{
  "model": "analytics_app.listeningsession",
  "pk": 60,
  "fields": {
    "user": [
      "sagar"
    ],
    "beat": 9,
    "source": "listen-later-playlist",
    "started_at": "2026-03-26T19:50:07.436Z",
    "last_event_at": "2026-03-26T19:50:09.500Z",
    "listened_seconds": 1,
    "duration_seconds": 162,
    "completion_percent": 1,
    "is_completed": false,
    "is_skipped": true,
    "end_reason": "switch"
  }
},
{
  "model": "analytics_app.listeningsession",
  "pk": 61,
  "fields": {
    "user": [
      "sagar"
    ],
    "beat": 11,
    "source": "listen-later-playlist",
    "started_at": "2026-03-26T19:50:10.239Z",
    "last_event_at": "2026-03-26T19:50:11.671Z",
    "listened_seconds": 1,
    "duration_seconds": 291,
    "completion_percent": 0,
    "is_completed": false,
    "is_skipped": true,
    "end_reason": "switch"
  }
},
{
  "model": "analytics_app.listeningsession",
  "pk": 62,
  "fields": {
    "user": [
      "sagar"
    ],
    "beat": 9,
    "source": "listen-later-playlist",
    "started_at": "2026-03-26T19:50:12.393Z",
    "last_event_at": "2026-03-26T19:50:15.589Z",
    "listened_seconds": 2,
    "duration_seconds": 162,
    "completion_percent": 1,
    "is_completed": false,
    "is_skipped": true,
    "end_reason": "pause"
  }
},
{
  "model": "analytics_app.listeningsession",
  "pk": 63,
  "fields": {
    "user": [
      "sagar"
    ],
    "beat": 11,
    "source": "producer-private-profile",
    "started_at": "2026-03-26T21:17:46.442Z",
    "last_event_at": "2026-03-26T21:22:44.092Z",
    "listened_seconds": 291,
    "duration_seconds": 291,
    "completion_percent": 100,
    "is_completed": true,
    "is_skipped": false,
    "end_reason": "ended"
  }
},
{
  "model": "analytics_app.listeningsession",
  "pk": 64,
  "fields": {
    "user": [
      "sagar"
    ],
    "beat": 19,
    "source": "activity-browse",
    "started_at": "2026-03-26T21:43:25.991Z",
    "last_event_at": "2026-03-26T21:43:27.553Z",
    "listened_seconds": 1,
    "duration_seconds": 54,
    "completion_percent": 2,
    "is_completed": false,
    "is_skipped": true,
    "end_reason": "pause"
  }
},
{
  "model": "analytics_app.listeningsession",
  "pk": 65,
  "fields": {
    "user": [
      "4093yoge"
    ],
    "beat": 6,
    "source": "related-tracks",
    "started_at": "2026-03-27T08:28:58.568Z",
    "last_event_at": "2026-03-27T08:29:01.431Z",
    "listened_seconds": 2,
    "duration_seconds": 162,
    "completion_percent": 1,
    "is_completed": false,
    "is_skipped": true,
    "end_reason": "pause"
  }
},
{
  "model": "analytics_app.listeningsession",
  "pk": 66,
  "fields": {
    "user": [
      "4093yoge"
    ],
    "beat": 17,
    "source": "beat-detail-hero",
    "started_at": "2026-03-27T08:44:06.148Z",
    "last_event_at": "2026-03-27T08:44:08.799Z",
    "listened_seconds": 2,
    "duration_seconds": 121,
    "completion_percent": 2,
    "is_completed": false,
    "is_skipped": true,
    "end_reason": "pause"
  }
},
{
  "model": "analytics_app.listeningsession",
  "pk": 67,
  "fields": {
    "user": [
      "freecodex100"
    ],
    "beat": 20,
    "source": "producer-private-profile",
    "started_at": "2026-03-27T08:51:44.391Z",
    "last_event_at": "2026-03-27T08:53:02.466Z",
    "listened_seconds": 77,
    "duration_seconds": 276,
    "completion_percent": 28,
    "is_completed": false,
    "is_skipped": true,
    "end_reason": "pause"
  }
},
{
  "model": "analytics_app.listeningsession",
  "pk": 68,
  "fields": {
    "user": [
      "sagar"
    ],
    "beat": 19,
    "source": "beat-detail-hero",
    "started_at": "2026-03-27T12:00:05.285Z",
    "last_event_at": "2026-03-27T12:00:05.285Z",
    "listened_seconds": 0,
    "duration_seconds": 0,
    "completion_percent": 0,
    "is_completed": false,
    "is_skipped": false,
    "end_reason": "unknown"
  }
},
{
  "model": "analytics_app.listeningsession",
  "pk": 69,
  "fields": {
    "user": [
      "sagar"
    ],
    "beat": 10,
    "source": "related-tracks",
    "started_at": "2026-03-27T12:00:15.071Z",
    "last_event_at": "2026-03-27T12:00:17.700Z",
    "listened_seconds": 2,
    "duration_seconds": 167,
    "completion_percent": 1,
    "is_completed": false,
    "is_skipped": true,
    "end_reason": "switch"
  }
},
{
  "model": "analytics_app.listeningsession",
  "pk": 70,
  "fields": {
    "user": [
      "sagar"
    ],
    "beat": 20,
    "source": "related-tracks",
    "started_at": "2026-03-27T12:00:18.520Z",
    "last_event_at": "2026-03-27T12:00:18.520Z",
    "listened_seconds": 0,
    "duration_seconds": 0,
    "completion_percent": 0,
    "is_completed": false,
    "is_skipped": false,
    "end_reason": "unknown"
  }
},
{
  "model": "analytics_app.listeningsession",
  "pk": 71,
  "fields": {
    "user": [
      "sagar"
    ],
    "beat": 11,
    "source": "beat-detail-hero",
    "started_at": "2026-03-27T12:03:34.496Z",
    "last_event_at": "2026-03-27T12:03:34.496Z",
    "listened_seconds": 0,
    "duration_seconds": 0,
    "completion_percent": 0,
    "is_completed": false,
    "is_skipped": false,
    "end_reason": "unknown"
  }
},
{
  "model": "analytics_app.listeningsession",
  "pk": 72,
  "fields": {
    "user": [
      "sagar"
    ],
    "beat": 11,
    "source": "beat-detail-hero",
    "started_at": "2026-03-27T12:03:56.914Z",
    "last_event_at": "2026-03-27T12:03:56.914Z",
    "listened_seconds": 0,
    "duration_seconds": 0,
    "completion_percent": 0,
    "is_completed": false,
    "is_skipped": false,
    "end_reason": "unknown"
  }
},
{
  "model": "analytics_app.listeningsession",
  "pk": 73,
  "fields": {
    "user": [
      "sagar"
    ],
    "beat": 18,
    "source": "activity-browse",
    "started_at": "2026-03-27T12:04:46.717Z",
    "last_event_at": "2026-03-27T12:04:46.717Z",
    "listened_seconds": 0,
    "duration_seconds": 0,
    "completion_percent": 0,
    "is_completed": false,
    "is_skipped": false,
    "end_reason": "unknown"
  }
},
{
  "model": "analytics_app.listeningsession",
  "pk": 74,
  "fields": {
    "user": [
      "sagar"
    ],
    "beat": 10,
    "source": "beat-detail-hero",
    "started_at": "2026-03-27T12:14:39.357Z",
    "last_event_at": "2026-03-27T12:14:41.912Z",
    "listened_seconds": 1,
    "duration_seconds": 167,
    "completion_percent": 1,
    "is_completed": false,
    "is_skipped": true,
    "end_reason": "pause"
  }
},
{
  "model": "analytics_app.listeningsession",
  "pk": 75,
  "fields": {
    "user": [
      "sagar"
    ],
    "beat": 10,
    "source": "beat-detail-hero",
    "started_at": "2026-03-27T12:14:44.033Z",
    "last_event_at": "2026-03-27T12:14:44.033Z",
    "listened_seconds": 0,
    "duration_seconds": 0,
    "completion_percent": 0,
    "is_completed": false,
    "is_skipped": false,
    "end_reason": "unknown"
  }
},
{
  "model": "analytics_app.listeningsession",
  "pk": 76,
  "fields": {
    "user": [
      "sagar"
    ],
    "beat": 13,
    "source": "audio-assets",
    "started_at": "2026-03-27T15:32:06.443Z",
    "last_event_at": "2026-03-27T15:32:14.686Z",
    "listened_seconds": 7,
    "duration_seconds": 103,
    "completion_percent": 7,
    "is_completed": false,
    "is_skipped": true,
    "end_reason": "switch"
  }
},
{
  "model": "analytics_app.listeningsession",
  "pk": 77,
  "fields": {
    "user": [
      "sagar"
    ],
    "beat": 19,
    "source": "audio-assets",
    "started_at": "2026-03-27T15:32:15.975Z",
    "last_event_at": "2026-03-27T15:32:37.960Z",
    "listened_seconds": 21,
    "duration_seconds": 54,
    "completion_percent": 39,
    "is_completed": false,
    "is_skipped": true,
    "end_reason": "close"
  }
},
{
  "model": "analytics_app.listeningsession",
  "pk": 78,
  "fields": {
    "user": [
      "sagar"
    ],
    "beat": 13,
    "source": "beat-detail-hero",
    "started_at": "2026-03-27T15:32:45.664Z",
    "last_event_at": "2026-03-27T15:33:12.635Z",
    "listened_seconds": 25,
    "duration_seconds": 103,
    "completion_percent": 24,
    "is_completed": false,
    "is_skipped": true,
    "end_reason": "pause"
  }
},
{
  "model": "analytics_app.listeningsession",
  "pk": 79,
  "fields": {
    "user": [
      "sagarthapamagar977"
    ],
    "beat": 20,
    "source": "activity-browse",
    "started_at": "2026-03-27T15:32:58.193Z",
    "last_event_at": "2026-03-27T15:33:04.596Z",
    "listened_seconds": 5,
    "duration_seconds": 276,
    "completion_percent": 2,
    "is_completed": false,
    "is_skipped": true,
    "end_reason": "pause"
  }
},
{
  "model": "analytics_app.listeningsession",
  "pk": 80,
  "fields": {
    "user": [
      "sagar"
    ],
    "beat": 13,
    "source": "beat-detail-hero",
    "started_at": "2026-03-27T15:33:14.515Z",
    "last_event_at": "2026-03-27T15:33:15.105Z",
    "listened_seconds": 27,
    "duration_seconds": 103,
    "completion_percent": 26,
    "is_completed": false,
    "is_skipped": true,
    "end_reason": "pause"
  }
},
{
  "model": "analytics_app.listeningsession",
  "pk": 81,
  "fields": {
    "user": [
      "sagar"
    ],
    "beat": 13,
    "source": "audio-assets",
    "started_at": "2026-03-27T15:33:24.860Z",
    "last_event_at": "2026-03-27T15:33:53.061Z",
    "listened_seconds": 27,
    "duration_seconds": 103,
    "completion_percent": 26,
    "is_completed": false,
    "is_skipped": true,
    "end_reason": "pause"
  }
},
{
  "model": "analytics_app.listeningsession",
  "pk": 82,
  "fields": {
    "user": [
      "sagar"
    ],
    "beat": 19,
    "source": "audio-assets",
    "started_at": "2026-03-27T15:33:54.317Z",
    "last_event_at": "2026-03-27T15:33:56.817Z",
    "listened_seconds": 2,
    "duration_seconds": 54,
    "completion_percent": 4,
    "is_completed": false,
    "is_skipped": true,
    "end_reason": "pause"
  }
},
{
  "model": "analytics_app.listeningsession",
  "pk": 83,
  "fields": {
    "user": [
      "sagar"
    ],
    "beat": 19,
    "source": "producer-private-profile",
    "started_at": "2026-03-27T16:43:07.027Z",
    "last_event_at": "2026-03-27T16:43:10.122Z",
    "listened_seconds": 0,
    "duration_seconds": 54,
    "completion_percent": 0,
    "is_completed": false,
    "is_skipped": false,
    "end_reason": "pause"
  }
},
{
  "model": "analytics_app.listeningsession",
  "pk": 84,
  "fields": {
    "user": [
      "sagar"
    ],
    "beat": 19,
    "source": "activity-browse",
    "started_at": "2026-03-27T16:51:05.371Z",
    "last_event_at": "2026-03-27T16:51:07.861Z",
    "listened_seconds": 1,
    "duration_seconds": 54,
    "completion_percent": 2,
    "is_completed": false,
    "is_skipped": true,
    "end_reason": "pause"
  }
},
{
  "model": "analytics_app.listeningsession",
  "pk": 85,
  "fields": {
    "user": [
      "sagar"
    ],
    "beat": 10,
    "source": "producer-private-profile",
    "started_at": "2026-03-27T16:52:27.320Z",
    "last_event_at": "2026-03-27T16:52:34.002Z",
    "listened_seconds": 6,
    "duration_seconds": 167,
    "completion_percent": 4,
    "is_completed": false,
    "is_skipped": true,
    "end_reason": "pause"
  }
},
{
  "model": "analytics_app.listeningsession",
  "pk": 86,
  "fields": {
    "user": [
      "sagar"
    ],
    "beat": 13,
    "source": "activity-browse",
    "started_at": "2026-03-27T17:06:12.690Z",
    "last_event_at": "2026-03-27T17:06:15.231Z",
    "listened_seconds": 2,
    "duration_seconds": 103,
    "completion_percent": 2,
    "is_completed": false,
    "is_skipped": true,
    "end_reason": "switch"
  }
},
{
  "model": "analytics_app.listeningsession",
  "pk": 87,
  "fields": {
    "user": [
      "sagar"
    ],
    "beat": 19,
    "source": "activity-browse",
    "started_at": "2026-03-27T17:06:16.032Z",
    "last_event_at": "2026-03-27T17:06:17.581Z",
    "listened_seconds": 1,
    "duration_seconds": 54,
    "completion_percent": 2,
    "is_completed": false,
    "is_skipped": true,
    "end_reason": "switch"
  }
},
{
  "model": "analytics_app.listeningsession",
  "pk": 88,
  "fields": {
    "user": [
      "sagar"
    ],
    "beat": 18,
    "source": "activity-browse",
    "started_at": "2026-03-27T17:06:18.438Z",
    "last_event_at": "2026-03-27T17:06:22.841Z",
    "listened_seconds": 4,
    "duration_seconds": 62,
    "completion_percent": 6,
    "is_completed": false,
    "is_skipped": true,
    "end_reason": "switch"
  }
},
{
  "model": "analytics_app.listeningsession",
  "pk": 89,
  "fields": {
    "user": [
      "sagar"
    ],
    "beat": 17,
    "source": "activity-browse",
    "started_at": "2026-03-27T17:06:23.656Z",
    "last_event_at": "2026-03-27T17:06:27.546Z",
    "listened_seconds": 3,
    "duration_seconds": 121,
    "completion_percent": 2,
    "is_completed": false,
    "is_skipped": true,
    "end_reason": "pause"
  }
},
{
  "model": "analytics_app.listeningsession",
  "pk": 90,
  "fields": {
    "user": [
      "sagar"
    ],
    "beat": 18,
    "source": "activity-browse",
    "started_at": "2026-03-27T17:06:35.822Z",
    "last_event_at": "2026-03-27T17:06:39.517Z",
    "listened_seconds": 3,
    "duration_seconds": 62,
    "completion_percent": 5,
    "is_completed": false,
    "is_skipped": true,
    "end_reason": "pause"
  }
},
{
  "model": "analytics_app.listeningsession",
  "pk": 91,
  "fields": {
    "user": [
      "sagar"
    ],
    "beat": 18,
    "source": "global-player",
    "started_at": "2026-03-27T17:06:52.285Z",
    "last_event_at": "2026-03-27T17:06:55.323Z",
    "listened_seconds": 2,
    "duration_seconds": 62,
    "completion_percent": 3,
    "is_completed": false,
    "is_skipped": true,
    "end_reason": "pause"
  }
},
{
  "model": "analytics_app.listeningsession",
  "pk": 92,
  "fields": {
    "user": [
      "sagar"
    ],
    "beat": 19,
    "source": "playlist-1",
    "started_at": "2026-03-27T17:09:24.458Z",
    "last_event_at": "2026-03-27T17:09:25.422Z",
    "listened_seconds": 0,
    "duration_seconds": 54,
    "completion_percent": 0,
    "is_completed": false,
    "is_skipped": false,
    "end_reason": "pause"
  }
},
{
  "model": "analytics_app.listeningsession",
  "pk": 93,
  "fields": {
    "user": [
      "sagar"
    ],
    "beat": 10,
    "source": "producer-private-profile",
    "started_at": "2026-03-27T18:01:28.809Z",
    "last_event_at": "2026-03-27T18:01:29.923Z",
    "listened_seconds": 0,
    "duration_seconds": 167,
    "completion_percent": 0,
    "is_completed": false,
    "is_skipped": false,
    "end_reason": "pause"
  }
},
{
  "model": "analytics_app.listeningsession",
  "pk": 94,
  "fields": {
    "user": [
      "sagar"
    ],
    "beat": 18,
    "source": "beat-detail-hero",
    "started_at": "2026-03-27T19:00:51.745Z",
    "last_event_at": "2026-03-27T19:01:54.423Z",
    "listened_seconds": 61,
    "duration_seconds": 62,
    "completion_percent": 98,
    "is_completed": true,
    "is_skipped": false,
    "end_reason": "switch"
  }
},
{
  "model": "analytics_app.listeningsession",
  "pk": 95,
  "fields": {
    "user": [
      "sagar"
    ],
    "beat": 17,
    "source": "beat-detail-hero",
    "started_at": "2026-03-27T19:01:56.177Z",
    "last_event_at": "2026-03-27T19:01:56.177Z",
    "listened_seconds": 0,
    "duration_seconds": 0,
    "completion_percent": 0,
    "is_completed": false,
    "is_skipped": false,
    "end_reason": "unknown"
  }
},
{
  "model": "analytics_app.listeningsession",
  "pk": 96,
  "fields": {
    "user": [
      "sagarthapagtasa"
    ],
    "beat": 20,
    "source": "beat-detail-hero",
    "started_at": "2026-03-27T20:55:37.336Z",
    "last_event_at": "2026-03-27T20:58:28.380Z",
    "listened_seconds": 170,
    "duration_seconds": 276,
    "completion_percent": 62,
    "is_completed": false,
    "is_skipped": true,
    "end_reason": "pause"
  }
},
{
  "model": "analytics_app.listeningsession",
  "pk": 97,
  "fields": {
    "user": [
      "sagarthapagtasa"
    ],
    "beat": 20,
    "source": "beat-detail-hero",
    "started_at": "2026-03-27T20:58:29.355Z",
    "last_event_at": "2026-03-27T20:58:33.284Z",
    "listened_seconds": 172,
    "duration_seconds": 276,
    "completion_percent": 62,
    "is_completed": false,
    "is_skipped": true,
    "end_reason": "pause"
  }
},
{
  "model": "analytics_app.listeningsession",
  "pk": 98,
  "fields": {
    "user": [
      "sagarthapagtasa"
    ],
    "beat": 18,
    "source": "related-tracks",
    "started_at": "2026-03-27T21:06:10.087Z",
    "last_event_at": "2026-03-27T21:06:11.813Z",
    "listened_seconds": 0,
    "duration_seconds": 62,
    "completion_percent": 0,
    "is_completed": false,
    "is_skipped": false,
    "end_reason": "pause"
  }
},
{
  "model": "analytics_app.listeningsession",
  "pk": 99,
  "fields": {
    "user": [
      "sagarthapagtasa"
    ],
    "beat": 11,
    "source": "global-player",
    "started_at": "2026-03-28T03:00:40.769Z",
    "last_event_at": "2026-03-28T03:00:42.811Z",
    "listened_seconds": 1,
    "duration_seconds": 291,
    "completion_percent": 0,
    "is_completed": false,
    "is_skipped": true,
    "end_reason": "pause"
  }
},
{
  "model": "analytics_app.listeningsession",
  "pk": 100,
  "fields": {
    "user": [
      "sagar"
    ],
    "beat": 17,
    "source": "beat-detail-hero",
    "started_at": "2026-03-28T06:10:53.136Z",
    "last_event_at": "2026-03-28T06:10:54.488Z",
    "listened_seconds": 1,
    "duration_seconds": 121,
    "completion_percent": 1,
    "is_completed": false,
    "is_skipped": true,
    "end_reason": "pause"
  }
},
{
  "model": "analytics_app.usertasteprofile",
  "pk": 1,
  "fields": {
    "user": [
      "kccmca2024"
    ],
    "favorite_genres": [],
    "favorite_moods": [],
    "favorite_instruments": [],
    "favorite_producer_ids": [],
    "liked_genres": [],
    "bpm_min": 0,
    "bpm_max": 0,
    "bpm_average": 0,
    "today_snapshot": {
      "favorite_genres": [],
      "favorite_moods": [],
      "favorite_instruments": [],
      "favorite_producer_ids": [],
      "bpm_min": 0,
      "bpm_max": 0,
      "bpm_average": 0,
      "window_hours": 24
    },
    "updated_at": "2026-03-23T07:18:36.869Z"
  }
},
{
  "model": "analytics_app.usertasteprofile",
  "pk": 2,
  "fields": {
    "user": [
      "lafasworld"
    ],
    "favorite_genres": [],
    "favorite_moods": [],
    "favorite_instruments": [],
    "favorite_producer_ids": [],
    "liked_genres": [],
    "bpm_min": 0,
    "bpm_max": 0,
    "bpm_average": 0,
    "today_snapshot": {
      "favorite_genres": [],
      "favorite_moods": [],
      "favorite_instruments": [],
      "favorite_producer_ids": [],
      "bpm_min": 0,
      "bpm_max": 0,
      "bpm_average": 0,
      "window_hours": 24
    },
    "updated_at": "2026-03-23T21:03:06.346Z"
  }
},
{
  "model": "analytics_app.usertasteprofile",
  "pk": 3,
  "fields": {
    "user": [
      "sagar"
    ],
    "favorite_genres": [
      "Acoustic",
      "Indie",
      "Afro",
      "Folk",
      "Jazz Rap"
    ],
    "favorite_moods": [
      "Thoughtful",
      "Bright",
      "Reassuring",
      "Cheerful",
      "Complex"
    ],
    "favorite_instruments": [
      "Pena",
      "Pan Flute",
      "Pulluvan Kutam",
      "Piano",
      "Brass"
    ],
    "favorite_producer_ids": [
      1,
      6
    ],
    "liked_genres": [
      "Afro",
      "Indie",
      "Acoustic",
      "Ambient",
      "West Coast"
    ],
    "bpm_min": 76,
    "bpm_max": 160,
    "bpm_average": 93,
    "today_snapshot": {
      "favorite_genres": [
        "Acoustic",
        "Indie"
      ],
      "favorite_moods": [
        "Cheerful",
        "Complex",
        "Reassuring",
        "Thoughtful"
      ],
      "favorite_instruments": [
        "Acoustic Guitar",
        "Brass",
        "Piano",
        "Pena",
        "Pan Flute"
      ],
      "favorite_producer_ids": [
        6,
        1
      ],
      "bpm_min": 76,
      "bpm_max": 98,
      "bpm_average": 86,
      "window_hours": 24
    },
    "updated_at": "2026-03-28T09:12:14.328Z"
  }
},
{
  "model": "analytics_app.usertasteprofile",
  "pk": 4,
  "fields": {
    "user": [
      "sagarthapagtasa"
    ],
    "favorite_genres": [
      "Acoustic",
      "Hip Hop",
      "Ambient",
      "Indie",
      "R&B"
    ],
    "favorite_moods": [
      "Bright",
      "Cheerful",
      "Complex",
      "Reassuring",
      "Thoughtful"
    ],
    "favorite_instruments": [
      "Piano",
      "Acoustic Guitar",
      "Brass",
      "Pena",
      "Pan Flute"
    ],
    "favorite_producer_ids": [
      6,
      13,
      1
    ],
    "liked_genres": [
      "Hip Hop"
    ],
    "bpm_min": 76,
    "bpm_max": 98,
    "bpm_average": 87,
    "today_snapshot": {
      "favorite_genres": [
        "Hip Hop"
      ],
      "favorite_moods": [
        "Bright"
      ],
      "favorite_instruments": [
        "Piano"
      ],
      "favorite_producer_ids": [
        13
      ],
      "bpm_min": 88,
      "bpm_max": 88,
      "bpm_average": 88,
      "window_hours": 24
    },
    "updated_at": "2026-03-28T09:12:06.234Z"
  }
},
{
  "model": "analytics_app.usertasteprofile",
  "pk": 5,
  "fields": {
    "user": [
      "sagarthapamagar977"
    ],
    "favorite_genres": [
      "Acoustic"
    ],
    "favorite_moods": [
      "Complex",
      "Cheerful"
    ],
    "favorite_instruments": [
      "Brass",
      "Acoustic Guitar"
    ],
    "favorite_producer_ids": [
      6
    ],
    "liked_genres": [],
    "bpm_min": 85,
    "bpm_max": 85,
    "bpm_average": 85,
    "today_snapshot": {
      "favorite_genres": [],
      "favorite_moods": [],
      "favorite_instruments": [],
      "favorite_producer_ids": [],
      "bpm_min": 0,
      "bpm_max": 0,
      "bpm_average": 0,
      "window_hours": 24
    },
    "updated_at": "2026-03-27T16:36:44.081Z"
  }
},
{
  "model": "analytics_app.usertasteprofile",
  "pk": 6,
  "fields": {
    "user": [
      "sapsshiva"
    ],
    "favorite_genres": [],
    "favorite_moods": [],
    "favorite_instruments": [],
    "favorite_producer_ids": [],
    "liked_genres": [],
    "bpm_min": 0,
    "bpm_max": 0,
    "bpm_average": 0,
    "today_snapshot": {
      "favorite_genres": [],
      "favorite_moods": [],
      "favorite_instruments": [],
      "favorite_producer_ids": [],
      "bpm_min": 0,
      "bpm_max": 0,
      "bpm_average": 0,
      "window_hours": 24
    },
    "updated_at": "2026-03-24T08:04:14.135Z"
  }
},
{
  "model": "analytics_app.usertasteprofile",
  "pk": 7,
  "fields": {
    "user": [
      "4093yoge"
    ],
    "favorite_genres": [
      "Indie",
      "Jazz Rap"
    ],
    "favorite_moods": [
      "Thoughtful",
      "Scary",
      "Smooth",
      "Angry"
    ],
    "favorite_instruments": [
      "Pena",
      "Pan Flute",
      "Pulluvan Kutam",
      "Balalaika",
      "Bagpipes"
    ],
    "favorite_producer_ids": [
      1
    ],
    "liked_genres": [
      "Indie",
      "Jazz Rap"
    ],
    "bpm_min": 98,
    "bpm_max": 98,
    "bpm_average": 98,
    "today_snapshot": {
      "favorite_genres": [],
      "favorite_moods": [],
      "favorite_instruments": [],
      "favorite_producer_ids": [],
      "bpm_min": 0,
      "bpm_max": 0,
      "bpm_average": 0,
      "window_hours": 24
    },
    "updated_at": "2026-03-27T08:44:09.004Z"
  }
},
{
  "model": "analytics_app.usertasteprofile",
  "pk": 8,
  "fields": {
    "user": [
      "freecodex100"
    ],
    "favorite_genres": [
      "Hip Hop"
    ],
    "favorite_moods": [
      "Bright"
    ],
    "favorite_instruments": [
      "Piano"
    ],
    "favorite_producer_ids": [
      13
    ],
    "liked_genres": [],
    "bpm_min": 88,
    "bpm_max": 88,
    "bpm_average": 88,
    "today_snapshot": {
      "favorite_genres": [
        "Hip Hop"
      ],
      "favorite_moods": [
        "Bright"
      ],
      "favorite_instruments": [
        "Piano"
      ],
      "favorite_producer_ids": [
        13
      ],
      "bpm_min": 88,
      "bpm_max": 88,
      "bpm_average": 88,
      "window_hours": 24
    },
    "updated_at": "2026-03-27T14:31:23.893Z"
  }
},
{
  "model": "analytics_app.activitydrop",
  "pk": 6,
  "fields": {
    "producer": [
      "sagar"
    ],
    "beat": 6,
    "message": "New beat drop: dril",
    "created_at": "2026-03-19T18:51:06.589Z"
  }
},
{
  "model": "analytics_app.activitydrop",
  "pk": 9,
  "fields": {
    "producer": [
      "sagar"
    ],
    "beat": 9,
    "message": "New beat drop: love me",
    "created_at": "2026-03-19T19:47:28.513Z"
  }
},
{
  "model": "analytics_app.activitydrop",
  "pk": 10,
  "fields": {
    "producer": [
      "sagar"
    ],
    "beat": 10,
    "message": "New beat drop: uzi shots",
    "created_at": "2026-03-19T21:18:22.371Z"
  }
},
{
  "model": "analytics_app.activitydrop",
  "pk": 11,
  "fields": {
    "producer": [
      "sagar"
    ],
    "beat": 11,
    "message": "New beat drop: Hills Echoes",
    "created_at": "2026-03-19T21:41:45.653Z"
  }
},
{
  "model": "analytics_app.activitydrop",
  "pk": 12,
  "fields": {
    "producer": [
      "lashang"
    ],
    "beat": 12,
    "message": "New beat drop: afro baby",
    "created_at": "2026-03-20T09:04:15.965Z"
  }
},
{
  "model": "analytics_app.activitydrop",
  "pk": 13,
  "fields": {
    "producer": [
      "lashang"
    ],
    "beat": 13,
    "message": "New beat drop: ktm vibes",
    "created_at": "2026-03-20T09:12:30.069Z"
  }
},
{
  "model": "analytics_app.activitydrop",
  "pk": 14,
  "fields": {
    "producer": [
      "lashang"
    ],
    "beat": 14,
    "message": "New beat drop: ktm grime",
    "created_at": "2026-03-20T15:43:25.993Z"
  }
},
{
  "model": "analytics_app.activitydrop",
  "pk": 15,
  "fields": {
    "producer": [
      "lashang"
    ],
    "beat": 15,
    "message": "New beat drop: valley RNB",
    "created_at": "2026-03-20T16:08:03.345Z"
  }
},
{
  "model": "analytics_app.activitydrop",
  "pk": 16,
  "fields": {
    "producer": [
      "lashang"
    ],
    "beat": 16,
    "message": "New beat drop: high times",
    "created_at": "2026-03-20T16:21:41.941Z"
  }
},
{
  "model": "analytics_app.activitydrop",
  "pk": 17,
  "fields": {
    "producer": [
      "lashang"
    ],
    "beat": 17,
    "message": "New beat drop: up in the sky",
    "created_at": "2026-03-20T16:23:27.640Z"
  }
},
{
  "model": "analytics_app.activitydrop",
  "pk": 18,
  "fields": {
    "producer": [
      "lashang"
    ],
    "beat": 18,
    "message": "New beat drop: cyclone",
    "created_at": "2026-03-20T16:28:12.289Z"
  }
},
{
  "model": "analytics_app.activitydrop",
  "pk": 19,
  "fields": {
    "producer": [
      "sagar"
    ],
    "beat": 19,
    "message": "New beat drop: 1974 AD",
    "created_at": "2026-03-21T17:34:52.727Z"
  }
},
{
  "model": "analytics_app.activitydrop",
  "pk": 20,
  "fields": {
    "producer": [
      "freecodex100"
    ],
    "beat": 20,
    "message": "New beat drop: yeti chokho neplai sampled beat",
    "created_at": "2026-03-27T08:51:10.217Z"
  }
},
{
  "model": "analytics_app.activitydrop",
  "pk": 21,
  "fields": {
    "producer": [
      "sagar"
    ],
    "beat": 21,
    "message": "New beat drop: afro beat neapli",
    "created_at": "2026-03-28T06:08:47.445Z"
  }
},
{
  "model": "resources_app.resourcearticle",
  "pk": 1,
  "fields": {
    "category": "blog",
    "title": "How to Master Beat Production in FL Studio: A Beginner’s Guide",
    "slug": "mastering-beat-production-fl-studio-guide",
    "summary": "An essential guide for aspiring producers on setting up their first project, creating patterns, and mixing professional-grade beats within FL Studio.",
    "content": "Whether you're looking to produce Hip-Hop, EDM, or Lo-Fi, FL Studio remains one of the most powerful Digital Audio Workstations (DAWs) for beat makers. Here is a step-by-step breakdown to get your production started:\r\n\r\nStep 1: Setting Your BPM and Scale\r\nBefore you touch a single drum, set your project's tempo. For modern trap beats, aim for 140–160 BPM. Select a scale in the Piano Roll to ensure your melodies stay in key.\r\n\r\nStep 2: Building the Foundation (The Channel Rack)\r\nThe heart of FL Studio is the Channel Rack.\r\n\r\nLoad up a high-quality Kick, Snare, and Hi-hat.\r\n\r\nUse the Step Sequencer to create a basic rhythm.\r\n\r\nPro Tip: Shift your claps slightly off-grid to give the beat a more \"human\" feel.\r\n\r\nStep 3: Creating Melodies with the Piano Roll\r\nThe Piano Roll is where FL Studio shines. Using plugins like Serum, Omnisphere, or the native FLEX, draw out your chords and top-line melodies. Focus on catchy, repetitive loops that leave space for a vocalist.\r\n\r\nStep 4: Arranging in the Playlist\r\nDon't let your beat stay a 4-bar loop. Use the Playlist to paint your song structure:\r\n\r\nIntro (8 bars)\r\n\r\nHook/Chorus (8-16 bars)\r\n\r\nVerse (16 bars)\r\n\r\nOutro (8 bars)\r\n\r\nStep 5: Mixing for Punch\r\nRoute your sounds to the Mixer. Use Parametric EQ 2 to cut out the low-end mud (below 200Hz) from your melodies so your 808 and Kick have room to breathe.\r\n\r\nConclusion\r\nConsistency is key. The more time you spend inside the \"Fruit,\" the more natural the workflow becomes.",
    "is_published": true,
    "published_at": "2026-03-27T20:42:05.366Z",
    "updated_at": "2026-03-27T20:42:07.716Z"
  }
},
{
  "model": "admin.logentry",
  "pk": 1,
  "fields": {
    "action_time": "2026-03-19T19:45:52.204Z",
    "user": [
      "sagar"
    ],
    "content_type": [
      "beats",
      "beat"
    ],
    "object_id": "8",
    "object_repr": "gu (sagar)",
    "action_flag": 3,
    "change_message": ""
  }
},
{
  "model": "admin.logentry",
  "pk": 2,
  "fields": {
    "action_time": "2026-03-19T19:45:52.204Z",
    "user": [
      "sagar"
    ],
    "content_type": [
      "beats",
      "beat"
    ],
    "object_id": "7",
    "object_repr": "study with me (sagar)",
    "action_flag": 3,
    "change_message": ""
  }
},
{
  "model": "admin.logentry",
  "pk": 3,
  "fields": {
    "action_time": "2026-03-19T19:45:52.204Z",
    "user": [
      "sagar"
    ],
    "content_type": [
      "beats",
      "beat"
    ],
    "object_id": "5",
    "object_repr": "boom bap (sagar)",
    "action_flag": 3,
    "change_message": ""
  }
},
{
  "model": "admin.logentry",
  "pk": 4,
  "fields": {
    "action_time": "2026-03-19T19:45:52.204Z",
    "user": [
      "sagar"
    ],
    "content_type": [
      "beats",
      "beat"
    ],
    "object_id": "4",
    "object_repr": "fdvfd (sagar)",
    "action_flag": 3,
    "change_message": ""
  }
},
{
  "model": "admin.logentry",
  "pk": 5,
  "fields": {
    "action_time": "2026-03-19T19:45:52.204Z",
    "user": [
      "sagar"
    ],
    "content_type": [
      "beats",
      "beat"
    ],
    "object_id": "3",
    "object_repr": "sss (sagar)",
    "action_flag": 3,
    "change_message": ""
  }
},
{
  "model": "admin.logentry",
  "pk": 6,
  "fields": {
    "action_time": "2026-03-19T19:45:52.204Z",
    "user": [
      "sagar"
    ],
    "content_type": [
      "beats",
      "beat"
    ],
    "object_id": "2",
    "object_repr": "trap uzi (sagar)",
    "action_flag": 3,
    "change_message": ""
  }
},
{
  "model": "admin.logentry",
  "pk": 7,
  "fields": {
    "action_time": "2026-03-19T19:45:52.204Z",
    "user": [
      "sagar"
    ],
    "content_type": [
      "beats",
      "beat"
    ],
    "object_id": "1",
    "object_repr": "boom bap (sagar)",
    "action_flag": 3,
    "change_message": ""
  }
},
{
  "model": "admin.logentry",
  "pk": 8,
  "fields": {
    "action_time": "2026-03-20T15:44:55.288Z",
    "user": [
      "sagar"
    ],
    "content_type": [
      "beats",
      "beat"
    ],
    "object_id": "14",
    "object_repr": "ktm grime (lashang)",
    "action_flag": 2,
    "change_message": "[{\"changed\": {\"fields\": [\"Audio file obj\"]}}]"
  }
},
{
  "model": "admin.logentry",
  "pk": 9,
  "fields": {
    "action_time": "2026-03-20T16:25:16.016Z",
    "user": [
      "sagar"
    ],
    "content_type": [
      "beats",
      "beat"
    ],
    "object_id": "16",
    "object_repr": "high times (lashang)",
    "action_flag": 2,
    "change_message": "[{\"changed\": {\"fields\": [\"Cover art obj\"]}}]"
  }
},
{
  "model": "admin.logentry",
  "pk": 10,
  "fields": {
    "action_time": "2026-03-20T16:25:39.883Z",
    "user": [
      "sagar"
    ],
    "content_type": [
      "beats",
      "beat"
    ],
    "object_id": "15",
    "object_repr": "valley RNB (lashang)",
    "action_flag": 2,
    "change_message": "[{\"changed\": {\"fields\": [\"Preview audio obj\"]}}]"
  }
},
{
  "model": "admin.logentry",
  "pk": 11,
  "fields": {
    "action_time": "2026-03-20T16:26:08.291Z",
    "user": [
      "sagar"
    ],
    "content_type": [
      "beats",
      "beat"
    ],
    "object_id": "13",
    "object_repr": "ktm vibes (lashang)",
    "action_flag": 2,
    "change_message": "[{\"changed\": {\"fields\": [\"Preview audio obj\"]}}]"
  }
},
{
  "model": "admin.logentry",
  "pk": 12,
  "fields": {
    "action_time": "2026-03-27T20:42:05.374Z",
    "user": [
      "sagar"
    ],
    "content_type": [
      "resources_app",
      "resourcearticle"
    ],
    "object_id": "1",
    "object_repr": "How to Master Beat Production in FL Studio: A Beginner’s Guide",
    "action_flag": 1,
    "change_message": "[{\"added\": {}}]"
  }
},
{
  "model": "admin.logentry",
  "pk": 13,
  "fields": {
    "action_time": "2026-03-27T20:42:07.719Z",
    "user": [
      "sagar"
    ],
    "content_type": [
      "resources_app",
      "resourcearticle"
    ],
    "object_id": "1",
    "object_repr": "How to Master Beat Production in FL Studio: A Beginner’s Guide",
    "action_flag": 2,
    "change_message": "[]"
  }
}
]
